,PageRank,Centrality,Betweenness,Radiality,Clustering Coefficient,Local Efficiency,Node Degrees
PIDC,0.12,0.055162062624539064,0.11076923076923079,-0.017462186344346535,0.2560343699944316,0.15129932907834737,0.055162062624539064
GRNBOOST2,-0.016153846153846154,0.024872729314706313,-0.06461538461538462,-0.08138644710169265,-0.018157250517421765,0.11465949290434294,0.024872729314706313
PPCOR,0.13153846153846155,0.19424349724080692,0.08153846153846152,0.1842361574623241,0.08293061514430025,0.19392075309996257,0.19424349724080692
SINCERITIES,0.3270276224297043,0.391478376349111,0.25570776860194966,0.30733755275404234,0.4583979153544094,0.050696257615317666,0.391478376349111
