,Clustering Coefficient,Assortativity,In Centralization
GRNBOOST2,0.5176177074239271,0.13635362399389903,0.1736111111111111
SINCERITIES,0.17708025308025305,-0.016516053292120202,0.390625
ground truth,0.1879993619238902,-0.037509904754099314,0.1736111111111111
