,Clustering Coefficient,Global Efficiency,Local Efficiency,Shortest Path Length,Assortativity,Centralization
PIDC,0.18356465756465762,-0.013055555555555487,0.1688255448255448,0.08333333333333326,-0.043443436149760206,0.04528985507246375
GRNBOOST2,0.18477344877344887,-0.013055555555555487,0.15526575276575283,0.07999999999999985,0.1030136890750818,-0.045289855072463775
PPCOR,0.07020202020202027,-0.006666666666666599,0.03881625781625786,0.039999999999999813,0.060445376899383375,0.0
SINCERITIES,-0.012262839012838977,0.022028985507246523,-0.06097989741739751,-0.07768115942028997,-0.3560312216407212,0.13702239789196308
