,PageRank,Out Centrality,Betweenness,Clustering Coefficient,Node In Degrees
GRNBOOST2,-0.037314868934152395,0.04756828368515145,0.05388762181829624,0.13184272375212658,0.03017471645355433
SINCERITIES,0.11046988272286472,0.0855689476310181,0.4923923499043663,0.08481110884639721,0.07399593421410865
