,Clustering Coefficient,Assortativity,In Centralization
GRNBOOST2,1.7532950225303414,4.6351365029525295,0.0
SINCERITIES,-0.058080563316260846,0.5596882103435566,1.25
