,Clustering Coefficient,Assortativity,In Centralization
GRNBOOST2,0.3296183455000369,0.17386352874799835,0.0
SINCERITIES,-0.010919108843637143,0.020993851461979112,0.2170138888888889
