,Clustering Coefficient,Global Efficiency,Local Efficiency,Shortest Path Length,Assortativity,Centralization
PIDC,0.5450451770451771,0.6291666666666667,0.7356499796499796,1.8566666666666667,-0.10003524850193987,0.24818840579710144
GRNBOOST2,0.5462539682539683,0.6291666666666667,0.7220901875901876,1.8533333333333333,0.046421876722902135,0.15760869565217392
PPCOR,0.4316825396825397,0.6355555555555555,0.6056406926406926,1.8133333333333332,0.003853564547203709,0.2028985507246377
SINCERITIES,0.3492176804676805,0.6642512077294687,0.5058445374070373,1.6956521739130435,-0.41262303399290085,0.33992094861660077
ground truth,0.36148051948051946,0.6422222222222221,0.5668244348244348,1.7733333333333334,-0.056591812352179666,0.2028985507246377
