,PageRank,Centrality,Betweenness,Radiality,Clustering Coefficient,Local Efficiency,Node Degrees
PIDC,0.3714285714285714,0.32245018529426084,0.039285714285714285,0.41606789932008637,0.18738456713475873,0.16982458743649131,0.32245018529426084
GRNBOOST2,0.04285714285714285,0.12757297666876868,-0.2001788109431818,0.35147927567409626,-0.22012090683765448,-0.1431957587762094,0.12757297666876868
PPCOR,-0.024999999999999998,-0.12838814775327387,-0.3646114056465097,0.1764945296015328,-0.2433799824336976,-0.26516970313369065,-0.12838814775327387
SINCERITIES,-0.2377123379950284,-0.31980107453341566,0.0862712140401864,0.06378198309799199,-0.13467357544588948,0.0018543335883474867,-0.31980107453341566
