,Clustering Coefficient,Global Efficiency,Local Efficiency,Shortest Path Length,Assortativity,Centralization
PIDC,0.6137566137566138,0.6968253968253969,0.7992239858906525,1.6761904761904762,-0.13787897848786307,0.32967032967032966
GRNBOOST2,0.5671428571428571,0.6984126984126984,0.6978747795414463,1.6666666666666667,-0.12657720809132827,0.32967032967032966
PPCOR,0.5824242424242423,0.7031746031746031,0.7601924001924002,1.638095238095238,-0.11598440545808972,0.41208791208791207
SINCERITIES,0.6143722943722943,0.7047619047619048,0.7340548340548341,1.6285714285714286,-0.537644787644788,0.4945054945054945
ground truth,0.5196825396825395,0.6984126984126984,0.7216402116402119,1.6666666666666667,-0.003717472118996102,0.08241758241758242
