,Clustering Coefficient,Assortativity,In Centralization
GRNBOOST2,0.07337477881595533,-0.04303995167488026,0.15423861852433282
SINCERITIES,0.03839123839123848,0.20651211695829555,0.5357142857142857
