,Clustering Coefficient,Global Efficiency,Local Efficiency,Shortest Path Length,Assortativity,Centralization
PIDC,0.09407407407407431,-0.0015873015873014706,0.0775837742504406,0.00952380952380949,-0.13416150636886698,0.24725274725274726
GRNBOOST2,0.047460317460317536,0.0,-0.023765432098765582,0.0,-0.12285973597233217,0.24725274725274726
PPCOR,0.06274170274170277,0.004761904761904745,0.03855218855218834,-0.028571428571428692,-0.11226693333909361,0.32967032967032966
SINCERITIES,0.09468975468975482,0.006349206349206438,0.012414622414622212,-0.03809523809523818,-0.5339273155257919,0.4120879120879121
