,Clustering Coefficient,Global Efficiency,Local Efficiency,Shortest Path Length,Assortativity,Centralization
PIDC,0.1810221950722872,-0.0022727272727271056,0.10751032578145957,0.0057142857142856935,-36.089445212866075,3.0
GRNBOOST2,0.09132559560171062,0.0,-0.032932521934648386,0.0,-33.04926897622847,3.0
PPCOR,0.12073082690064983,0.006818181818181794,0.053423004885721784,-0.017142857142857213,-30.19980506791565,4.0
SINCERITIES,0.1822069195312937,0.009090909090909219,0.017203340687466803,-0.02285714285714291,-143.62644787500872,5.000000000000001
