,PageRank,Out Centrality,Betweenness,Clustering Coefficient,Node In Degrees
GRNBOOST2,0.13861394526437568,,0.27942811188215416,-0.13159516089949672,0.3123700653659383
SINCERITIES,-0.2016393553336207,,0.22566475806200226,-0.09267160869590793,-0.3439468643138782
