,Clustering Coefficient,Assortativity,In Centralization
GRNBOOST2,0.3332160486572251,-0.043039951674870194,0.23076923076923078
SINCERITIES,0.29823250823250824,0.20651211695830562,0.6122448979591837
ground truth,0.25984126984126976,1.0066854763682567e-14,0.07653061224489796
