,Clustering Coefficient,Assortativity,In Centralization
GRNBOOST2,0.28238308279811775,-4275412001586.8564,2.0153846153846153
SINCERITIES,0.14774880993573763,20514065396405.016,7.0
