,Clustering Coefficient,Assortativity,In Centralization
GRNBOOST2,1.809624706112005,-1.5961844173801,0.0
SINCERITIES,0.9187311610519793,-1.8108106203225114,2.2499999999999996
