,PageRank,Centrality,Betweenness,Radiality,Clustering Coefficient,Local Efficiency,Node Degrees
PIDC,0.6523339392867151,0.704555995583041,0.5004534623255872,0.6460917068477898,0.35171321660344373,0.2228220133865809,0.704555995583041
GRNBOOST2,-0.1805183920112621,-0.15385292356922062,-0.2609473785509334,-0.09524208882136714,-0.17448403188660758,-0.21973103007543857,-0.15385292356922062
PPCOR,-0.475,-0.5662445265813426,-0.11785714285714284,-0.33855003973350833,-0.13536635194936655,-0.16129032258064516,-0.5662445265813426
SINCERITIES,-0.06970512166771509,-0.0507859177364441,-0.26009230120863847,-0.004566531878435931,-0.36782138987822954,-0.23921018070334424,-0.0507859177364441
