,Clustering Coefficient,Assortativity,In Centralization
GRNBOOST2,0.5250307061646071,-0.07016160483488997,0.20408163265306123
SINCERITIES,0.358550654197941,-0.09541976053146488,0.6632653061224489
ground truth,0.18686862520195852,0.11768439897039128,0.20408163265306123
