,PageRank,Out Centrality,Betweenness,Clustering Coefficient,Node In Degrees
GRNBOOST2,0.3928571428571428,-0.2850131453059645,-0.01075275724098981,-0.2772813023536218,0.30274700121341375
SINCERITIES,-0.06182840223353118,0.2928950170965241,-0.0038737581753331453,-0.21645830699863378,0.2969004084341068
