,Clustering Coefficient,Global Efficiency,Local Efficiency,Shortest Path Length,Assortativity,Centralization
PIDC,0.34962962962962973,-0.030952380952380953,0.25096737213403897,0.19047619047619047,0.2543346610133192,0.0
GRNBOOST2,0.2872486772486774,-0.00952380952380949,0.24829100529100512,0.05714285714285716,0.00551396471498522,0.0
PPCOR,0.20132275132275135,-0.01746031746031751,0.18059700176366855,0.10476190476190461,0.3302336889303724,0.0
SINCERITIES,0.18051467051467052,-0.0031746031746032743,0.1414628026294693,0.01904761904761898,-0.37908938542860127,0.2472527472527472
