,Clustering Coefficient,Assortativity,In Centralization
GRNBOOST2,0.3381620809626486,-0.18784600380528124,0.0
SINCERITIES,0.1716820289959825,-0.21310415950185616,0.4591836734693877
