,Clustering Coefficient,Global Efficiency,Local Efficiency,Shortest Path Length,Assortativity,Centralization
PIDC,0.9855331841909027,-0.043820224719101124,0.4647824759154894,0.11904761904761904,1.7592830691748997,0.0
GRNBOOST2,0.8096942580164063,-0.013483146067415682,0.4598259415373909,0.035714285714285726,0.038141182678177274,0.0
PPCOR,0.5674869500372858,-0.024719101123595575,0.3344591008340372,0.06547619047619038,2.2842916317094106,0.0
SINCERITIES,0.5088332994373264,-0.004494382022472051,0.26198398260692185,0.011904761904761862,-2.6222361310538402,0.957446808510638
