,Clustering Coefficient,Global Efficiency,Local Efficiency,Shortest Path Length,Assortativity,Centralization
PIDC,0.7043915343915345,0.6753968253968254,0.7909347442680777,1.7904761904761906,0.10976744186046186,0.25824175824175827
GRNBOOST2,0.6420105820105821,0.6968253968253969,0.7882583774250439,1.6571428571428573,-0.13905325443787211,0.25824175824175827
PPCOR,0.5560846560846561,0.6888888888888889,0.7205643738977073,1.7047619047619047,0.18566646977751508,0.25824175824175827
SINCERITIES,0.5352765752765752,0.7031746031746031,0.6814301747635081,1.619047619047619,-0.5236566045814586,0.5054945054945055
ground truth,0.3547619047619047,0.7063492063492064,0.5399673721340388,1.6,-0.14456721915285733,0.25824175824175827
