,PageRank,Out Centrality,Betweenness,Clustering Coefficient,Node In Degrees
GRNBOOST2,0.09925293489861259,0.5214180206794683,0.35348226018396844,0.04462474645030426,0.09691160809371673
SINCERITIES,0.08426073131955485,0.02710843373493976,0.04281345565749235,0.04122137404580153,0.065625
