,PageRank,Out Centrality,Betweenness,Clustering Coefficient,Node In Degrees
GRNBOOST2,0.06335392076090171,0.044155715637989076,0.03634111233737412,0.04303598307253832,0.12742170130176944
SINCERITIES,0.024583193462516344,0.0554116984712082,-0.00604786290334643,0.027633732264796262,0.011505141376192986
