,PageRank,Centrality,Betweenness,Radiality,Clustering Coefficient,Local Efficiency,Node Degrees
PIDC,0.06463878326996197,0.054613935969868174,0.040892193308550186,0.04672897196261682,0.02564102564102564,0.02564102564102564,0.054613935969868174
GRNBOOST2,0.0931422722620266,0.1101871101871102,0.0605759682224429,0.07987866531850354,0.07228915662650602,0.0712136409227683,0.1101871101871102
PPCOR,0.07334525939177101,0.08499095840867993,0.07430617726051925,0.07913669064748201,0.055408970976253295,0.05913503971756399,0.08499095840867993
SINCERITIES,0.0759493670886076,0.08280254777070063,0.0625,0.04938271604938271,0.06416275430359937,0.06750392464678179,0.08452950558213716
