,Clustering Coefficient,Assortativity,In Centralization
GRNBOOST2,-0.6243737116398914,6.113178841125061,1.2062973187587147
SINCERITIES,-0.9929535128499175,2.960288339739926,7.6047494452141775
