,Clustering Coefficient,Assortativity,In Centralization
GRNBOOST2,-0.3027345427157614,0.24096501552987679,0.0030501084638680518
SINCERITIES,-0.481444561240594,0.11668657899546497,0.01922851878035484
