,PageRank,Centrality,Betweenness,Radiality,Clustering Coefficient,Local Efficiency,Node Degrees
PIDC,-0.3092047704747361,-0.12093481103138008,-0.24888510182613785,-0.042269194817982,-0.11617180644413298,-0.1253546202685112,-0.12093481103138008
GRNBOOST2,-0.3753352705184658,-0.2856577701790252,-0.3088016065073769,-0.20944020051201193,0.06381805542648136,0.0180836557169281,-0.2856577701790252
PPCOR,-0.16043956043956045,-0.15453063444227513,-0.11208791208791209,-0.16395526182962208,0.18793639429397582,0.2558526434534235,-0.15453063444227513
SINCERITIES,0.08944558140439413,0.40890320965038324,0.29063076381538205,0.46880146110986515,-0.3524009232044963,-0.3595646039808044,0.40890320965038324
