,Clustering Coefficient,Assortativity,In Centralization
GRNBOOST2,0.26576388512435034,-0.0662137460129639,0.22959183673469388
SINCERITIES,0.20566805362921875,0.17568172512030963,0.6887755102040816
