,Clustering Coefficient,Assortativity,In Centralization
GRNBOOST2,1.0172007753848162,-0.7827051082666208,3.0
SINCERITIES,0.7871863535018703,2.0767135521049718,8.999999999999998
