,Clustering Coefficient,Assortativity,In Centralization
GRNBOOST2,0.5270337263941915,-0.1508097775370214,0.30612244897959184
SINCERITIES,0.46693789489905996,0.09108569359625213,0.7653061224489796
ground truth,0.2612698412698412,-0.08459603152405751,0.07653061224489796
