,Clustering Coefficient,Global Efficiency,Local Efficiency,Shortest Path Length,Assortativity,Centralization
PIDC,0.23212861212861224,0.014285714285714346,0.1508831908831908,-0.08571428571428585,-0.213239884229027,0.5769230769230769
GRNBOOST2,0.11878787878787889,0.0,0.0076455026455025665,0.0,-0.16512659217002262,0.4120879120879121
PPCOR,-0.004455782312924872,0.04542124542124537,-0.06028722600151171,-0.14065934065934083,-0.06791348044319276,0.23809523809523814
SINCERITIES,0.21096459096459108,0.0031746031746031633,0.14199023199023186,-0.019047619047619202,-0.3211454494363624,0.49450549450549447
