,Clustering Coefficient,Global Efficiency,Local Efficiency,Shortest Path Length,Assortativity,Centralization
PIDC,0.7546682946682947,0.7142857142857143,0.8745868945868945,1.5714285714285714,-0.3046577946768057,0.6593406593406593
GRNBOOST2,0.6413275613275613,0.7,0.7313492063492063,1.6571428571428573,-0.2565445026178013,0.4945054945054945
PPCOR,0.5180839002267575,0.7454212454212453,0.663416477702192,1.5164835164835164,-0.15933139089097145,0.32051282051282054
SINCERITIES,0.7335042735042735,0.7031746031746031,0.8656939356939356,1.638095238095238,-0.4125633598841411,0.5769230769230769
ground truth,0.5225396825396824,0.7,0.7237037037037037,1.6571428571428573,-0.0914179104477787,0.08241758241758242
