,PageRank,Out Centrality,Betweenness,Clustering Coefficient,Node In Degrees
GRNBOOST2,-0.03783937343321348,,-0.24470005703683886,-0.037379146749796234,-0.015371886547533638
SINCERITIES,0.15450261925979408,,0.4593190894944667,-0.30763217728325126,0.30011641121311755
