,Clustering Coefficient,Assortativity,In Centralization
GRNBOOST2,-0.022034899692574994,0.16368687581153513,0.006558362943298684
SINCERITIES,-0.2683071736967463,,0.01777653518048774
