,Clustering Coefficient,Assortativity,In Centralization
GRNBOOST2,-0.08212564497988377,2.3380446293549833,2.2347633740944004
SINCERITIES,-1.0,,6.05735761852687
