,PageRank,Out Centrality,Betweenness,Clustering Coefficient,Node In Degrees
GRNBOOST2,0.12041778818276605,0.048438273032791024,0.05888124006370703,0.053086706941196854,0.14554866797546348
SINCERITIES,-0.015188575190446734,0.02004715862567431,,,-0.017445943606711704
