,PageRank,Out Centrality,Betweenness,Clustering Coefficient,Node In Degrees
GRNBOOST2,0.08333333333333333,0.4083333333333333,0.3795918367346939,0.0529595015576324,0.07643312101910828
SINCERITIES,0.05982905982905983,0.03765690376569038,0.03765690376569038,0.03765690376569038,0.0735930735930736
