,Clustering Coefficient,Assortativity,In Centralization
GRNBOOST2,0.44615957449030935,0.24180972557169556,0.13020833333333334
SINCERITIES,0.33594704291635236,0.11439347332409215,0.7913223140495868
ground truth,0.19657779821203833,0.024130021885576745,0.4774305555555556
