,PageRank,Out Centrality,Betweenness,Clustering Coefficient,Node In Degrees
GRNBOOST2,-0.1676923076923077,0.14855683686385926,-0.11463743239564346,-0.19645296585738883,-0.11136405535827673
SINCERITIES,0.30666044754096755,0.08206065822042038,0.2831470179778713,-0.10185911456219546,0.32848684313359244
