,Clustering Coefficient,Global Efficiency,Local Efficiency,Shortest Path Length,Assortativity,Centralization
PIDC,0.5411976911976912,0.6147222222222222,0.6413951418951419,1.9166666666666667,0.24226657837479978,0.21739130434782608
GRNBOOST2,0.5720086580086581,0.6113888888888889,0.7502603174603175,1.9366666666666668,-0.0356540973246261,0.1721014492753623
PPCOR,0.400975468975469,0.6266666666666667,0.5975709475709476,1.84,0.04360874624854427,0.1721014492753623
SINCERITIES,0.56918629298492,0.6772068511198946,0.758920268645669,1.6482213438735178,-0.5069103211343918,0.6558441558441559
ground truth,0.3465728715728716,0.6394444444444445,0.5230110630110629,1.7633333333333334,-0.13587512500143767,0.39855072463768115
