,Clustering Coefficient,Global Efficiency,Local Efficiency,Shortest Path Length,Assortativity,Centralization
PIDC,0.19462481962481964,-0.024722222222222312,0.11838407888407898,0.15333333333333332,0.3781417033762374,-0.18115942028985507
GRNBOOST2,0.2254357864357865,-0.02805555555555561,0.2272492544492546,0.17333333333333334,0.10022102767681157,-0.22644927536231885
PPCOR,0.0544025974025974,-0.012777777777777777,0.07455988455988471,0.07666666666666666,0.17948387124998194,-0.22644927536231885
SINCERITIES,0.22261342141204837,0.037762406675450166,0.23590920563460605,-0.1151119894598156,-0.37103519613295416,0.25729343120647474
