,Clustering Coefficient,Assortativity,In Centralization
GRNBOOST2,1.2696335931540959,9.021115054032862,-0.7272727272727272
SINCERITIES,0.7089775446257853,3.7407115445870627,0.6574605559729525
