,PageRank,Centrality,Betweenness,Radiality,Clustering Coefficient,Local Efficiency,Node Degrees
PIDC,0.02846701341368327,-0.03137896782716706,0.131204319061681,-0.06951988247891253,-0.19622206546734627,-0.2082771934640863,-0.03137896782716706
GRNBOOST2,0.22384615384615386,0.14229587231705038,0.31506059440279194,0.06525961112922987,-0.24811762381858116,-0.4019646801541128,0.14229587231705038
PPCOR,0.2592307692307692,0.26636575328781303,0.1623076923076923,0.3603504055548506,-0.13702064344323212,-0.15736823019421564,0.26636575328781303
SINCERITIES,0.014345793805050513,0.005267177942749378,-0.05797845250389005,-0.06914628919654636,-0.16178677980676257,-0.16530400475520238,0.005267177942749378
