,Clustering Coefficient,Assortativity,In Centralization
GRNBOOST2,0.24958177627827102,0.2176797036861188,-0.3472222222222222
SINCERITIES,0.13936924470431403,0.09026345143851541,0.31389175849403117
