,Clustering Coefficient,Assortativity,In Centralization
GRNBOOST2,-0.3215926156415797,0.9610277238982297,2.0
SINCERITIES,-0.0755163183988805,1.3856482935864742,3.0
