,PageRank,Centrality,Betweenness,Radiality,Clustering Coefficient,Local Efficiency,Node Degrees
PIDC,-0.01608579730793425,0.05030809659662657,0.43431652731422477,0.2012203595871417,0.39271387985169437,0.4901610017889087,0.05030809659662657
GRNBOOST2,0.12857142857142856,0.18966798569390655,0.2571428571428571,0.2917034608826387,0.15833441930701164,0.19856404391134747,0.18966798569390655
PPCOR,0.34642857142857136,0.47023450823236435,0.48214285714285704,0.43619643827104954,-0.1046503304025447,-0.1144901610017889,0.47023450823236435
SINCERITIES,0.0017889116280878823,0.13908017518800245,0.26872376936300396,0.35780088973964835,0.2798738003176643,0.19838547996041503,0.13908017518800245
