,Clustering Coefficient,Global Efficiency,Local Efficiency,Shortest Path Length,Assortativity,Centralization
PIDC,0.5534391534391534,0.6920634920634922,0.7396119929453264,1.6666666666666667,-0.09976571651698499,0.3516483516483517
GRNBOOST2,0.4904761904761904,0.6984126984126984,0.6656437389770722,1.6285714285714286,-0.23745980707395542,0.3516483516483517
PPCOR,0.4620634920634921,0.6904761904761905,0.6176190476190476,1.6761904761904762,-0.08031975637609422,0.3516483516483517
SINCERITIES,0.46904761904761905,0.6920634920634922,0.5639153439153439,1.6666666666666667,-0.35563052582596577,0.3516483516483517
ground truth,0.5174603174603175,0.6888888888888889,0.7167460317460318,1.6857142857142857,-0.10256410256410721,0.1043956043956044
