,PageRank,Centrality,Betweenness,Radiality,Clustering Coefficient,Local Efficiency,Node Degrees
PIDC,3.6206896551724133,3.6206896551724133,3.6206896551724133,3.6206896551724133,0.0,0.0,3.6206896551724133
GRNBOOST2,3.6206896551724133,3.6206896551724133,3.6206896551724133,10.86206896551724,3.6206896551724133,3.6206896551724133,3.6206896551724133
PPCOR,0.0,0.0,0.0,0.0,3.6206896551724133,3.6206896551724133,0.0
SINCERITIES,0.0,0.0,0.0,3.6206896551724133,3.6206896551724133,3.6206896551724133,0.0
