,Clustering Coefficient,Assortativity,In Centralization
GRNBOOST2,-0.08606430951931798,0.27308977823866143,0.15306122448979592
SINCERITIES,-0.020209605209605158,0.39375178863454113,0.22959183673469388
