,Clustering Coefficient,Global Efficiency,Local Efficiency,Shortest Path Length,Assortativity,Centralization
PIDC,0.06952965235173805,0.004608294930875721,0.03190245942986516,-0.011299435028248548,0.027284263959440436,2.3684210526315788
GRNBOOST2,-0.05214723926380392,0.013824884792626679,-0.07129762915390224,-0.033898305084745776,-1.3152331189709605,2.3684210526315788
PPCOR,-0.10705521472392636,0.0023041474654377798,-0.13830140626730159,-0.005649717514124274,0.21688237533311686,2.3684210526315788
SINCERITIES,-0.09355828220858904,0.004608294930875721,-0.2132285092090208,-0.011299435028248548,-2.4673976268030096,2.3684210526315788
