,Clustering Coefficient,Global Efficiency,Local Efficiency,Shortest Path Length,Assortativity,Centralization
PIDC,0.03597883597883589,0.0031746031746032743,0.022865961199294627,-0.01904761904761898,0.0027983860471222227,0.24725274725274726
GRNBOOST2,-0.02698412698412711,0.00952380952380949,-0.05110229276895961,-0.05714285714285716,-0.13489570450984822,0.24725274725274726
PPCOR,-0.05539682539682539,0.0015873015873015817,-0.09912698412698417,-0.00952380952380949,0.022244346188012992,0.24725274725274726
SINCERITIES,-0.04841269841269846,0.0031746031746032743,-0.15283068783068787,-0.01904761904761898,-0.2530664232618586,0.24725274725274726
