,Clustering Coefficient,Assortativity,In Centralization
GRNBOOST2,0.1815547380997296,-0.011074529874036638,0.22959183673469388
SINCERITIES,0.24740944240944243,0.10958748052184307,0.30612244897959184
ground truth,0.2676190476190476,-0.28416430811269805,0.07653061224489796
