,PageRank,Out Centrality,Betweenness,Clustering Coefficient,Node In Degrees
GRNBOOST2,-0.44146577056219555,,0.05714285714285713,-0.14773933999857689,-0.266100072444397
SINCERITIES,-0.5508731608139568,,-0.20537543291850677,0.3145641729705267,-0.28949718220465637
