,PageRank,Out Centrality,Betweenness,Clustering Coefficient,Node In Degrees
GRNBOOST2,0.21288014311270126,-0.2140830866024539,0.27202563206716684,0.32127025728283376,0.2245287015466383
SINCERITIES,-0.4022439213528137,-0.30542520355283426,0.31883245653218223,0.37241983838420506,-0.42803860151217726
