,PageRank,Centrality,Betweenness,Radiality,Clustering Coefficient,Local Efficiency,Node Degrees
PIDC,-0.16845986344217367,-0.1907745503393313,0.2693002544737799,0.1992820480078113,0.47332662064251463,0.5492503115227247,-0.1907745503393313
GRNBOOST2,0.11617520277952513,0.07221797944895207,0.25067154181514467,0.2656445154985396,-0.06636773969625492,0.022401433691756276,0.07221797944895207
PPCOR,-0.023235040555905025,-0.10200787364628103,0.005386005089475598,-0.11191353972036464,0.09532435772388906,0.14439467690671678,-0.10200787364628103
SINCERITIES,-0.2001788109431818,-0.18535292511514811,-0.1344800396666808,-0.0803977658724359,0.034080731195374143,0.06272401433691757,-0.18535292511514811
