,Clustering Coefficient,Global Efficiency,Local Efficiency,Shortest Path Length,Assortativity,Centralization
PIDC,0.573968253968254,0.6936507936507936,0.7173015873015874,1.6761904761904762,0.10465116279069593,0.17582417582417584
GRNBOOST2,0.4154497354497354,0.684126984126984,0.5621252204585538,1.7333333333333334,0.07158351409978347,0.25824175824175827
PPCOR,0.5943915343915342,0.6904761904761905,0.7392592592592593,1.6952380952380952,-0.13548387096774286,0.34065934065934067
SINCERITIES,0.5837614237614237,0.6984126984126984,0.7117580567580568,1.6476190476190475,-0.3371419503292851,0.5054945054945055
ground truth,0.6472727272727273,0.7,0.8192151675485009,1.638095238095238,-0.3317438240943116,0.5054945054945055
