,Clustering Coefficient,Global Efficiency,Local Efficiency,Shortest Path Length,Assortativity,Centralization
PIDC,-0.07330447330447332,-0.006349206349206327,-0.10191358024691344,0.03809523809523818,0.4363949868850075,-0.3296703296703296
GRNBOOST2,-0.23182299182299193,-0.015873015873015928,-0.25708994708994704,0.09523809523809534,0.40332733819409505,-0.2472527472527472
PPCOR,-0.052881192881193084,-0.00952380952380949,-0.0799559082892416,0.05714285714285716,0.19625995312656871,-0.1648351648351648
SINCERITIES,-0.06351130351130363,-0.0015873015873015817,-0.10745711079044407,0.00952380952380949,-0.005398126234973544,0.0
