,Clustering Coefficient,Assortativity,In Centralization
GRNBOOST2,0.302815764409143,0.08252216968626995,0.19387755102040816
SINCERITIES,0.43917867909469077,-0.07159405120967789,0.576530612244898
ground truth,0.4441176420566531,-0.05958422092364341,0.19387755102040816
