,Clustering Coefficient,Assortativity,In Centralization
GRNBOOST2,-0.14130187764751012,0.14210639060991337,0.0
SINCERITIES,-0.004938962961962334,-0.01200983028603448,0.38265306122448983
