,Clustering Coefficient,Assortativity,In Centralization
GRNBOOST2,-0.3181631717964611,2.3849668319406456,0.0
SINCERITIES,-0.01112084388066778,-0.20156058264863375,1.9736842105263162
