,Clustering Coefficient,Assortativity,In Centralization
GRNBOOST2,2.1559813630953486,0.8860824005939235,1.089795918367347
SINCERITIES,-0.3567605627522911,-0.37905612844519837,1.380945179584121
