,Clustering Coefficient,Global Efficiency,Local Efficiency,Shortest Path Length,Assortativity,Centralization
PIDC,0.666949272949273,0.6097222222222222,0.7618804528804529,1.9766666666666666,0.10716992572381391,0.3423913043478261
GRNBOOST2,0.5757777777777778,0.6161111111111112,0.6987070707070708,1.9333333333333333,0.04736983360171683,0.20652173913043478
PPCOR,0.3904400044400044,0.6316666666666667,0.5593782143782143,1.83,0.07451686309139637,0.25181159420289856
SINCERITIES,0.3313360250860251,0.644927536231884,0.5471914466706133,1.8043478260869565,-0.22864136301933569,0.3438735177865613
ground truth,0.31319480519480514,0.6438888888888888,0.49406344396344404,1.7566666666666666,-0.2138969117973773,0.161231884057971
