,PageRank,Out Centrality,Betweenness,Clustering Coefficient,Node In Degrees
GRNBOOST2,0.47457634692718964,0.11311658446660461,0.42174116783665005,-0.0045274505514716935,0.38365328679464805
SINCERITIES,0.1342127677326023,-0.2699401798861301,-0.07155287191689898,0.243712033326181,0.01740125836080877
