,Clustering Coefficient,Global Efficiency,Local Efficiency,Shortest Path Length,Assortativity,Centralization
PIDC,0.35375446775446784,-0.03416666666666668,0.2678170089170089,0.21999999999999997,0.3210668375211912,0.1811594202898551
GRNBOOST2,0.2625829725829727,-0.02777777777777768,0.2046436267436268,0.17666666666666675,0.2612667453990941,0.045289855072463775
PPCOR,0.07724519924519924,-0.012222222222222134,0.0653147704147703,0.07333333333333347,0.2884137748887737,0.09057971014492755
SINCERITIES,0.018141219891219973,0.0010386473429951915,0.05312800270716922,0.04768115942028994,-0.014744451221958388,0.18264163372859027
