,PageRank,Out Centrality,Betweenness,Clustering Coefficient,Node In Degrees
GRNBOOST2,2.331566994700984,0.0,2.331566994700984,2.331566994700984,0.0
SINCERITIES,0.0,0.0,0.0,6.384858044164038,2.5539432176656156
