,Clustering Coefficient,Assortativity,In Centralization
GRNBOOST2,0.5354599511740887,-0.009633851851045648,0.272108843537415
SINCERITIES,0.1091352951856771,-0.11662484554611274,0.31001890359168244
ground truth,0.16966511825307992,-0.08456859959543499,0.13020833333333334
