,Clustering Coefficient,Assortativity,In Centralization
GRNBOOST2,0.3657948329210088,0.07493474774438934,0.14190051020408165
SINCERITIES,-0.060529823067402816,-0.032056245950677756,0.1798105702583491
