,PageRank,Centrality,Betweenness,Radiality,Clustering Coefficient,Local Efficiency,Node Degrees
PIDC,0.10392612779242848,0.14695711552108034,-0.06532268902162529,0.21195017516543402,-0.12605042257510818,-0.11497016156770652,0.14695711552108034
GRNBOOST2,0.12,0.1566600017691907,0.15067465348508752,0.21070149362209617,0.31664485582252766,0.10325568265096777,0.1566600017691907
PPCOR,0.2623076923076923,0.2750359667066854,0.1323076923076923,0.3920156462587284,-0.1299496049571536,-0.15855301428791277,0.2750359667066854
SINCERITIES,-0.08393129139485762,-0.050507872926449225,0.11219830663146771,0.024117588228780726,0.23328343654936182,-0.10907905657966753,-0.050507872926449225
