,Clustering Coefficient,Assortativity,In Centralization
GRNBOOST2,0.14172914095760342,0.16065179157035306,0.1440263605442177
SINCERITIES,-0.028926722238407254,0.2985764431288699,0.45263928271371556
