,PageRank,Out Centrality,Betweenness,Clustering Coefficient,Node In Degrees
GRNBOOST2,0.24463280740413465,-0.20942720275319562,-0.11943486488025902,0.26196545938688226,0.2760701800486455
SINCERITIES,0.21758858378010573,0.09953565493474509,-0.032127037341806594,-0.19860475728115431,0.19949325196964218
