,PageRank,Centrality,Betweenness,Radiality,Clustering Coefficient,Local Efficiency,Node Degrees
PIDC,0.18699501191782106,0.24763598151351304,0.2750113179003637,0.22979860411244307,0.3198151966424318,0.3005024830251317,0.24763598151351304
GRNBOOST2,0.08648381781194206,0.044493683413726184,0.2674246169055857,-0.027826530807514998,0.6188002883191509,0.5296012052497926,0.044493683413726184
PPCOR,0.25478260869565217,0.27421763118451437,0.3144845882540041,0.2435473729923643,0.3628033050289273,0.2713195266276412,0.27421763118451437
SINCERITIES,-0.16264405689987957,-0.1424804073681928,-0.02987359915060955,-0.22051058473937496,-0.0695542316887664,0.02800277602215788,-0.1424804073681928
