,Clustering Coefficient,Assortativity,In Centralization
GRNBOOST2,0.45098769328113025,0.19556329835112204,0.2811791383219955
SINCERITIES,0.2803318300851196,0.33348794990963887,0.5897920604914934
ground truth,0.30925855232352684,0.03491150678076899,0.1371527777777778
