,PageRank,Centrality,Betweenness,Radiality,Clustering Coefficient,Local Efficiency,Node Degrees
PIDC,2.665121668597914,2.665121668597914,0.0,0.0,2.665121668597914,2.665121668597914,2.665121668597914
GRNBOOST2,2.4427586206896557,6.106896551724139,2.4427586206896557,2.4427586206896557,2.4427586206896557,2.4427586206896557,6.106896551724139
PPCOR,2.5539432176656156,2.5539432176656156,6.384858044164038,0.0,0.0,0.0,2.5539432176656156
SINCERITIES,0.0,0.0,0.0,0.0,0.0,0.0,0.0
