,Clustering Coefficient,Assortativity,In Centralization
GRNBOOST2,0.45828689261060535,4.6016859879232745,1.050116249031258
SINCERITIES,-0.09353572284767711,8.552379162658793,3.3002560359886095
