,Clustering Coefficient,Global Efficiency,Local Efficiency,Shortest Path Length,Assortativity,Centralization
PIDC,0.15225947908300858,-0.04166666666666674,0.10676112993760056,0.2833333333333332,0.4179438969812725,-0.2717391304347826
GRNBOOST2,0.1241720206477242,0.00770531400966179,0.08481799255968048,0.06399209486166013,0.6216130803763725,-0.2353425559947299
PPCOR,-0.04487965030612068,0.0028743961352656333,-0.022182623068652485,0.03434782608695652,0.4503186703223988,-0.23007246376811594
SINCERITIES,-0.09214280381927425,-0.0013526570048308928,-0.11741811674164615,0.06333333333333324,0.020869918842248814,-0.08777997364953888
