,Clustering Coefficient,Global Efficiency,Local Efficiency,Shortest Path Length,Assortativity,Centralization
PIDC,0.6263809523809524,0.5955555555555555,0.7373184223184223,2.0533333333333332,0.0542272230035949,0.17572463768115942
GRNBOOST2,0.598293493945668,0.644927536231884,0.7153752849405022,1.8339920948616601,0.25789640639869493,0.21212121212121213
PPCOR,0.4292418229918231,0.6400966183574879,0.6083746693121692,1.8043478260869565,0.08660199634472118,0.21739130434782608
SINCERITIES,0.38197866947866954,0.6358695652173914,0.5131391756391755,1.8333333333333333,-0.3428467551354288,0.35968379446640314
ground truth,0.4741214732979438,0.6372222222222222,0.6305572923808217,1.77,-0.3637166739776776,0.447463768115942
