,Clustering Coefficient,Assortativity,In Centralization
GRNBOOST2,0.2778007654635804,-0.0019933283045545608,0.3472222222222222
SINCERITIES,0.5187350229189223,0.11349168015189057,0.8680555555555556
ground truth,0.20247859429290505,-0.23614079713329636,0.4340277777777778
