,Clustering Coefficient,Global Efficiency,Local Efficiency,Shortest Path Length,Assortativity,Centralization
PIDC,0.24065631722774566,0.05992063492063504,0.18196948025519455,-0.09666666666666668,0.3360503618368392,0.05398550724637685
GRNBOOST2,0.10163279204455661,-0.00722222222222213,0.06888757429933878,0.043333333333333446,0.17510933004055168,0.09057971014492755
PPCOR,-0.015524919524919634,-0.016944444444444318,-0.03217989417989442,0.10333333333333328,0.4089612774343677,-0.0905797101449275
SINCERITIES,0.39053443175182295,0.006111111111111178,0.2985604041690997,-0.036666666666666625,-0.29454084134198366,0.40760869565217395
