,PageRank,Out Centrality,Betweenness,Clustering Coefficient,Node In Degrees
GRNBOOST2,0.032401172249330125,0.09034455853280007,0.13357296721254291,-0.15732719744503593,-0.3038408900662732
SINCERITIES,0.08735993306702065,-0.39340063403871206,-0.06274799468747688,-0.0856378076082361,-0.10724557145742722
