,PageRank,Centrality,Betweenness,Radiality,Clustering Coefficient,Local Efficiency,Node Degrees
PIDC,-0.11948051948051949,-0.09587347363263556,-0.20909090909090908,-0.1293075225529459,-0.14760509092465002,-0.2173772594598685,-0.09587347363263556
GRNBOOST2,0.10461538461538461,0.14068787178274775,0.041538461538461545,0.06658919399660058,-0.2910147589858286,-0.23647221354039671,0.14068787178274775
PPCOR,0.12615384615384617,0.13463693747391509,-0.11538461538461539,0.1839771109474407,-0.0001932368917568583,0.10702603609659325,0.13463693747391509
SINCERITIES,-0.29229085550796635,-0.3588241425004885,-0.2691635363937867,-0.3180086725651507,-0.17552072795536172,-0.16246516916778292,-0.3588241425004885
