,Clustering Coefficient,Assortativity,In Centralization
GRNBOOST2,0.07532217117067536,0.2341474688287418,-0.08680555555555558
SINCERITIES,0.3162564286260172,0.3496324772851869,0.4340277777777778
