,Clustering Coefficient,Assortativity,In Centralization
GRNBOOST2,0.3720006622611894,0.9915587296699546,-0.20000000000000004
SINCERITIES,1.5619252481006531,1.4806102186901104,1.0
