,PageRank,Centrality,Betweenness,Radiality,Clustering Coefficient,Local Efficiency,Node Degrees
PIDC,0.40307692307692305,0.4299138935649264,0.5019238168526355,0.37025564357063956,0.4906533141796522,0.5171625503558989,0.4299138935649264
GRNBOOST2,0.31769230769230766,0.4100913858365438,0.23619927345948014,0.3753878506769273,-0.36596647432331486,-0.3591373601407491,0.4100913858365438
PPCOR,0.14846153846153848,0.21336518202901633,-0.03772859146894505,0.27924091947116225,-0.26674427429992237,-0.2802155504234026,0.21336518202901633
SINCERITIES,-0.4193114137961455,-0.4657541317629536,-0.24321724521835167,-0.6279296043569393,0.13670623614126212,0.1732927976173333,-0.4657541317629536
