,Clustering Coefficient,Assortativity,In Centralization
GRNBOOST2,-0.008059826010531956,0.019556780188372126,-0.08680555555555555
SINCERITIES,-0.03995111952880526,0.04901482206191015,0.34722222222222227
