,Clustering Coefficient,Assortativity,In Centralization
GRNBOOST2,-0.028650209838318508,0.40582693977813533,-0.39999999999999997
SINCERITIES,-0.14201397850032124,1.017117084180439,1.6
