,Clustering Coefficient,Global Efficiency,Local Efficiency,Shortest Path Length,Assortativity,Centralization
PIDC,0.11111676627466094,-0.02416666666666667,-0.00021195179089927851,0.14666666666666672,0.49925898921253814,-0.36231884057971014
GRNBOOST2,-0.045326790168895514,-0.016111111111111187,-0.09417857775752525,0.09666666666666668,0.3437532826505438,-0.3170289855072464
PPCOR,-0.01585381869592406,-0.026666666666666727,-0.07278719136613865,0.16333333333333333,0.4440578573402083,-0.3170289855072464
SINCERITIES,-0.1200048898469952,-0.011111111111111183,-0.18670235953130698,0.06666666666666665,-0.18488979003217065,-0.1811594202898551
