,PageRank,Out Centrality,Betweenness,Clustering Coefficient,Node In Degrees
GRNBOOST2,0.332371616073275,0.47011634941897706,0.3019908331930744,-0.06219912457129327,0.1892941850238749
SINCERITIES,-0.207816995062882,0.06661450188989741,-0.3650700770541357,0.24460716041960867,-0.3275118464312956
