,Clustering Coefficient,Global Efficiency,Local Efficiency,Shortest Path Length,Assortativity,Centralization
PIDC,0.5962481962481962,0.6219444444444445,0.7022169312169312,1.8766666666666667,0.20420089085039655,0.213768115942029
GRNBOOST2,0.4398046398046398,0.63,0.6082503052503052,1.8266666666666667,0.04869518428840218,0.25905797101449274
PPCOR,0.46927761127761125,0.6194444444444445,0.6296416916416918,1.8933333333333333,0.1489997589780667,0.25905797101449274
SINCERITIES,0.3651265401265401,0.635,0.5157265234765235,1.7966666666666666,-0.47994788839431224,0.39492753623188404
ground truth,0.4851314299735353,0.6461111111111112,0.7024288830078305,1.73,-0.2950580983621416,0.5760869565217391
