,Clustering Coefficient,Assortativity,In Centralization
GRNBOOST2,0.2732583931583993,0.06774673080886019,0.13020833333333334
SINCERITIES,0.24136709964012598,0.09720477268239822,0.5642361111111112
ground truth,0.28131821916893124,0.048189950620488066,0.2170138888888889
