,Clustering Coefficient,Global Efficiency,Local Efficiency,Shortest Path Length,Assortativity,Centralization
PIDC,0.1374030087559499,-0.08233333333333326,0.07050792453733645,0.6400000000000001,0.5039690513401445,-0.2717391304347826
GRNBOOST2,0.035472272825214035,-0.05638888888888893,-0.007628679599267718,0.3599999999999999,0.9071161439795159,-0.2717391304347826
PPCOR,-0.019546486193545043,-0.03888888888888897,-0.03778668825727638,0.2466666666666666,0.33083782194495304,-0.2717391304347826
SINCERITIES,-0.06491016880722755,0.017125603864734273,-0.14434676244235067,-0.05289855072463756,0.1293206435113512,0.1977931488801054
