,Clustering Coefficient,Assortativity,In Centralization
GRNBOOST2,0.135696805383054,0.1633878269480567,0.08680555555555554
SINCERITIES,0.01873755094295443,-0.08370340170726044,0.4226928374655647
