,PageRank,Centrality,Betweenness,Radiality,Clustering Coefficient,Local Efficiency,Node Degrees
PIDC,0.21383195305541408,0.13600093461522605,0.0748573568284401,0.034275778364464264,0.15637848711241764,0.1277135250369309,0.13600093461522605
GRNBOOST2,-0.12964031784339544,-0.16853375644588006,-0.021969584018523475,-0.10158669491364897,0.050637940600112834,0.026646214223158,-0.16853375644588006
PPCOR,0.04461538461538461,-0.02764262105650834,-0.21117572918114572,-0.23433658856428471,-0.11779511201156204,-0.2038622346782887,-0.02764262105650834
SINCERITIES,-0.28030484494602986,-0.25660233637125124,-0.1425769323164304,-0.17674128268648437,0.3328961828157589,0.3048514277183712,-0.25660233637125124
