,Clustering Coefficient,Assortativity,In Centralization
GRNBOOST2,0.46479367651665804,0.1862421336961107,0.1909722222222222
SINCERITIES,0.34783442207655846,-0.060849094959206436,0.5268595041322314
ground truth,0.32909687113360403,0.02285430674805401,0.10416666666666667
