,Clustering Coefficient,Assortativity,In Centralization
GRNBOOST2,0.41233088882198743,7.14910448823694,0.8333333333333331
SINCERITIES,0.05693627799745173,-3.66247826416295,4.057851239669421
