,PageRank,Out Centrality,Betweenness,Clustering Coefficient,Node In Degrees
GRNBOOST2,-0.23350644786629385,0.04985626708820133,0.04764169730812391,0.05063780818978557,-0.32637139019671996
SINCERITIES,-0.18134737429332967,-0.1497802213762722,-0.09187059292541865,0.3196175222352617,-0.23165876169412394
