,Clustering Coefficient,Global Efficiency,Local Efficiency,Shortest Path Length,Assortativity,Centralization
PIDC,0.7112669552669553,0.5521111111111112,0.8293285233285235,2.4066666666666667,0.034167697725326095,0.18659420289855072
GRNBOOST2,0.6093362193362194,0.5780555555555555,0.7511919191919193,2.1266666666666665,0.4373147903646975,0.18659420289855072
PPCOR,0.5543174603174603,0.5955555555555555,0.7210339105339106,2.013333333333333,-0.1389635316698653,0.18659420289855072
SINCERITIES,0.5089537777037778,0.6515700483091788,0.6144738363488363,1.713768115942029,-0.34048071010346714,0.6561264822134387
ground truth,0.5738639465110054,0.6344444444444445,0.758820598791187,1.7666666666666666,-0.46980135361481834,0.4583333333333333
