,Clustering Coefficient,Assortativity,In Centralization
GRNBOOST2,1.5016479100929476,1.7838016876677354,0.75
SINCERITIES,0.6326351071684827,4.116202522125498,2.625
