,Clustering Coefficient,Global Efficiency,Local Efficiency,Shortest Path Length,Assortativity,Centralization
PIDC,0.5542775911088137,-0.022271714922048765,0.25790189527216817,0.05952380952380945,2.012330885528719,0.34883720930232553
GRNBOOST2,0.6418971310416131,-0.022271714922048765,0.3524363561101086,0.06547619047619038,1.0300345423143349,0.34883720930232553
PPCOR,0.45593176531403473,0.0,0.2231379911889059,0.0,-0.49787159038756373,0.34883720930232553
SINCERITIES,0.44963462487370487,0.0,0.284211530759533,0.0,-1.4085592371135323,1.0465116279069768
