,Clustering Coefficient,Global Efficiency,Local Efficiency,Shortest Path Length,Assortativity,Centralization
PIDC,0.22693121693121693,-0.015873015873015706,0.15383597883597888,0.09523809523809512,0.22333517015931104,0.0824175824175824
GRNBOOST2,0.2628042328042329,-0.015873015873015706,0.21022486772486748,0.10476190476190461,0.11431665708261425,0.0824175824175824
PPCOR,0.1866666666666667,0.0,0.13309964726631374,0.0,-0.055255443901552376,0.0824175824175824
SINCERITIES,0.18408850408850413,0.0,0.1695294211960876,0.0,-0.15632658583261133,0.24725274725274726
