,PageRank,Centrality,Betweenness,Radiality,Clustering Coefficient,Local Efficiency,Node Degrees
PIDC,0.4428571428571427,0.4926814296554589,0.31842576028622543,0.477559787563151,0.400722674482596,0.46678936461274123,0.4926814296554589
GRNBOOST2,0.24642857142857136,0.26997347621211526,0.24508050089445435,0.1908810325186219,0.0657661927856914,0.1217547488816417,0.26997347621211526
PPCOR,0.5607142857142856,0.6054999046394445,0.4168157423971377,0.5607701146719323,-0.021621762011734155,0.14682190306315615,0.6054999046394445
SINCERITIES,0.10902595953155435,0.17798284981701232,-0.007162044051861276,0.22583994239867125,-0.17297409609387324,-0.10205912773902318,0.17798284981701232
