,Clustering Coefficient,Assortativity,In Centralization
GRNBOOST2,0.51684372835319,0.1011672918211675,0.35714285714285715
SINCERITIES,0.3373045473045473,0.4022162428200468,0.7397959183673469
ground truth,0.20660130718954248,-0.12907256186472224,0.20408163265306123
