,Clustering Coefficient,Assortativity,In Centralization
GRNBOOST2,0.31024242116364753,0.23023985368588973,0.15306122448979592
SINCERITIES,0.1307032401150048,0.531288804684769,0.5357142857142857
