,PageRank,Out Centrality,Betweenness,Clustering Coefficient,Node In Degrees
GRNBOOST2,0.2964285714285714,0.2655789015211199,0.19639610121239315,0.3096320919330981,0.34381456238239766
SINCERITIES,0.34520887265234973,-0.07077791864049125,0.1560684258935592,-0.32220216606498203,0.3570742751064398
