,Clustering Coefficient,Assortativity,In Centralization
GRNBOOST2,0.4383984480431851,2.288323374851971,0.5
SINCERITIES,0.13565736551030685,0.8896157030311651,3.0
