,Clustering Coefficient,Global Efficiency,Local Efficiency,Shortest Path Length,Assortativity,Centralization
PIDC,0.03342776203966022,-0.004587155963302896,-0.012010245050533016,0.011299435028248548,7.867716535434806,0.0
GRNBOOST2,0.07337110481586401,0.004587155963302575,0.009172089159629124,-0.011299435028248548,-9.294117647061457,0.0
PPCOR,0.04740321057601512,-0.002293577981651528,-0.05797452582029627,0.005649717514124274,3.128906250000546,0.46875000000000006
SINCERITIES,-0.04063868143188238,0.002293577981651207,-0.12205643588033195,-0.005649717514124274,-8.371219356895113,1.8749999999999996
