,Clustering Coefficient,Assortativity,In Centralization
GRNBOOST2,0.12525669944091,0.19977929643928746,0.07653061224489796
SINCERITIES,0.03875924728865909,0.07766681982366466,0.45918367346938777
