,PageRank,Out Centrality,Betweenness,Clustering Coefficient,Node In Degrees
GRNBOOST2,0.017857142857142853,,0.02859697299188311,0.2320239502392936,0.018273359400073592
SINCERITIES,0.7495799689627051,,0.43340527921844896,-0.11112802634869637,0.5142060905632954
