,PageRank,Centrality,Betweenness,Radiality,Clustering Coefficient,Local Efficiency,Node Degrees
PIDC,0.17158183795129867,0.1702778254424453,0.4950850949219764,0.03407148250349904,0.17420129359714373,0.09747355937049203,0.1702778254424453
GRNBOOST2,-0.05714285714285713,0.10202932168660091,0.05714285714285713,0.49547332934894867,0.08739925366974263,0.027124818309533873,0.10202932168660091
PPCOR,0.017857142857142853,0.15724112261810472,-0.14285714285714282,0.15676004415010986,0.09807038487445012,0.23582826335272178,0.15724112261810472
SINCERITIES,0.1714285714285714,0.2106035993555805,0.19660418931919638,0.41885362998187886,0.4482749675582168,0.16772037011327154,0.2106035993555805
