,Clustering Coefficient,Global Efficiency,Local Efficiency,Shortest Path Length,Assortativity,Centralization
PIDC,0.579047619047619,0.6888888888888889,0.7551587301587301,1.7047619047619047,0.19622047244094432,0.17582417582417584
GRNBOOST2,0.6014285714285713,0.6952380952380952,0.7713492063492065,1.6666666666666667,-0.29411764705882354,0.17582417582417584
PPCOR,0.5868783068783068,0.6904761904761905,0.720026455026455,1.6952380952380952,0.060825892857142905,0.25824175824175827
SINCERITIES,0.5375468975468976,0.6936507936507936,0.6710461760461759,1.6761904761904762,-0.26774912448264904,0.5054945054945055
ground truth,0.5603174603174602,0.6920634920634922,0.7643386243386243,1.6857142857142857,-0.028571428571421267,0.17582417582417584
