,Clustering Coefficient,Assortativity,In Centralization
GRNBOOST2,0.41097098515519564,0.11247550946809028,0.22959183673469388
SINCERITIES,0.32447353300294474,-0.009636967147532531,0.6122448979591837
ground truth,0.28571428571428564,-0.08730378697119719,0.15306122448979592
