,Clustering Coefficient,Global Efficiency,Local Efficiency,Shortest Path Length,Assortativity,Centralization
PIDC,0.01873015873015882,-0.0031746031746032743,-0.009179894179894177,0.01904761904761898,0.22479190101236557,0.0
GRNBOOST2,0.0411111111111111,0.0031746031746030523,0.007010582010582134,-0.01904761904761898,-0.2655462184874023,0.0
PPCOR,0.026560846560846563,-0.0015873015873016927,-0.0443121693121693,0.00952380952380949,0.08939732142856417,0.08241758241758243
SINCERITIES,-0.022770562770562663,0.0015873015873014706,-0.09329244829244843,-0.00952380952380949,-0.23917769591122778,0.3296703296703296
