,Clustering Coefficient,Assortativity,In Centralization
GRNBOOST2,0.5108219266114004,0.1582592899718699,0.07653061224489796
SINCERITIES,0.35498547567175015,-0.012736126769765245,0.5357142857142857
ground truth,0.28698412698412695,-0.13976323571625596,0.22959183673469388
