,Clustering Coefficient,Global Efficiency,Local Efficiency,Shortest Path Length,Assortativity,Centralization
PIDC,0.7796825396825395,0.6347619047619049,0.8862433862433863,2.066666666666667,0.06332138590202588,0.11538461538461539
GRNBOOST2,0.6364021164021163,0.6761904761904762,0.7955026455026455,1.7428571428571429,-0.18520547945205185,0.2802197802197802
PPCOR,0.5877248677248678,0.684126984126984,0.7752777777777776,1.6952380952380952,-0.2227733448350247,0.2802197802197802
SINCERITIES,0.5585714285714285,0.6873015873015873,0.6691181657848325,1.6761904761904762,-0.3973284659420889,0.3626373626373626
ground truth,0.503968253968254,0.680952380952381,0.6858201058201059,1.7142857142857142,-0.1628213579433077,0.1978021978021978
