,Clustering Coefficient,Global Efficiency,Local Efficiency,Shortest Path Length,Assortativity,Centralization
PIDC,0.5470866141732281,-0.06783216783216772,0.2922388520290078,0.20555555555555574,1.3889009814306645,-0.41666666666666663
GRNBOOST2,0.26278215223097096,-0.006993006993006968,0.1599290232988735,0.01666666666666674,-0.13747656813265247,0.41666666666666674
PPCOR,0.16619422572178488,0.0046620046620044825,0.13043897546674862,-0.011111111111111072,-0.368207142164921,0.41666666666666674
SINCERITIES,0.10834645669291326,0.009324009324009291,-0.024353237669083982,-0.022222222222222143,-1.4402724001382765,0.8333333333333334
