,Clustering Coefficient,Assortativity,In Centralization
GRNBOOST2,0.7799657840994594,2.1323384805798584,-0.6666666666666666
SINCERITIES,0.23695160217479325,0.9088735553059044,1.3333333333333333
