,Clustering Coefficient,Assortativity,In Centralization
GRNBOOST2,0.2238377996272734,0.2980225256881258,-0.15306122448979592
SINCERITIES,0.0680013486876232,0.12702710894649072,0.30612244897959184
