,PageRank,Centrality,Betweenness,Radiality,Clustering Coefficient,Local Efficiency,Node Degrees
PIDC,0.16681674731180718,-0.06751165180360869,0.06335280071817465,0.0,0.03952232592492617,-0.0300007934199044,-0.06751165180360869
GRNBOOST2,0.3967830002623781,0.0954531416714975,0.13047368927546668,-0.030338964182965653,0.2600520841474274,0.2571959085757761,0.0954531416714975
PPCOR,0.49151047329799097,0.39903501239156763,0.5840787119856887,0.26985891569508663,0.33426344192027946,0.3203971119133574,0.39903501239156763
SINCERITIES,0.2647584973166368,0.3154416796029667,0.2232267530972328,0.144146236761033,-0.24180281508445,-0.023465703971119134,0.3154416796029667
