,Clustering Coefficient,Global Efficiency,Local Efficiency,Shortest Path Length,Assortativity,Centralization
PIDC,0.2757142857142856,-0.046190476190476115,0.2004232804232804,0.3523809523809527,0.2261427438453336,-0.0824175824175824
GRNBOOST2,0.13243386243386235,-0.004761904761904745,0.1096825396825396,0.028571428571428692,-0.022384121508744137,0.08241758241758243
PPCOR,0.0837566137566138,0.0031746031746030523,0.08945767195767174,-0.01904761904761898,-0.05995198689171699,0.08241758241758243
SINCERITIES,0.05460317460317454,0.006349206349206327,-0.016701940035273366,-0.03809523809523796,-0.23450710799878122,0.16483516483516483
