,PageRank,Out Centrality,Betweenness,Clustering Coefficient,Node In Degrees
GRNBOOST2,-0.13928571428571426,,0.14477217577140825,0.24797872965718476,-0.08794895791533756
SINCERITIES,-0.00910084270424331,,-0.15125525200965484,-0.2701017759250151,-0.0610875046933104
