,PageRank,Centrality,Betweenness,Radiality,Clustering Coefficient,Local Efficiency,Node Degrees
PIDC,-0.04616272445462152,0.0035531015839965338,0.06770532920011156,0.16556816164937932,-0.14898280749135082,-0.3272307349741324,0.0035531015839965338
GRNBOOST2,0.15041354384797512,0.22689141880660063,0.015396463376656068,0.23044151820294345,0.0428630744401977,-0.03660886591665959,0.22689141880660063
PPCOR,-0.10999999999999999,-0.06322634541434023,-0.18657434467076198,-0.11316446661714127,-0.24200357035216635,-0.1359784283513097,-0.06322634541434023
SINCERITIES,-0.004615384615384616,-0.028756748893305588,-0.05347182249326993,0.043756051158920235,0.06166437129165778,0.11789636127063052,-0.028756748893305588
