,Clustering Coefficient,Global Efficiency,Local Efficiency,Shortest Path Length,Assortativity,Centralization
PIDC,0.5373333333333333,0.6033333333333334,0.7312126022126022,1.9633333333333334,0.0614625213964415,0.18297101449275363
GRNBOOST2,0.6280836940836941,0.6083333333333333,0.7874995189995192,1.94,-0.1020679215103826,0.3641304347826087
PPCOR,0.45502741702741717,0.6155555555555555,0.6575695526695527,1.89,-0.011747647511392026,0.18297101449275363
SINCERITIES,0.5068694965165554,0.6244444444444445,0.6471727357609711,1.8333333333333333,-0.2574047434620631,0.45471014492753625
ground truth,0.310011544011544,0.6272222222222222,0.4616948532948533,1.8166666666666667,0.03516529795746606,0.18297101449275363
