,Clustering Coefficient,Global Efficiency,Local Efficiency,Shortest Path Length,Assortativity,Centralization
PIDC,0.7332687885755779,-0.03808680248007079,0.5837573171854833,0.08073394495412847,0.7478174497705964,0.0
GRNBOOST2,1.0260009867900466,-0.030115146147032878,0.7056709932536251,0.06788990825688071,-3.9025183188789736,0.9900990099009901
PPCOR,0.46777571937925366,-0.018600531443755612,0.4242514248899532,0.040366972477064174,-1.3340693295305306,0.0
SINCERITIES,0.6350020065629587,-0.004428697962798921,0.40173261872526356,0.009174311926605472,-8.319851058091563,1.485148514851485
