,Clustering Coefficient,Assortativity,In Centralization
GRNBOOST2,1.5008970400854806,177.91304348687623,0.25000000000000006
SINCERITIES,1.059402688691222,47.78154058091841,2.0000000000000004
