,Clustering Coefficient,Assortativity,In Centralization
GRNBOOST2,0.23999367583724762,0.12424816262457138,0.04340277777777779
SINCERITIES,0.16939865870905402,0.033368934105095185,0.34722222222222227
