,Clustering Coefficient,Global Efficiency,Local Efficiency,Shortest Path Length,Assortativity,Centralization
PIDC,0.2273217893217893,-0.02388888888888885,0.2695177489177489,0.14666666666666672,0.026297223438975434,0.0
GRNBOOST2,0.3180721500721501,-0.018888888888888955,0.3258046657046659,0.1233333333333333,-0.13723321946784867,0.18115942028985507
PPCOR,0.14501587301587315,-0.011666666666666714,0.19587469937469942,0.07333333333333325,-0.04691294546885809,0.0
SINCERITIES,0.19685795250501142,-0.002777777777777768,0.1854778824661178,0.016666666666666607,-0.29257004141952914,0.2717391304347826
