,Clustering Coefficient,Assortativity,In Centralization
GRNBOOST2,0.3998938351603543,0.12354979807417384,0.2170138888888889
SINCERITIES,0.3292988180321607,0.03267056955469764,0.5208333333333334
ground truth,0.1599001593231067,-0.000698364550397546,0.1736111111111111
