,PageRank,Out Centrality,Betweenness,Clustering Coefficient,Node In Degrees
GRNBOOST2,0.14384615384615382,-0.017739840478270204,0.25586764140053864,0.18672852013177743,0.04305505544168841
SINCERITIES,-0.2809492989388447,-0.4243153490454954,0.08324726702351198,-0.1648354129617934,-0.14623895448361063
