,Clustering Coefficient,Assortativity,In Centralization
GRNBOOST2,0.6546735037053749,-8.95120397729856,1.2937184294524153
SINCERITIES,2.38097072983069,0.3428545068403144,2.8688524590163933
