,Clustering Coefficient,Global Efficiency,Local Efficiency,Shortest Path Length,Assortativity,Centralization
PIDC,1.3370812967501005,0.03285603285603285,0.5415960640318169,0.03795818081532369,5.207863351721918,0.4081632653061223
GRNBOOST2,0.4702559232473761,-0.019658119658119654,0.17531853281639315,0.04633204633204638,-2.3061882660374815,0.8928571428571427
PPCOR,0.204880895853118,-0.016239316239316216,0.12517566956159215,0.03667953667953676,0.5332237330510247,0.0
SINCERITIES,1.5289913475935597,0.005982905982905893,0.6910248581089059,-0.01351351351351344,-5.380680887252918,2.455357142857143
