,Clustering Coefficient,Global Efficiency,Local Efficiency,Shortest Path Length,Assortativity,Centralization
PIDC,0.39008044480771764,0.02135642135642135,0.2711932226023136,0.06554112554112557,0.4110919117750648,0.082815734989648
GRNBOOST2,0.13719258519258515,-0.012777777777777777,0.08778719243719246,0.08000000000000007,-0.18204305281648892,0.18115942028985504
PPCOR,0.059772005772005754,-0.01055555555555554,0.06267917267917267,0.06333333333333346,0.0420909591937172,0.0
SINCERITIES,0.4460683328875549,0.0038888888888888307,0.3460166545040687,-0.023333333333333206,-0.4247335698355061,0.49818840579710144
