,PageRank,Centrality,Betweenness,Radiality,Clustering Coefficient,Local Efficiency,Node Degrees
PIDC,-0.03444381705251271,0.09916551163071657,-0.41209749344842306,-0.08549502958315543,0.04511929900975994,0.06391406804355491,0.09916551163071657
GRNBOOST2,0.13846153846153847,0.13970894917563462,0.0692440866819323,0.15635944054188594,0.10653538861667565,-0.06235565819861432,0.13970894917563462
PPCOR,0.3776923076923077,0.4117764176294412,0.2676923076923077,0.28378935703614394,0.09254284238152208,0.32659738260200155,0.4117764176294412
SINCERITIES,-0.023855330738487453,0.010202183525086322,-0.05551960300398801,0.004473838536476011,-0.15533985560005353,0.04382003453211825,0.010202183525086322
