,PageRank,Out Centrality,Betweenness,Clustering Coefficient,Node In Degrees
GRNBOOST2,0.13100056451355374,-0.0303265838936148,0.04644523605423945,0.16440766221939562,0.2176775681779603
SINCERITIES,-0.3069916937095343,0.2426011726235752,0.07073223915279589,0.2836111950713668,-0.25556823743749363
