,Clustering Coefficient,Global Efficiency,Local Efficiency,Shortest Path Length,Assortativity,Centralization
PIDC,0.6818207045479774,0.6713564213564214,0.7719229003319913,1.7922077922077921,0.3321551417388191,0.2857142857142857
GRNBOOST2,0.4289328449328449,0.6372222222222222,0.5885168701668702,1.8066666666666666,-0.26097982285273463,0.38405797101449274
PPCOR,0.3515122655122655,0.6394444444444445,0.5634088504088504,1.79,-0.036845810842528505,0.2028985507246377
SINCERITIES,0.7378085926278146,0.6538888888888889,0.8467463322337464,1.7033333333333334,-0.5036703398717518,0.7010869565217391
ground truth,0.29174025974025974,0.65,0.5007296777296777,1.7266666666666666,-0.0789367700362457,0.2028985507246377
