,Clustering Coefficient,Assortativity,In Centralization
GRNBOOST2,0.27867247327555617,-0.1503236935970548,0.48582230623818523
SINCERITIES,0.5694074832553446,0.0253877085794837,0.8194444444444444
ground truth,0.1684153838515659,0.018905777543406405,0.21180555555555555
