,Clustering Coefficient,Assortativity,In Centralization
GRNBOOST2,0.11025708942399026,-0.16922947114046122,0.27401675068262965
SINCERITIES,0.4009920994037787,0.006481931036077294,0.6076388888888888
