,Clustering Coefficient,Global Efficiency,Local Efficiency,Shortest Path Length,Assortativity,Centralization
PIDC,0.02145273981632001,0.0,-0.008658618180507702,0.0,0.6070865444237776,-0.37037037037037035
GRNBOOST2,0.0721272575471283,0.0023041474654377798,0.06215461834270843,-0.0057142857142856935,0.2502352389969681,0.0
PPCOR,-0.01703714398709339,0.05547678128323302,0.06468708192547049,-0.06373626373626377,0.05428211201369893,-0.19341563786008226
SINCERITIES,-0.5485345168519576,0.0,-0.489671497410412,0.0,0.4901784605785507,-0.37037037037037035
