,Clustering Coefficient,Assortativity,In Centralization
GRNBOOST2,0.7988961673703996,-1.887716562174532,0.75
SINCERITIES,-0.2859341291015,-1.9025939159950667,1.5
