,Clustering Coefficient,Global Efficiency,Local Efficiency,Shortest Path Length,Assortativity,Centralization
PIDC,0.5590476190476189,0.6888888888888889,0.7055467372134038,1.6666666666666667,-0.0976525821596234,0.2802197802197802
GRNBOOST2,0.5867821067821067,0.6904761904761905,0.7559451659451658,1.6571428571428573,-0.18634247284014302,0.44505494505494503
PPCOR,0.5379818594104309,0.7271062271062272,0.7577475434618293,1.5604395604395604,-0.23504360170351096,0.358974358974359
SINCERITIES,0.24708994708994708,0.6888888888888889,0.36320546737213405,1.6666666666666667,-0.12670828412350144,0.2802197802197802
ground truth,0.5473063973063973,0.6888888888888889,0.7117091550424884,1.6666666666666667,-0.24853458382180418,0.44505494505494503
