,Clustering Coefficient,Assortativity,In Centralization
GRNBOOST2,0.533912198912199,-0.13335386393169832,0.35714285714285715
SINCERITIES,0.21193467761781717,-0.13558875815535398,0.5102040816326531
ground truth,0.2967998979577927,0.1502212188145251,0.20408163265306123
