,Clustering Coefficient,Assortativity,In Centralization
GRNBOOST2,0.23711230095440627,-0.28357508274622345,0.15306122448979592
SINCERITIES,-0.08486522033997554,-0.2858099769698791,0.30612244897959184
