,PageRank,Centrality,Betweenness,Radiality,Clustering Coefficient,Local Efficiency,Node Degrees
PIDC,3.6206896551724133,3.6206896551724133,3.6206896551724133,3.6206896551724133,0.0,0.0,3.6206896551724133
GRNBOOST2,3.6206896551724133,3.6206896551724133,3.6206896551724133,3.6206896551724133,3.6206896551724133,3.6206896551724133,3.6206896551724133
PPCOR,0.0,0.0,0.0,0.0,0.0,0.0,3.37037037037037
SINCERITIES,0.0,0.0,0.0,3.6206896551724133,3.6206896551724133,3.6206896551724133,0.0
