,PageRank,Out Centrality,Betweenness,Clustering Coefficient,Node In Degrees
GRNBOOST2,0.8142857142857142,0.07276233373616815,0.6306562238868912,0.3488801865822204,0.31023147847752974
SINCERITIES,-0.1587093402949285,-0.07189696052220028,-0.3118375331143182,-0.24552010752737088,-0.32719202694263755
