,Clustering Coefficient,Global Efficiency,Local Efficiency,Shortest Path Length,Assortativity,Centralization
PIDC,0.011741221741221608,0.0,-0.006162417829084665,0.0,0.1508820016621808,-0.1648351648351648
GRNBOOST2,0.03947570947570944,0.0015873015873015817,0.04423601090267737,-0.00952380952380949,0.062192110981661164,0.0
PPCOR,-0.009324537895966434,0.038217338217338304,0.046038388419340825,-0.1062271062271063,0.013490982118293221,-0.08608058608058605
SINCERITIES,-0.3002164502164502,0.0,-0.3485036876703544,0.0,0.12182629969830275,-0.1648351648351648
