,PageRank,Centrality,Betweenness,Radiality,Clustering Coefficient,Local Efficiency,Node Degrees
PIDC,0.08579091897564933,0.17534262252277835,0.19660418931919638,0.1454741636694605,0.32642033108097346,0.37500242614020507,0.17534262252277835
GRNBOOST2,0.5178571428571428,0.5094831945665131,0.48257391923802745,0.3636363636363637,0.30776173285198555,0.16050502467517477,0.5094831945665131
PPCOR,0.3934065934065934,0.3705557265076254,0.0857142857142857,0.33716578635143013,-0.4178982245322904,-0.3698784106371919,0.3705557265076254
SINCERITIES,-0.014285714285714282,-0.10361992382799859,0.035714285714285705,-0.26909090909090916,-0.18404540865588442,-0.3460167639276119,-0.10361992382799859
