,Clustering Coefficient,Global Efficiency,Local Efficiency,Shortest Path Length,Assortativity,Centralization
PIDC,0.015633887033499133,-0.03931750741839756,-0.03317459024368496,0.09427609427609426,1.5325275033738106,-0.6333333333333334
GRNBOOST2,-0.07572664031851113,-0.029673590504451036,-0.04864443787091282,0.074074074074074,0.9929167722142435,-0.5066666666666666
PPCOR,0.20443426243895163,0.06334002443707444,0.10937221891093929,-0.04322638146167557,0.779129749207491,-0.39649999999999996
SINCERITIES,-0.13356361518195906,0.01335311572700284,-0.15141335140471815,-0.030303030303030398,-0.3862712623815457,0.3800000000000001
