,PageRank,Out Centrality,Betweenness,Clustering Coefficient,Node In Degrees
GRNBOOST2,-0.170324846356453,0.02099940904762987,0.6040386303775241,-0.06470080449820012,0.1932407851731822
SINCERITIES,0.1505143987190209,0.3632259899367181,0.35199623417107767,0.2599872688124756,0.06033333613786807
