,Clustering Coefficient,Global Efficiency,Local Efficiency,Shortest Path Length,Assortativity,Centralization
PIDC,0.52890559732665,0.6310916179337233,0.6719646338067391,1.9005847953216375,0.2063157894736807,0.17973856209150327
GRNBOOST2,0.4813283208020051,0.6374269005847953,0.6612127541074909,1.8654970760233918,-0.0027442371020872085,0.24183006535947713
PPCOR,0.6272260419319243,0.6985294117647058,0.7710377585377584,1.661764705882353,-0.08557120500782643,0.29583333333333334
SINCERITIES,0.4512089046144775,0.6656920077972709,0.5897861297629099,1.6842105263157894,-0.5370795838917609,0.6764705882352942
ground truth,0.5207640312903471,0.6569200779727096,0.6950216937059044,1.736842105263158,-0.3874274815226889,0.49019607843137253
