,Clustering Coefficient,Assortativity,In Centralization
GRNBOOST2,0.06806214885095413,0.49803270815222445,-0.17592592592592596
SINCERITIES,-0.01359352362871552,0.1231145031505673,0.4104938271604938
