,PageRank,Centrality,Betweenness,Radiality,Clustering Coefficient,Local Efficiency,Node Degrees
PIDC,4.621621621621622,4.621621621621622,0.0,0.0,0.0,0.0,4.621621621621622
GRNBOOST2,4.621621621621622,4.621621621621622,4.621621621621622,4.621621621621622,0.0,0.0,4.621621621621622
PPCOR,4.121212121212121,4.121212121212121,4.121212121212121,4.121212121212121,4.121212121212121,0.0,4.121212121212121
SINCERITIES,0.0,0.0,0.0,0.0,0.0,0.0,0.0
