,Clustering Coefficient,Assortativity,In Centralization
GRNBOOST2,0.18723265822239063,1.6226506387244346,-0.6000000000000001
SINCERITIES,-0.037394522602963706,0.40112190204272463,1.4
