,Clustering Coefficient,Global Efficiency,Local Efficiency,Shortest Path Length,Assortativity,Centralization
PIDC,0.008141566036302894,-0.02582846003898631,-0.02305705989916529,0.16374269005847952,0.5937432709963696,-0.3104575163398693
GRNBOOST2,-0.03943571048834199,-0.01949317738791423,-0.03380893959841347,0.1286549707602338,0.3846832444206017,-0.2483660130718954
PPCOR,0.10646201064157723,0.04160933379199627,0.07601606483185397,-0.07507739938080493,0.30185627651486246,-0.1943627450980392
SINCERITIES,-0.0695551266758696,0.00877192982456132,-0.10523556394299449,-0.052631578947368585,-0.149652102369072,0.18627450980392163
