,PageRank,Centrality,Betweenness,Radiality,Clustering Coefficient,Local Efficiency,Node Degrees
PIDC,-0.018453434189663727,-0.12085554035152946,0.2824461338014504,0.12085051380620762,0.08285723475472463,0.050520992393493634,-0.12085554035152946
GRNBOOST2,0.30860403863037744,0.4161820953333981,0.41600719695756844,0.48613062767316345,0.1014892733159975,0.16102266006701546,0.4161820953333981
PPCOR,0.6827290568427191,0.7375060211793028,0.8534402788954233,0.7672306439781403,0.05942529638513622,0.05430024468130094,0.7375060211793028
SINCERITIES,0.304101114149448,0.3463690634859263,0.44346566611551164,0.21314638959388374,0.1379666713626716,0.14698410086349983,0.3463690634859263
