,Clustering Coefficient,Assortativity,In Centralization
GRNBOOST2,0.4315785860854855,0.19110730087926528,0.11728395061728394
SINCERITIES,0.34992291360581584,-0.1838109041223919,0.7037037037037037
ground truth,0.36351643723453136,-0.3069254072729592,0.2932098765432099
