,Clustering Coefficient,Assortativity,In Centralization
GRNBOOST2,0.6602383283497836,-0.14630313395583705,0.2193877551020408
SINCERITIES,0.3891064871481028,0.3574638075117203,0.6020408163265306
ground truth,0.49683939547047423,0.14838761048698884,0.2193877551020408
