,PageRank,Out Centrality,Betweenness,Clustering Coefficient,Node In Degrees
GRNBOOST2,-0.41681640934447667,-0.04039299656447262,-0.2439346884545225,-0.09928056619687844,-0.269942327077714
SINCERITIES,0.012995089314494963,0.43155886420990547,-0.30725493389951347,-0.0890293529685379,0.17320962769486356
