,Clustering Coefficient,Assortativity,In Centralization
GRNBOOST2,0.32887676454195286,-1.985952489400491,0.0
SINCERITIES,-0.21683648540058995,1.408986884677033,1.7441860465116281
