,Clustering Coefficient,Global Efficiency,Local Efficiency,Shortest Path Length,Assortativity,Centralization
PIDC,0.6113227513227513,0.6730158730158731,0.7652733686067017,1.7428571428571429,-0.0022222222222226377,0.29120879120879123
GRNBOOST2,0.7332275132275132,0.6634920634920636,0.8584303350970018,1.8095238095238095,-0.08355752492483161,0.37362637362637363
PPCOR,0.5676190476190476,0.6777777777777778,0.7642328042328042,1.7142857142857142,-0.1307345531689208,0.2087912087912088
SINCERITIES,0.5668783068783069,0.665079365079365,0.6794885361552028,1.8,-0.4103821309051303,0.37362637362637363
ground truth,0.6357061457061458,0.6920634920634922,0.7474521774521773,1.6285714285714286,-0.552029639175257,0.6208791208791209
