,PageRank,Centrality,Betweenness,Radiality,Clustering Coefficient,Local Efficiency,Node Degrees
PIDC,-0.3819320214669052,-0.35072621049727076,-0.3929733309778148,-0.44763752203332924,-0.32299754082471094,-0.2371506825256796,-0.35072621049727076
GRNBOOST2,-0.5957066189624329,-0.6350254688951321,-0.4228055474497845,-0.6739796291063812,-0.09209102650095406,-0.07594697271026307,-0.6350254688951321
PPCOR,-0.7685436491568586,-0.7551345320466513,-0.6432115210487451,-0.6803159573148129,-0.14634295617058066,-0.24079153059517616,-0.7551345320466513
SINCERITIES,0.331839766157896,0.27264695161903235,0.04986508847109124,0.3593472342771108,-0.12477477625043255,-0.15855855855855855,0.27264695161903235
