,Clustering Coefficient,Global Efficiency,Local Efficiency,Shortest Path Length,Assortativity,Centralization
PIDC,-0.03835639241195212,-0.027522935779816574,0.023842583769400585,0.07017543859649125,0.9959744512531198,-0.5309734513274336
GRNBOOST2,0.15340636264109128,-0.04128440366972478,0.14847526168578865,0.11111111111111113,0.8486357996109264,-0.39823008849557523
PPCOR,-0.10710467178426711,-0.02064220183486247,0.022450435341330587,0.05263157894736837,0.763174757492658,-0.663716814159292
SINCERITIES,-0.1082698968583741,-0.03899082568807357,-0.09092707647015036,0.10526315789473688,0.2565940272369267,-0.39823008849557523
