,Clustering Coefficient,Assortativity,In Centralization
GRNBOOST2,0.16339893287930934,-0.2946907444428259,0.0
SINCERITIES,-0.10773290832237142,0.20907619702473146,0.38265306122448983
