,Clustering Coefficient,Global Efficiency,Local Efficiency,Shortest Path Length,Assortativity,Centralization
PIDC,-0.02438339438339454,-0.01904761904761909,0.017821191154524407,0.11428571428571432,0.5498074169530344,-0.32967032967032966
GRNBOOST2,0.09752136752136742,-0.02857142857142858,0.11097815764482455,0.18095238095238098,0.46847211425042545,-0.24725274725274726
PPCOR,-0.06808709808709823,-0.014285714285714346,0.01678062678062686,0.08571428571428563,0.42129508600633625,-0.41208791208791207
SINCERITIES,-0.06882783882783894,-0.02698412698412711,-0.06796364129697452,0.17142857142857149,0.14164750827012673,-0.24725274725274726
