,Clustering Coefficient,Global Efficiency,Local Efficiency,Shortest Path Length,Assortativity,Centralization
PIDC,0.07410140969813309,-0.0035118525021949304,0.023829744198366937,0.007207207207207134,4.019246091163285,0.3086419753086418
GRNBOOST2,0.04820111617661269,0.007023705004389861,0.016212892755936993,-0.014414414414414507,0.49020774343131107,0.3086419753086418
PPCOR,-0.1970000624513868,0.02019315188762072,-0.07194989387644667,-0.041441441441441434,0.8413671231816254,-0.308641975308642
SINCERITIES,0.03215804568927021,0.0847876405001266,0.022902952235963416,-0.10906954385215258,-5.173837977677836,2.9236812570145907
