,Clustering Coefficient,Assortativity,In Centralization
GRNBOOST2,0.43983037232294303,0.07294061056228168,0.08680555555555555
SINCERITIES,0.2519464229942171,0.21160358439648025,0.718336483931947
ground truth,0.26526723820841464,-1.432812534765569e-15,0.13020833333333334
