,PageRank,Centrality,Betweenness,Radiality,Clustering Coefficient,Local Efficiency,Node Degrees
PIDC,-0.03846153846153846,-0.1968988271296793,-0.08846153846153845,-0.2820274387931428,0.14707719076842524,0.09437599102803798,-0.1968988271296793
GRNBOOST2,0.3230769230769231,0.356582440813396,0.45,0.4182705523353657,0.598453100402628,0.5508476211024258,0.356582440813396
PPCOR,0.19230769230769232,0.22655823381756557,0.1776923076923077,0.25978582817145734,0.4347098513645844,0.43836684812207033,0.22655823381756557
SINCERITIES,0.005930318935676026,0.06809863764060738,0.004448838902404745,-0.026013009758132113,-0.18025780208330433,-0.18379985701372595,0.06809863764060738
