,PageRank,Out Centrality,Betweenness,Clustering Coefficient,Node In Degrees
GRNBOOST2,-0.005384615384615384,,-0.020015402389652888,0.1669688232119317,0.04717955392200814
SINCERITIES,0.07921396064459622,,0.10456749702126515,-0.048546412284995816,-0.005147717966729529
