,Clustering Coefficient,Assortativity,In Centralization
GRNBOOST2,0.1745631341145284,0.07294061056228311,-0.04340277777777779
SINCERITIES,-0.013320815214197534,0.2116035843964817,0.5881281505986137
