,Clustering Coefficient,Assortativity,In Centralization
GRNBOOST2,0.6580651847303435,50907295122329.01,-0.3333333333333334
SINCERITIES,-0.0502165865041037,147684068405434.1,4.516824196597352
