,Clustering Coefficient,Global Efficiency,Local Efficiency,Shortest Path Length,Assortativity,Centralization
PIDC,0.03766810966810985,-0.0022222222222222365,0.01711375661375658,0.013333333333333197,0.29503134346789484,0.04528985507246375
GRNBOOST2,0.02450216450216458,0.004444444444444473,0.011643578643578456,-0.02666666666666684,0.035983526721810086,0.04528985507246375
PPCOR,-0.10014141414141386,0.012777777777777777,-0.051672101972102036,-0.07666666666666666,0.061760257289980455,-0.045289855072463775
SINCERITIES,0.016346960154606016,0.053651734738691226,0.016448164404955334,-0.20177865612648227,-0.3797837541710991,0.4290184453227932
