,Clustering Coefficient,Global Efficiency,Local Efficiency,Shortest Path Length,Assortativity,Centralization
PIDC,0.546,0.6305555555555555,0.7352816257816259,1.8633333333333333,0.22162669573643323,0.19202898550724637
GRNBOOST2,0.5328340548340548,0.6372222222222222,0.7298114478114478,1.8233333333333333,-0.03742112100965149,0.19202898550724637
PPCOR,0.4081904761904763,0.6455555555555555,0.6664957671957673,1.7733333333333334,-0.01164439044148112,0.10144927536231885
SINCERITIES,0.5246788504864962,0.686429512516469,0.7346160335728247,1.6482213438735178,-0.45318840190256066,0.5757575757575758
ground truth,0.5083318903318902,0.6327777777777778,0.7181678691678693,1.85,-0.07340464773146158,0.14673913043478262
