,Clustering Coefficient,Global Efficiency,Local Efficiency,Shortest Path Length,Assortativity,Centralization
PIDC,2.1290520797050334,0.4425645592163849,1.115193015486112,-0.3394495412844037,-1.8249469211329985,0.553470919324578
GRNBOOST2,1.6819617312076582,-0.05000193580858711,0.9247053293166312,0.15476665337056256,-2.5832703440549056,1.2350332594235036
PPCOR,0.9766740828800231,-0.026714158504007032,0.5942450082281688,0.05504587155963308,0.312212357911382,1.2195121951219514
SINCERITIES,1.2467146809646774,0.025823686553873678,0.6907158929952458,-0.053211009174311936,-3.62352986478613,4.2682926829268295
