,Clustering Coefficient,Assortativity,In Centralization
GRNBOOST2,0.4758516745531174,0.23620179767200228,0.1833648393194707
SINCERITIES,0.4774618456690678,-0.006743835852371123,0.8767361111111112
ground truth,0.158110369765893,-0.21678806783285146,0.22569444444444445
