,Clustering Coefficient,Assortativity,In Centralization
GRNBOOST2,2.009617112765531,2.089551653064777,-0.18755271193834522
SINCERITIES,2.0198009553454614,0.9688920339583875,2.884615384615385
