,PageRank,Out Centrality,Betweenness,Clustering Coefficient,Node In Degrees
GRNBOOST2,-0.07796179078574758,-0.2624400652991602,-0.5040122726943091,0.01224044446860051,-0.38873934499775686
SINCERITIES,-0.12244677484394292,0.1625584086325831,-0.17679085952848497,-0.16927272276541405,-0.4266638784461357
