,Clustering Coefficient,Global Efficiency,Local Efficiency,Shortest Path Length,Assortativity,Centralization
PIDC,0.584847226847227,0.2761111111111112,0.4902040367040368,-0.6166666666666667,-0.1895601145652763,0.08221850613154963
GRNBOOST2,0.4620322177822179,-0.031195652173912958,0.4064715963049298,0.2811594202898553,-0.26832836434942064,0.18346508563899872
PPCOR,0.2682908202908203,-0.016666666666666607,0.26121155511155514,0.10000000000000009,0.03242998996246614,0.1811594202898551
SINCERITIES,0.34247054394880483,0.016111111111111187,0.30361714453018795,-0.09666666666666668,-0.37638176121479683,0.6340579710144928
