,Clustering Coefficient,Global Efficiency,Local Efficiency,Shortest Path Length,Assortativity,Centralization
PIDC,0.8595456395456397,0.9,0.9297728197728198,1.2,-0.2934316915246708,0.23076923076923078
GRNBOOST2,0.7367306304806306,0.5926932367149759,0.8460403793737128,2.097826086956522,-0.3721999413088152,0.33201581027667987
PPCOR,0.542989232989233,0.6072222222222222,0.7007803381803381,1.9166666666666667,-0.07144158699692836,0.32971014492753625
SINCERITIES,0.6171689566472175,0.64,0.743185927598971,1.72,-0.48025333817419136,0.782608695652174
ground truth,0.27469841269841266,0.6238888888888888,0.439568783068783,1.8166666666666667,-0.1038715769593945,0.14855072463768115
