,PageRank,Centrality,Betweenness,Radiality,Clustering Coefficient,Local Efficiency,Node Degrees
PIDC,-0.09489738792200278,-0.01852109107094025,-0.28161718130866376,-0.13043495380325112,-0.05755404992316725,0.08168813880722972,-0.01852109107094025
GRNBOOST2,-0.22681778160805463,-0.23319162862642498,-0.47470302774695744,-0.5069003407492444,0.03999239342739284,0.07986266288092306,-0.23319162862642498
PPCOR,-0.04693210319553188,-0.13066295280746332,-0.07118122881645451,-0.25338783770292295,0.07251687695138838,-0.12979016222149334,-0.13066295280746332
SINCERITIES,-0.2202118440548609,-0.1301735567166753,-0.2585426219703699,-0.06321504869673311,-0.17115339918152983,-0.07735553138114018,-0.1301735567166753
