,Clustering Coefficient,Assortativity,In Centralization
GRNBOOST2,0.3177413047872244,0.45298986550485376,-0.042329605124973746
SINCERITIES,0.3193514759031748,0.21004423198048033,0.6510416666666667
