,PageRank,Out Centrality,Betweenness,Clustering Coefficient,Node In Degrees
GRNBOOST2,-0.0035714285714285704,,-0.007142857142857141,0.006340954304994168,0.08286867891466748
SINCERITIES,-0.08000493872889936,,0.11895234282663615,0.27427629763558137,0.07672010870486985
