,Clustering Coefficient,Assortativity,In Centralization
GRNBOOST2,0.13198761147883956,-0.521652086980132,0.0
SINCERITIES,0.13594974332325524,-0.09986204976942434,0.40906895302499696
