,Clustering Coefficient,Assortativity,In Centralization
GRNBOOST2,0.30562958678748153,-0.41462520380214285,0.15306122448979592
SINCERITIES,0.3095917186318972,0.007164833408564775,0.5621301775147929
ground truth,0.17364197530864198,0.10702688317798911,0.15306122448979592
