,PageRank,Centrality,Betweenness,Radiality,Clustering Coefficient,Local Efficiency,Node Degrees
PIDC,0.11438789196753243,0.3662585622676305,0.20911536500314523,0.29159179528997875,-0.045773367749855354,-0.14003613232636555,0.3662585622676305
GRNBOOST2,0.2321428571428571,0.006559669191104821,0.24642857142857136,0.24809341016194944,0.11911391192767372,-0.04856146525556612,0.006559669191104821
PPCOR,0.16785714285714282,0.09704123064469983,0.24843620286698453,-0.032927445057128905,0.062474997259568905,0.15577445812798274,0.09704123064469983
SINCERITIES,-0.08131868131868132,0.24110551244604123,0.02420243488743068,0.1774240617670566,0.38109597525616107,0.5181921561883097,0.24110551244604123
