,Clustering Coefficient,Global Efficiency,Local Efficiency,Shortest Path Length,Assortativity,Centralization
PIDC,0.5123809523809524,0.6888888888888889,0.6814285714285714,1.6857142857142857,0.14201877934272486,0.1043956043956044
GRNBOOST2,0.4880952380952381,0.6968253968253969,0.6740740740740739,1.638095238095238,0.19086021505376044,0.18681318681318682
PPCOR,0.5544973544973544,0.6920634920634922,0.6995149911816579,1.6666666666666667,-0.005180692443770444,0.3516483516483517
SINCERITIES,0.5545918367346939,0.7289377289377289,0.69786470143613,1.5714285714285714,-0.2907251264755489,0.34615384615384615
ground truth,0.35777777777777786,0.6936507936507936,0.5173809523809524,1.6571428571428573,0.008237232289944236,0.1043956043956044
