,Clustering Coefficient,Global Efficiency,Local Efficiency,Shortest Path Length,Assortativity,Centralization
PIDC,0.4321206743566989,-0.006864988558352379,0.3170731707317072,0.017241379310344765,16.241079812220068,0.0
GRNBOOST2,0.364241348713398,0.004576659038901746,0.3028583116019837,-0.01149425287356331,22.17043010754435,0.7894736842105263
PPCOR,0.549837326234841,-0.0022883295194506327,0.3520308159056435,0.005747126436781588,-1.6289360626742162,2.3684210526315788
SINCERITIES,0.550101407022436,0.050871325470867784,0.3488411164435094,-0.051724137931034565,-36.2940303541588,2.31578947368421
