,Clustering Coefficient,Global Efficiency,Local Efficiency,Shortest Path Length,Assortativity,Centralization
PIDC,0.15460317460317452,-0.004761904761904745,0.164047619047619,0.02857142857142847,0.1337815470527806,0.0
GRNBOOST2,0.13031746031746022,0.0031746031746032743,0.15669312169312155,-0.019047619047619202,0.1826229827638162,0.08241758241758242
PPCOR,0.19671957671957652,-0.0015873015873014706,0.18213403880070556,0.00952380952380949,-0.01341792473371468,0.24725274725274726
SINCERITIES,0.19681405895691606,0.03528693528693527,0.1804837490551776,-0.08571428571428585,-0.2989623587654931,0.24175824175824173
