,Clustering Coefficient,Assortativity,In Centralization
GRNBOOST2,0.760113510827302,-4.874028575723428,0.0
SINCERITIES,0.7829313337492836,-0.9330557594894225,2.67258382642998
