,Clustering Coefficient,Global Efficiency,Local Efficiency,Shortest Path Length,Assortativity,Centralization
PIDC,0.24150649350649345,-0.02055555555555555,0.18714285714285717,0.1233333333333333,0.30408351938028116,-0.13586956521739132
GRNBOOST2,0.1685778665778666,-0.026111111111111085,0.12450658600658604,0.17333333333333334,0.3885237510692167,-0.09057971014492755
PPCOR,0.08999134199134201,-0.01055555555555554,0.0699487734487736,0.06333333333333346,0.2503299037934663,-0.22644927536231885
SINCERITIES,0.25106149514973053,0.022173913043478377,0.1959005351946529,-0.07913043478260873,-0.4269241652938687,0.28606719367588934
