,Clustering Coefficient,Assortativity,In Centralization
GRNBOOST2,0.3448133227060877,0.028613845676373158,0.17391304347826086
SINCERITIES,0.3016794918357827,-0.03107412675562405,0.6944444444444444
ground truth,0.1742303210416418,-0.136424912457334,0.2604166666666667
