,Clustering Coefficient,Assortativity,In Centralization
GRNBOOST2,0.9790661042498788,1.2097406196637432,-0.3321739130434783
SINCERITIES,0.7314982262110393,0.77222542279188,1.6666666666666663
