,Clustering Coefficient,Assortativity,In Centralization
GRNBOOST2,0.17058300166444593,0.16503875813370716,-0.08650362318840582
SINCERITIES,0.1274491707941409,0.10535078570170997,0.43402777777777773
