,PageRank,Centrality,Betweenness,Radiality,Clustering Coefficient,Local Efficiency,Node Degrees
PIDC,0.20811694941625203,0.20855521141038502,0.11309867491382274,0.027226792967619345,0.053230481426828805,0.11975359731404635,0.20855521141038502
GRNBOOST2,0.2923076923076923,0.3081297638625163,0.29049636625093594,0.4295135846484959,-0.09241756181484063,-0.13895305109403872,0.3081297638625163
PPCOR,0.19384615384615386,0.1756929120429345,0.1746153846153846,-0.08018985634900747,0.0036672490526456197,-0.07869925102397614,0.1756929120429345
SINCERITIES,0.35015227322887044,0.3395828939525877,0.4114962323113902,0.3160554167310239,0.05783505613274348,0.04185754350963717,0.3395828939525877
