,PageRank,Out Centrality,Betweenness,Clustering Coefficient,Node In Degrees
GRNBOOST2,0.08436616855234394,0.14114469790632753,0.10874294199654361,-0.13477033138286268,0.09327193856287233
SINCERITIES,0.11364683284635554,0.18247035122676414,0.40120858140355775,-0.05416351852064841,0.039410020322498754
