,Clustering Coefficient,Global Efficiency,Local Efficiency,Shortest Path Length,Assortativity,Centralization
PIDC,0.5704357864357864,0.6233333333333333,0.7175618085618085,1.88,0.22105288565980402,0.20652173913043478
GRNBOOST2,0.49750715950715957,0.6177777777777778,0.6549255374255374,1.93,0.3054931173487396,0.25181159420289856
PPCOR,0.41892063492063497,0.6333333333333333,0.6003677248677249,1.82,0.16729927007298917,0.11594202898550725
SINCERITIES,0.5799907880790235,0.6660628019323672,0.7263194866136042,1.6775362318840579,-0.5099547990143458,0.6284584980237155
ground truth,0.32892929292929296,0.6438888888888888,0.5304189514189513,1.7566666666666666,-0.08303063372047713,0.3423913043478261
