,Clustering Coefficient,Assortativity,In Centralization
GRNBOOST2,0.10486735749870318,0.09330894938474704,0.0
SINCERITIES,0.3172035894576462,0.06846084263677217,0.6076388888888888
