,PageRank,Out Centrality,Betweenness,Clustering Coefficient,Node In Degrees
GRNBOOST2,0.21696464567896973,0.17056236648003548,0.2173958100801493,0.08450723257479056,-0.04549093698280442
SINCERITIES,-0.4086269359026684,-0.09618788224892583,-0.34997198767453186,0.08267380869051533,-0.4656812387832574
