,Clustering Coefficient,Global Efficiency,Local Efficiency,Shortest Path Length,Assortativity,Centralization
PIDC,0.30238849073631685,0.016051822573561636,0.2255734330082157,0.025797101449275273,0.4410803959299876,0.13481084133258045
GRNBOOST2,0.15620845820845825,-0.02055555555555555,0.10167898767898759,0.1299999999999999,0.18306878101038773,0.045289855072463775
PPCOR,0.12558441558441563,-0.015833333333333366,0.10926455026455012,0.09999999999999987,0.15545579059522885,0.0
SINCERITIES,0.40791288904332385,0.006111111111111067,0.36475971532493284,-0.036666666666666625,-0.27454120555093153,0.5434782608695653
