,Clustering Coefficient,Assortativity,In Centralization
GRNBOOST2,0.26366814004948574,-0.01960569231014645,0.2552083333333333
SINCERITIES,0.47600437200842877,-0.04445379905812133,0.8628472222222222
ground truth,0.15880078255078256,-0.1129146416948935,0.2552083333333333
