,Clustering Coefficient,Assortativity,In Centralization
GRNBOOST2,0.6603705335341649,0.8263671387885818,0.0
SINCERITIES,1.997493868496576,0.6063061584321378,2.380952380952381
