,Clustering Coefficient,Global Efficiency,Local Efficiency,Shortest Path Length,Assortativity,Centralization
PIDC,1.016705597346431,0.024485831044416054,0.4623290467705489,0.015056673997631482,2.500247420933745,0.7020338152413623
GRNBOOST2,0.5252118340439255,-0.03135593220338982,0.20839843071638928,0.0758754863813229,1.0377184109705018,0.23584905660377364
PPCOR,0.4222461574289708,-0.024152542372881405,0.2239455892298377,0.05836575875486373,0.8811952267464452,0.0
SINCERITIES,1.371504968691893,0.009322033898305018,0.7476013874396765,-0.021400778210116708,-1.5562263647457886,2.8301886792452837
