,PageRank,Centrality,Betweenness,Radiality,Clustering Coefficient,Local Efficiency,Node Degrees
PIDC,-0.34980237154150196,-0.31816684329752076,-0.12858562175400623,-0.3827778476389829,0.1341141632225327,-0.08207664033261902,-0.31816684329752076
GRNBOOST2,0.05692307692307692,0.05470348289976373,0.010769230769230769,0.037824661353936466,0.1428023815682791,0.20639205196247218,0.05470348289976373
PPCOR,-0.0007692307692307692,0.01722906997969137,-0.002307692307692308,-0.04547270640670563,0.33236321303841676,0.3489803770681031,0.01722906997969137
SINCERITIES,-0.32967879048008863,-0.3672673562207077,-0.2549673157356418,-0.29988514442287995,0.07313288207437306,0.30616438869600143,-0.3672673562207077
