,Clustering Coefficient,Global Efficiency,Local Efficiency,Shortest Path Length,Assortativity,Centralization
PIDC,0.5998084041562303,0.6716073781291172,0.7134801189149016,1.7391304347826086,0.26466569703380344,0.3268398268398268
GRNBOOST2,0.45362837162837166,0.635,0.5895856735856735,1.8433333333333333,0.006654082114203609,0.23731884057971014
PPCOR,0.42300432900432905,0.6397222222222222,0.597171236171236,1.8133333333333332,-0.020958908300955297,0.19202898550724637
SINCERITIES,0.7053328024632373,0.6616666666666666,0.8526664012316187,1.6766666666666667,-0.4509559044471157,0.7355072463768116
ground truth,0.2974199134199134,0.6555555555555556,0.4879066859066859,1.7133333333333334,-0.17641469889618414,0.19202898550724637
