,Clustering Coefficient,Global Efficiency,Local Efficiency,Shortest Path Length,Assortativity,Centralization
PIDC,0.8348677248677249,0.7063492063492064,0.8774955908289243,1.7333333333333334,0.4587064676616914,0.26373626373626374
GRNBOOST2,0.7388359788359788,0.7222222222222222,0.841552028218695,1.638095238095238,0.27104287983059794,0.26373626373626374
PPCOR,0.5520105820105822,0.7412698412698412,0.7377601410934744,1.5238095238095237,-0.0990334336872135,0.26373626373626374
SINCERITIES,0.5401750101750102,0.7428571428571429,0.6941412291412291,1.5142857142857142,-0.38217730822232376,0.5934065934065934
ground truth,0.4516931216931217,0.7412698412698412,0.641957671957672,1.5238095238095237,-0.1693121693121689,0.1813186813186813
