,Clustering Coefficient,Assortativity,In Centralization
GRNBOOST2,0.43395944715924917,0.5084857815359989,0.0
SINCERITIES,0.09251151202710531,0.2537509022183268,0.5357142857142857
