,Clustering Coefficient,Global Efficiency,Local Efficiency,Shortest Path Length,Assortativity,Centralization
PIDC,0.38317460317460317,-0.0349206349206348,0.2355379188712523,0.20952380952380967,0.6280186369738603,0.08241758241758243
GRNBOOST2,0.28714285714285714,-0.01904761904761898,0.19959435626102306,0.11428571428571432,0.4403550491427668,0.08241758241758243
PPCOR,0.10031746031746047,0.0,0.09580246913580248,0.0,0.07027873562495539,0.08241758241758243
SINCERITIES,0.08848188848188854,0.0015873015873016927,0.05218355718355716,-0.00952380952380949,-0.21286513891015488,0.41208791208791207
