,PageRank,Centrality,Betweenness,Radiality,Clustering Coefficient,Local Efficiency,Node Degrees
PIDC,-0.3978528383656354,-0.4607381437523089,-0.48873281462279755,-0.4860920678279684,-0.6288939115022731,-0.19929138716688283,-0.4607381437523089
GRNBOOST2,-0.3494646103321688,-0.48130379070292567,0.08984903668332635,-0.3424193534127129,0.11542046975536967,0.23672837122811385,-0.48130379070292567
PPCOR,0.06428571428571428,0.021517026093760386,-0.3071428571428571,0.08599347709758333,-0.46181510104595536,-0.3237924865831842,0.021517026093760386
SINCERITIES,-0.34316367590259733,-0.3815723539325807,-0.37712258133045856,-0.39725247572253164,-0.2844319584659576,-0.203447780045133,-0.3815723539325807
