,Clustering Coefficient,Assortativity,In Centralization
GRNBOOST2,1.7668895998257546,21.681241710492703,0.0
SINCERITIES,0.376665675871008,10.819643036295298,2.333333333333333
