,Clustering Coefficient,Assortativity,In Centralization
GRNBOOST2,0.6795658773527626,0.4850329835677941,0.22959183673469388
SINCERITIES,0.3381179422206188,0.23029810425012207,0.7653061224489796
ground truth,0.2456064301935135,-0.02345279796820473,0.22959183673469388
