,PageRank,Out Centrality,Betweenness,Clustering Coefficient,Node In Degrees
GRNBOOST2,-0.2466488920549918,0.14180825381714923,0.010931156171798894,0.10981458434526588,-0.39084213661985806
SINCERITIES,-0.21458092539872586,0.37537478951598324,-0.1297708988736604,-0.509383581417918,-0.19349046502446185
