,Clustering Coefficient,Global Efficiency,Local Efficiency,Shortest Path Length,Assortativity,Centralization
PIDC,0.8483073679278434,-0.04710920770877928,0.3669056842220942,0.1375000000000001,3.709235074626872,0.45454545454545464
GRNBOOST2,0.6357034086915778,-0.025695931477515973,0.3109151350311824,0.07500000000000002,2.600847008999473,0.45454545454545464
PPCOR,0.22209206981375224,0.0,0.14923486908981018,0.0,0.4150837822848938,0.45454545454545464
SINCERITIES,0.19588938647155832,0.0021413276231264807,0.0812881588040246,-0.006249999999999978,-1.2572347266881054,2.2727272727272725
