,Clustering Coefficient,Assortativity,In Centralization
GRNBOOST2,0.39865892882605186,-0.22073816243437105,0.36734693877551017
SINCERITIES,-0.07325491468218326,0.10619369454685,0.3826530612244897
