,Clustering Coefficient,Global Efficiency,Local Efficiency,Shortest Path Length,Assortativity,Centralization
PIDC,0.6841606541606542,0.6912698412698413,0.731070226070226,1.7142857142857142,-0.33073496659242735,0.4945054945054945
GRNBOOST2,0.8578033078033078,0.7472527472527473,0.9284437784437785,1.5054945054945055,-0.5350701402805615,0.5897435897435898
PPCOR,0.5862962962962963,0.6833333333333333,0.637283950617284,1.7619047619047619,0.19329696024941634,0.32967032967032966
SINCERITIES,0.3064502164502164,0.7015873015873016,0.4833621933621934,1.6476190476190475,-0.19281744335186127,0.41208791208791207
ground truth,0.4279365079365079,0.7095238095238096,0.5937918871252205,1.6,-0.20328849028400905,0.32967032967032966
