,Clustering Coefficient,Assortativity,In Centralization
GRNBOOST2,0.6377912449738719,-0.29438928574639645,0.5
SINCERITIES,0.16587740146563673,0.03254257123482461,0.5153061224489796
ground truth,0.23913231614782,-0.07365112331202539,0.1326530612244898
