,PageRank,Out Centrality,Betweenness,Clustering Coefficient,Node In Degrees
GRNBOOST2,0.0,0.0,0.0,2.619047619047619,2.619047619047619
SINCERITIES,0.0,3.6206896551724133,3.6206896551724133,0.0,0.0
