,Clustering Coefficient,Global Efficiency,Local Efficiency,Shortest Path Length,Assortativity,Centralization
PIDC,0.5987433684021224,-0.025727069351230487,0.23118931383455546,0.07142857142857131,-0.6269242106641952,0.5000000000000001
GRNBOOST2,1.0045106970181157,0.0531750129065565,0.5635844789640679,-0.059065934065934134,-1.6320729694683105,0.788888888888889
PPCOR,0.3700544015825917,-0.03691275167785237,0.07324462397528826,0.10119047619047611,1.9508504882857176,0.0
SINCERITIES,-0.28388858915565146,-0.011185682326621883,-0.1859737328134619,0.029761904761904656,0.05150831174710856,0.24999999999999994
