,Clustering Coefficient,Assortativity,In Centralization
GRNBOOST2,1.6671060409067433,-2.9970780146720455,2.7692307692307687
SINCERITIES,-0.3063363240161176,1.4418475886234206,2.8846153846153837
