,PageRank,Out Centrality,Betweenness,Clustering Coefficient,Node In Degrees
GRNBOOST2,0.06833730713673078,-0.5908146187223705,-0.2844156393243098,-0.16704849229118596,0.20099112531803784
SINCERITIES,-0.23298157322862875,0.4372689844893176,0.04067446084099803,0.19819661931263416,-0.058381346066135945
