,Clustering Coefficient,Global Efficiency,Local Efficiency,Shortest Path Length,Assortativity,Centralization
PIDC,0.07135343973137527,-0.004340277777777762,0.038529047854948185,0.009433962264151037,1.261645379994127,-0.21186440677966104
GRNBOOST2,,,,,,
PPCOR,0.6399219922206395,0.0,0.3583262713146939,0.0,0.27745576599761623,1.0593220338983051
SINCERITIES,0.46225576919186945,-0.002604166666666727,0.32333348016695784,0.005660377358490571,-0.32348940230355505,0.42372881355932207
