,Clustering Coefficient,Assortativity,In Centralization
GRNBOOST2,,,
SINCERITIES,0.24017950207862598,0.0019397083226862278,0.4340277777777778
ground truth,0.1532704214716598,-0.14184608688660608,0.1736111111111111
