,PageRank,Out Centrality,Betweenness,Clustering Coefficient,Node In Degrees
GRNBOOST2,,,,,
SINCERITIES,-0.213751277509579,-0.07765330631296187,-0.037327250869500166,0.12591451675009627,-0.14594472595172125
