,Clustering Coefficient,Global Efficiency,Local Efficiency,Shortest Path Length,Assortativity,Centralization
PIDC,0.3057113997113997,0.6372222222222222,0.484920683020683,1.7833333333333334,0.0477264186396087,0.16847826086956522
GRNBOOST2,,,,,,
PPCOR,0.46795280536457,0.64,0.6342436974789916,1.7666666666666666,-0.13179842349368914,0.44021739130434784
SINCERITIES,0.4172556332556332,0.6383333333333333,0.617904502904503,1.7766666666666666,-0.2414161078664673,0.30434782608695654
ground truth,0.28535064935064935,0.64,0.466930303030303,1.7666666666666666,-0.18240879560220022,0.213768115942029
