,Clustering Coefficient,Global Efficiency,Local Efficiency,Shortest Path Length,Assortativity,Centralization
PIDC,0.020360750360750357,-0.002777777777777768,0.01799037999038,0.01666666666666683,0.2301352142418089,-0.045289855072463775
GRNBOOST2,,,,,,
PPCOR,0.18260215601392066,0.0,0.1673133944486886,0.0,0.050610372108511076,0.22644927536231885
SINCERITIES,0.13190498390498384,-0.0016666666666667052,0.15097419987420008,0.010000000000000009,-0.05900731226426709,0.09057971014492755
