,PageRank,Centrality,Betweenness,Radiality,Clustering Coefficient,Local Efficiency,Node Degrees
PIDC,0.02692307692307692,0.03671718224827182,-0.10153846153846155,0.0005828646952338079,-0.018403754022088985,-0.10348144065244323,0.03671718224827182
GRNBOOST2,,,,,,,
PPCOR,0.34307692307692306,0.32114248754577723,0.10461538461538461,0.3409758467117776,-0.2310368280296723,0.0034622043340966145,0.32114248754577723
SINCERITIES,0.07923076923076922,0.027957032524113273,0.1523076923076923,-0.002527715638865437,0.23699981111683466,0.11318580795826769,0.027957032524113273
