"","GSD","HSC","VSC","mCAD"
"PIDC",0.431034482758621,0.6,0.6,0.888888888888889
"GRNBOOST2",0.46551724137931,0.6,0.7,0.888888888888889
"PPCOR",0.46551724137931,0.55,0.5,0.888888888888889
"SINCERITIES",0.413793103448276,0.25,0.1,0.888888888888889
