,GSD,HSC,VSC,mCAD
GRNBOOST2,0.289295498284361,0.438064473920929,0.775446076474302,0.50560710871648
SINCERITIES,0.22259422806786,0.183845715767209,0.284514140085193,0.625664378356686
