"","GSD","HSC","VSC","mCAD"
"PIDC",0.424839518840643,0.680438018495673,0.735305364570071,0.81900352733686
"GRNBOOST2",0.449687669188149,0.664032236423609,0.739820898056192,0.735670194003527
"PPCOR",0.436495542944902,0.624661236396186,0.571096015096015,0.81900352733686
"SINCERITIES",0.37048831014286,0.296587877038032,0.288364323696973,0.960273368606702
