"","GSD","HSC","VSC","mCAD"
"PIDC",0.598870918523039,0.75,0.805555555555556,0.111111111111111
"GRNBOOST2",0.632285627097956,0.745714285714286,0.816666666666667,0
"PPCOR",0.604974061641745,0.72,0.638888888888889,0.111111111111111
"SINCERITIES",0.591394568202624,0.398571428571429,0.405555555555556,0.666666666666667
