,GSD,HSC,VSC,mCAD
GRNBOOST2,0.593638702018203,0.747710622710623,0.84390243902439,0.263736263736264
SINCERITIES,0.534774436090226,0.389194139194139,0.591869918699187,0.340659340659341
