,GSD,HSC,VSC,mCAD
GRNBOOST2,0.31578947368421,0.461538461538462,0.733333333333333,0.538461538461538
SINCERITIES,0.223684210526316,0.115384615384615,0.133333333333333,0.538461538461538
