,Clustering Coefficient,Assortativity,In Centralization
GRNBOOST2,0.656886574074074,-0.15613832800962524,0.1322314049586777
SINCERITIES,0.24567176558925735,0.09487329767184288,0.5867346938775511
ground truth,0.18651639894888133,-0.034269509911838324,0.28061224489795916
