,Clustering Coefficient,Global Efficiency,Local Efficiency,Shortest Path Length,Assortativity,Centralization
PIDC,0.9737991266375542,-0.020594965675057295,0.7729652333437738,0.05232558139534892,6.1615595204372875,-0.2941176470588236
GRNBOOST2,0.876091703056768,-0.01830663615560634,0.6779274240458187,0.046511627906976716,0.00956514749600147,-0.2941176470588236
PPCOR,0.8675400291120812,-0.029748283752860306,0.7244619446060229,0.08139534883720928,1.6709197235510367,0.2941176470588235
SINCERITIES,0.22621410612676965,-0.006864988558352379,0.17170994024544534,0.01744186046511635,-15.340924604404576,0.588235294117647
