,Clustering Coefficient,Global Efficiency,Local Efficiency,Shortest Path Length,Assortativity,Centralization
PIDC,0.5739682539682539,0.6793650793650793,0.6988359788359788,1.723809523809524,0.1568016614745551,0.1978021978021978
GRNBOOST2,0.5455555555555555,0.680952380952381,0.6613756613756614,1.7142857142857142,0.022104332449157858,0.1978021978021978
PPCOR,0.543068783068783,0.6730158730158731,0.6797178130511464,1.7714285714285714,0.05847953216374156,0.3626373626373626
SINCERITIES,0.35657527657527655,0.6888888888888889,0.46184383517716854,1.6666666666666667,-0.3139931740614311,0.44505494505494503
ground truth,0.2907936507936508,0.6936507936507936,0.3941622574955908,1.638095238095238,0.021894904458600484,0.2802197802197802
