,PageRank,Out Centrality,Betweenness,Clustering Coefficient,Node In Degrees
GRNBOOST2,0.32867132867132864,-0.2365834331019212,0.34737055938213945,-0.2288746582732078,-0.04656201971797187
SINCERITIES,0.17578652081687293,0.14088493354504422,0.2878537791907042,-0.20215706859669638,0.2985217669100863
