,PageRank,Centrality,Betweenness,Radiality,Clustering Coefficient,Local Efficiency,Node Degrees
PIDC,-0.051878437214548594,-0.013060269745918793,0.051878437214548594,0.1683457687849059,-0.3990949128877749,-0.44203551372643735,-0.013060269745918793
GRNBOOST2,-0.04642857142857142,0.12000254415878697,-0.09285714285714285,0.02536269341053329,-0.0947667324395676,-0.2587610478037714,0.12000254415878697
PPCOR,-0.014285714285714282,0.04448580679302435,0.175,0.1600002644634656,-0.3303015036082394,-0.2804329363706705,0.04448580679302435
SINCERITIES,0.049999999999999996,0.04810362835300796,-0.028571428571428564,0.0,0.07046142334139069,0.04860488017496664,0.04810362835300796
