,Clustering Coefficient,Assortativity,In Centralization
GRNBOOST2,2.521870343712283,-3.55618794699155,-0.5287753568745304
SINCERITIES,0.3171590646921548,3.768446292809957,1.0909090909090913
