,Clustering Coefficient,Global Efficiency,Local Efficiency,Shortest Path Length,Assortativity,Centralization
PIDC,0.2831746031746031,-0.014285714285714346,0.304673721340388,0.08571428571428585,0.13490675701595461,-0.08241758241758243
GRNBOOST2,0.25476190476190463,-0.012698412698412653,0.2672134038800706,0.07619047619047614,0.00020942799055737385,-0.08241758241758243
PPCOR,0.2522751322751322,-0.02063492063492056,0.2855555555555556,0.1333333333333333,0.03658462770514108,0.0824175824175824
SINCERITIES,0.06578162578162572,-0.004761904761904745,0.06768157768157773,0.028571428571428692,-0.3358880785200316,0.1648351648351648
