,Clustering Coefficient,Assortativity,In Centralization
GRNBOOST2,0.4703701751251927,-0.12186881809778691,-0.14838083993928147
SINCERITIES,0.05915536664037602,0.1291428075836812,0.3061224489795919
