,PageRank,Centrality,Betweenness,Radiality,Clustering Coefficient,Local Efficiency,Node Degrees
PIDC,0.03470895794397045,0.08686299730653838,-0.022385314514314615,0.020574548113965554,-0.24284063001438552,-0.2979716876401303,0.08686299730653838
GRNBOOST2,0.050491537617189816,0.040748721904257997,0.010412687383191135,0.10593726382236898,-0.04158607661266106,-0.1710425857831419,0.040748721904257997
PPCOR,-0.09304347826086956,-0.09251939379952705,-0.2252173913043478,-0.24664933719467685,-0.10800791939527933,-0.2378048780487805,-0.09251939379952705
SINCERITIES,-0.053489890370816,-0.11847923350532491,0.06724954949247813,-0.07378861069473368,-0.3099675057113858,-0.20585037365121842,-0.11847923350532491
