,Clustering Coefficient,Global Efficiency,Local Efficiency,Shortest Path Length,Assortativity,Centralization
PIDC,0.7276681096681098,0.5964444444444444,0.833774410774411,2.06,0.1351280194826562,0.21739130434782608
GRNBOOST2,0.6550098790098791,0.5783888888888888,0.7719641469641467,2.25,0.22482431688060123,0.26268115942028986
PPCOR,0.5389106264106264,0.6419082125603864,0.7016554047804048,1.8007246376811594,-0.08558696988321929,0.308300395256917
SINCERITIES,0.3689242470492469,0.6419082125603864,0.5746317340067341,1.8043478260869565,-0.39819380575101015,0.4031620553359684
ground truth,0.4700367585630743,0.6388888888888888,0.6735420217209692,1.7666666666666666,-0.27129404295841825,0.5344202898550725
