,Clustering Coefficient,Assortativity,In Centralization
GRNBOOST2,0.49890185563310097,-0.08584112433574859,0.23582766439909297
SINCERITIES,0.20582866207866204,0.10518793576605719,0.2646502835538752
ground truth,0.2790916350264526,0.019122946785636315,0.13020833333333334
