,Clustering Coefficient,Global Efficiency,Local Efficiency,Shortest Path Length,Assortativity,Centralization
PIDC,0.2576313511050355,-0.042444444444444396,0.16023238905344173,0.29333333333333345,0.4064220624410745,-0.31702898550724645
GRNBOOST2,0.18497312044680475,-0.0605,0.0984221252431775,0.4833333333333334,0.4961183598390195,-0.27173913043478265
PPCOR,0.06887386784755206,0.003019323671497598,0.02811338305943556,0.034057971014492816,0.18570707307519896,-0.2261198945981555
SINCERITIES,-0.10111251151382739,0.003019323671497598,-0.09891028771423516,0.037681159420289934,-0.1268997627925919,-0.13125823451910412
