,PageRank,Out Centrality,Betweenness,Clustering Coefficient,Node In Degrees
GRNBOOST2,0.022598873663199508,-0.12550426204383155,-0.03225806451612903,-0.08312065099410774,0.06558028948366278
SINCERITIES,0.05176605272071645,-0.17747634432327145,0.11292341743303277,-0.123826165870516,0.16914553413324404
