,Clustering Coefficient,Assortativity,In Centralization
GRNBOOST2,0.21981022060664834,-0.1049640711213849,0.10561933106575963
SINCERITIES,-0.07326297294779058,0.08606498898042086,0.13444195022054187
