,Clustering Coefficient,Assortativity,In Centralization
GRNBOOST2,0.7875915757411163,-5.4889067201832,0.8111564625850339
SINCERITIES,-0.2625050834678246,4.500613317873491,1.0325141776937614
