,Clustering Coefficient,Assortativity,In Centralization
GRNBOOST2,0.7606560586565132,2.740129867883,2.0000000000000004
SINCERITIES,0.09233584151548951,1.2353618381167095,16.0
