,Clustering Coefficient,Global Efficiency,Local Efficiency,Shortest Path Length,Assortativity,Centralization
PIDC,0.3553526294333469,-0.04424778761061949,0.098043985731522,0.09893992932862183,4.279034826702022,2.586206896551724
GRNBOOST2,0.20174187546384867,-0.0026548672566370527,0.07485997845201568,0.007067137809187207,1.9790817185833824,4.310344827586207
PPCOR,-0.1859148922826052,0.03805309734513268,-0.1512758303439203,-0.07597173144876324,0.5007302170505714,4.310344827586207
SINCERITIES,-0.03550253667900719,0.0539823008849557,-0.11468049469453849,-0.10777385159010602,-1.875346484174985,11.206896551724137
