,PageRank,Out Centrality,Betweenness,Clustering Coefficient,Node In Degrees
GRNBOOST2,-0.3073668069936883,,-0.20038572842006527,0.14711021684580297,0.03389499942533331
SINCERITIES,-0.14242729161450943,,-0.10215004959343901,0.05542700830939009,0.02303538778197372
