,Clustering Coefficient,Assortativity,In Centralization
GRNBOOST2,0.2083352427320339,0.44829301534216376,0.08680555555555557
SINCERITIES,0.025289761037297964,0.20210869927703162,0.6944444444444444
