,PageRank,Centrality,Betweenness,Radiality,Clustering Coefficient,Local Efficiency,Node Degrees
PIDC,0.044666953175786984,0.1804214354895983,-0.27078223244541694,0.21339234753803565,-0.3409891248962883,-0.4080817061569414,0.1804214354895983
GRNBOOST2,0.04539334571371116,0.11935144822389632,-0.11044835398027489,0.2868250342043071,0.03192753387489196,-0.03892850910764119,0.11935144822389632
PPCOR,-0.24461538461538462,-0.17069364720206995,-0.20230769230769227,-0.07837746515292204,0.10590584725623073,0.14811257963935728,-0.17069364720206995
SINCERITIES,0.22846153846153847,0.12215672570606194,0.03041973535247562,0.023695340843330366,0.040627215887554434,-0.017148367328119474,0.12215672570606194
