,Clustering Coefficient,Global Efficiency,Local Efficiency,Shortest Path Length,Assortativity,Centralization
PIDC,0.18867532467532466,-0.02777777777777779,0.07191967291967305,0.18666666666666654,0.763003941421915,0.1358695652173913
GRNBOOST2,0.10711532911532917,-0.0016666666666665941,0.05491316091316112,0.013333333333333197,0.3528943354824283,0.22644927536231885
PPCOR,-0.09871195471195465,0.02388888888888885,-0.11096762496762491,-0.1433333333333333,0.08928628643415393,0.22644927536231885
SINCERITIES,-0.018850156379568106,0.03388888888888886,-0.0841233004468297,-0.20333333333333337,-0.33439708179708333,0.5887681159420289
