,Clustering Coefficient,Global Efficiency,Local Efficiency,Shortest Path Length,Assortativity,Centralization
PIDC,0.7196277056277056,0.6,0.8054646464646464,2.0733333333333333,0.5846917817122955,0.18840579710144928
GRNBOOST2,0.6380677100677101,0.6261111111111112,0.7884581344581345,1.9,0.17458217577280882,0.27898550724637683
PPCOR,0.4322404262404263,0.6516666666666666,0.6225773485773485,1.7433333333333334,-0.08902587327546557,0.27898550724637683
SINCERITIES,0.5121022245728128,0.6616666666666666,0.6494216730981437,1.6833333333333333,-0.5127092415067028,0.6413043478260869
ground truth,0.530952380952381,0.6277777777777778,0.7335449735449734,1.8866666666666667,-0.1783121597096195,0.05253623188405797
