,Clustering Coefficient,Assortativity,In Centralization
GRNBOOST2,0.4822241316209228,0.28469018009096053,0.13020833333333334
SINCERITIES,0.29917864992618687,0.0385058640258284,0.7378472222222222
ground truth,0.2738888888888889,-0.16360283525120323,0.043402777777777776
