,Clustering Coefficient,Global Efficiency,Local Efficiency,Shortest Path Length,Assortativity,Centralization
PIDC,0.5476701539201538,0.6006038647342995,0.6557569745069746,2.1449275362318843,-0.02675275685307892,0.35968379446640314
GRNBOOST2,0.5618951755315391,0.6590909090909091,0.691609190472827,1.8311688311688312,-0.025907654607598894,0.2571428571428571
PPCOR,0.4098037518037518,0.6141666666666666,0.5703588263588263,1.9166666666666667,0.10993731952954336,0.17572463768115942
SINCERITIES,0.36818037035428336,0.6584321475625824,0.5694000242913286,1.7549407114624507,-0.26401997822885565,0.3116883116883117
ground truth,0.22580952380952385,0.6388888888888888,0.37532328042328045,1.76,-0.14832686457568117,0.13043478260869565
