,PageRank,Out Centrality,Betweenness,Clustering Coefficient,Node In Degrees
GRNBOOST2,-0.0543859649122807,-0.15623089649210767,-0.2070175438596491,-0.3652328009925344,-0.15830351274636842
SINCERITIES,0.17486599879518966,-0.2407409216067755,-0.14735902263967054,-0.2870577381003339,0.08477310739074831
