,Clustering Coefficient,Assortativity,In Centralization
GRNBOOST2,3.4280621138012526,-0.8054404985480593,2.8755555555555556
SINCERITIES,0.7233184172427636,-6.096038998424835,3.189090909090909
