,PageRank,Centrality,Betweenness,Radiality,Clustering Coefficient,Local Efficiency,Node Degrees
PIDC,-0.007394520055764965,-0.04408109237200819,-0.04411489939885111,-0.031197258788349648,-0.33296766785032533,-0.3414315926612598,-0.04408109237200819
GRNBOOST2,-0.21061547148503673,-0.2273758496008752,-0.007927551592555973,-0.034396655256104657,-0.25668096876539137,-0.30486444845554067,-0.2273758496008752
PPCOR,-0.08538461538461539,-0.04925920989493652,-0.21632031044201777,-0.01929596303769428,-0.49738671042359167,-0.24980771155654483,-0.04925920989493652
SINCERITIES,-0.024703557312252968,-0.04557298522783396,0.0019767729785586754,-0.03552924698226187,-0.30583965145378417,-0.16608996539792387,-0.04557298522783396
