,Clustering Coefficient,Global Efficiency,Local Efficiency,Shortest Path Length,Assortativity,Centralization
PIDC,1.4253633977906428,-0.05992438563327028,0.7471790552598492,0.2187088274044797,0.8196364702401648,1.7575757575757576
GRNBOOST2,1.4883590649857275,0.03162055335968383,0.8427026154435371,0.04043683589138137,0.825334037217648,0.9714285714285713
PPCOR,0.8148204951241641,-0.03869565217391301,0.5196468114516891,0.08901515151515155,1.7411827914251488,0.34722222222222227
SINCERITIES,0.6304908851623681,0.030589448358824694,0.517092208213605,-0.002874595759971212,-0.7799875901384277,1.3896103896103895
