,Clustering Coefficient,Assortativity,In Centralization
GRNBOOST2,0.5353619392966059,0.005630442929280525,0.33641975308641975
SINCERITIES,0.20835278868494503,-0.1474765124904812,0.36363636363636365
ground truth,0.12090208437411158,0.028939439540408854,0.08680555555555555
