,Clustering Coefficient,Global Efficiency,Local Efficiency,Shortest Path Length,Assortativity,Centralization
PIDC,0.32186063011063,-0.03828502415458934,0.2804336940836941,0.38492753623188425,0.12157410772260226,0.2292490118577075
GRNBOOST2,0.33608565172201527,0.02020202020202022,0.31628591004954654,0.07116883116883121,0.12241920996808228,0.12670807453416147
PPCOR,0.18399422799422793,-0.0247222222222222,0.19503554593554584,0.15666666666666673,0.25826418410522456,0.045289855072463775
SINCERITIES,0.1423708465447595,0.019543258673693553,0.19407674386804818,-0.0050592885375493335,-0.11569311365317447,0.18125352907961603
