,Clustering Coefficient,Assortativity,In Centralization
GRNBOOST2,0.4144598549224943,-0.023308996611128327,0.2496141975308642
SINCERITIES,0.08745070431083345,-0.17641595203089006,0.27683080808080807
