,Clustering Coefficient,Assortativity,In Centralization
GRNBOOST2,0.4485843508343509,-0.13477974612854415,0.20408163265306123
SINCERITIES,0.3404723153062023,-0.06815227524501294,0.5325443786982249
ground truth,0.21287552747197072,-0.03211532617192997,0.28061224489795916
