,Clustering Coefficient,Assortativity,In Centralization
GRNBOOST2,1.1072612533792354,-3.196742247206159,-0.27272727272727265
SINCERITIES,0.5993962262807886,-1.1221106359050668,0.897794513179129
