,Clustering Coefficient,Global Efficiency,Local Efficiency,Shortest Path Length,Assortativity,Centralization
PIDC,0.5882010582010582,0.6777777777777778,0.6978747795414463,1.7523809523809524,0.15769547325102778,0.2692307692307692
GRNBOOST2,0.6084656084656086,0.6888888888888889,0.7640564373897708,1.6857142857142857,-0.08841354723707706,0.3516483516483517
PPCOR,0.4878306878306879,0.6984126984126984,0.6422663139329806,1.6285714285714286,-0.045288045288045434,0.2692307692307692
SINCERITIES,0.5977891156462585,0.7289377289377289,0.7890022675736962,1.5714285714285714,-0.43257535695399235,0.34615384615384615
ground truth,0.32999999999999996,0.7,0.4923412698412699,1.619047619047619,-0.23923611111111062,0.18681318681318682
