,PageRank,Out Centrality,Betweenness,Clustering Coefficient,Node In Degrees
GRNBOOST2,-0.13583562171144478,-0.11783009907514193,-0.4669059349309374,-0.1933465746286429,-0.43907238807582566
SINCERITIES,-0.3381788201010146,-0.6574569821549817,-0.2600160508689229,-0.17900563414162496,-0.16689039551812002
