,Clustering Coefficient,Global Efficiency,Local Efficiency,Shortest Path Length,Assortativity,Centralization
PIDC,0.2582010582010582,-0.022222222222222143,0.20553350970017636,0.1333333333333333,0.3969315843621384,0.0824175824175824
GRNBOOST2,0.27846560846560864,-0.011111111111111072,0.2717151675485009,0.06666666666666665,0.15082256387403356,0.16483516483516486
PPCOR,0.15783068783068793,-0.0015873015873015817,0.1499250440917107,0.00952380952380949,0.19394806582306517,0.0824175824175824
SINCERITIES,0.2677891156462585,0.028937728937728946,0.29666099773242627,-0.04761904761904767,-0.19333924584288173,0.15934065934065933
