,PageRank,Centrality,Betweenness,Radiality,Clustering Coefficient,Local Efficiency,Node Degrees
PIDC,0.016100204652790943,-0.11754733805061346,0.14847966513129424,0.008311812052859677,0.30825643436690603,0.13477137906446426,-0.11754733805061346
GRNBOOST2,-0.1858803244472402,-0.21810146153992968,-0.2591600677389407,-0.40561105495927186,-0.11967602746009294,-0.11472827230820075,-0.21810146153992968
PPCOR,-0.039285714285714285,-0.11652983167386326,0.17857142857142855,-0.02816912584479955,0.02430244008748332,-0.21345300064471176,-0.11652983167386326
SINCERITIES,-0.002197802197802198,0.07473239325389,0.03524237624060962,0.034447005809223004,-0.1824250294327066,-0.21964679911699778,0.07473239325389
