,Clustering Coefficient,Assortativity,In Centralization
GRNBOOST2,0.23570882336238017,-0.10266441995661418,-0.07653061224489793
SINCERITIES,0.1275967878342316,-0.03603694907308297,0.25193213380026575
