,Clustering Coefficient,Global Efficiency,Local Efficiency,Shortest Path Length,Assortativity,Centralization
PIDC,0.7824274490941159,-0.03174603174603163,0.41746146888405283,0.08235294117647057,1.6591625006719315,0.4411764705882352
GRNBOOST2,0.8438351771685111,-0.015873015873015817,0.5518837931991796,0.04117647058823529,0.6304339389799964,0.8823529411764707
PPCOR,0.47827481160814533,-0.002267573696145117,0.3045144765947537,0.00588235294117645,0.8106972852981551,0.4411764705882352
SINCERITIES,0.8114821686250259,0.04133961276818421,0.6025515549977546,-0.029411764705882384,-0.8081524354535566,0.8529411764705882
