,PageRank,Centrality,Betweenness,Radiality,Clustering Coefficient,Local Efficiency,Node Degrees
PIDC,0.17257828805345374,0.2274608714134864,-0.2557041559783795,0.1860974199442739,-0.2323222457292037,-0.3950906441321053,0.2274608714134864
GRNBOOST2,0.3934554276644543,0.3280469420376067,0.3503370246327333,0.31502671007071054,0.13886212546129253,0.2208093961104413,0.3280469420376067
PPCOR,0.4139130434782608,0.4281604387680663,0.3872934452002076,0.4569851347048684,0.13189451262108787,0.1528746224590909,0.4281604387680663
SINCERITIES,-0.18706703002637126,-0.15317289343974486,-0.1876191840173569,-0.16723268902681257,0.032892654859351715,0.04736160914112627,-0.15317289343974486
