,Clustering Coefficient,Global Efficiency,Local Efficiency,Shortest Path Length,Assortativity,Centralization
PIDC,0.5030224285518403,0.18789215686274507,0.3862408156114039,-0.429607843137255,-0.008798673232320052,0.1545289855072464
GRNBOOST2,0.1720324120324121,-0.03083333333333338,0.08249294039294053,0.19666666666666677,-0.05233717375054312,0.09057971014492752
PPCOR,0.17432275132275138,0.0064130434782608825,0.13865518478435157,0.010289855072463716,-0.029024189291889352,0.04232542819499341
SINCERITIES,0.450787725368961,0.018611111111111134,0.360325702342407,-0.11333333333333329,-0.6034293000676592,0.5434782608695652
