,PageRank,Out Centrality,Betweenness,Clustering Coefficient,Node In Degrees
GRNBOOST2,0.2323460432081132,0.15568831936773012,0.4480541355251662,0.06386234643027673,0.22949177702036874
SINCERITIES,-0.24034605459948466,-0.2344631680678737,-0.007161148740394328,0.059787984112508685,-0.20473042650041492
