,Clustering Coefficient,Assortativity,In Centralization
GRNBOOST2,0.3381058419157956,0.4014810927762716,0.31758034026465026
SINCERITIES,0.5855844127463645,0.08889634596141434,0.8315972222222222
ground truth,0.18299156957647522,0.030826122424722432,0.18055555555555555
