,Clustering Coefficient,Assortativity,In Centralization
GRNBOOST2,0.1551142723393204,0.37065497035154915,0.1370247847090947
SINCERITIES,0.4025928431698893,0.0580702235366919,0.6510416666666666
