,Clustering Coefficient,Assortativity,In Centralization
GRNBOOST2,0.8476580243468297,12.02405431486528,0.7589064999272938
SINCERITIES,2.200062243860032,1.8837991602252189,3.605769230769231
