,Clustering Coefficient,Global Efficiency,Local Efficiency,Shortest Path Length,Assortativity,Centralization
PIDC,0.8530022265316383,0.8137254901960784,0.9257930522636405,1.3970588235294117,0.001400256384966778,0.3375
GRNBOOST2,0.5220122100122101,0.595,0.6220451770451771,2.0233333333333334,-0.04213824413325629,0.27355072463768115
PPCOR,0.5243025493025494,0.6322463768115942,0.6782074214365882,1.8369565217391304,-0.01882525967460252,0.22529644268774704
SINCERITIES,0.800767523348759,0.6444444444444445,0.8998779389946436,1.7133333333333334,-0.5932303704503723,0.7264492753623188
ground truth,0.349979797979798,0.6258333333333334,0.5395522366522366,1.8266666666666667,0.01019892961728683,0.18297101449275363
