,PageRank,Centrality,Betweenness,Radiality,Clustering Coefficient,Local Efficiency,Node Degrees
PIDC,0.0038761578759823273,0.04594489142761402,0.003036269973532093,0.07044611891800769,0.0572690058470315,0.04215807731910263,0.04594489142761402
GRNBOOST2,0.06404966967100816,0.07750345793134077,0.040061157347787056,0.0968461852660606,-0.007639314876384878,-0.005579448961401678,0.07750345793134077
PPCOR,-0.06711807499283722,-0.04370832454603954,0.0002671245316196498,-0.0774189698457681,-0.026236222757987242,-0.02532215502222162,-0.04370832454603954
SINCERITIES,0.044084742380016216,0.037676701113574046,0.027176056317042858,0.07294471159987792,0.013867037154876522,0.01383720404802495,0.037676701113574046
