,Clustering Coefficient,Assortativity,In Centralization
GRNBOOST2,-0.281115005307406,5.24044815509814,11.626093870218533
SINCERITIES,-0.9984335791697239,3.046871100723947,32.81122398392469
