,Clustering Coefficient,Assortativity,In Centralization
GRNBOOST2,-0.09330153330956631,0.1778697462808278,0.005965137404552949
SINCERITIES,-0.3313781978390867,0.10341600061607815,0.016834842524112104
