,PageRank,Out Centrality,Betweenness,Clustering Coefficient,Node In Degrees
GRNBOOST2,0.006405954536884306,0.016584915888459777,0.027417495381690537,0.01729536253415931,0.07812752949661869
SINCERITIES,0.02601599263012701,,,0.013577163063344583,0.013853005641657623
