,PageRank,Centrality,Betweenness,Radiality,Clustering Coefficient,Local Efficiency,Node Degrees
PIDC,1.0708627413251746,1.2464972946296085,2.1732326104525432,1.0708627413251746,0.15719715882273397,0.3170362867013122,1.2464972946296085
GRNBOOST2,1.6445870218014733,2.271629562879822,2.271629562879822,1.8365164376515977,0.06460834934242952,0.06460834934242952,2.271629562879822
PPCOR,1.0342628936621048,1.521265383227929,2.032582240848434,1.3466964761225324,2.76641746633025,2.7994888572741394,1.491962447938897
SINCERITIES,1.0939992414487254,1.2973313274796867,1.9329442263323764,1.2973313274796867,1.6102105451319797,1.4005574632268627,1.2973313274796867
