,PageRank,Out Centrality,Betweenness,Clustering Coefficient,Node In Degrees
GRNBOOST2,1.049318323297838,3.367579735234922,3.1963850463534142,0.7762080747682637,1.188738240379369
SINCERITIES,1.1921763961078127,2.3070820998753043,3.4219878036427955,1.0871067486323422,1.846577570058297
