,Clustering Coefficient,Assortativity,In Centralization
GRNBOOST2,0.12668564185806,0.4373315837773322,0.01422357169291243
SINCERITIES,-0.01283077093689406,0.4603366403901052,0.04623439785613309
