,PageRank,Out Centrality,Betweenness,Clustering Coefficient,Node In Degrees
GRNBOOST2,0.1391085041356674,-0.06890822109769443,-0.06736616380514623,0.05580353132447173,0.39295872093634054
SINCERITIES,0.03670929449440357,0.0332012917936793,0.05681581045362005,0.005282538784532891,0.09801621676640809
