,Clustering Coefficient,Assortativity,In Centralization
GRNBOOST2,6.647995754934767,103.69955719352447,0.6738943852671153
SINCERITIES,-0.6733115881954638,109.15448949763895,2.1905258253086703
