,Clustering Coefficient,Assortativity,In Centralization
GRNBOOST2,0.873560177535845,-1.0,-0.4523339907955293
SINCERITIES,-0.4524763121364244,-2.1749635624537365,2.440586419753086
