,Clustering Coefficient,Global Efficiency,Local Efficiency,Shortest Path Length,Assortativity,Centralization
PIDC,0.005099513767291893,-0.049180327868852444,-0.029554545263496986,0.1193181818181818,1.2035952622264476,-0.6896551724137931
GRNBOOST2,-0.1258903220855687,-0.018735362997658177,-0.06323910130485101,0.04545454545454542,0.5508351454940201,-0.5172413793103449
PPCOR,-0.015602997322182217,-0.005584579355071138,0.0008594479661389213,0.0817307692307692,1.507276917933247,-0.3563218390804598
SINCERITIES,-0.4839740683043996,0.10655737704918027,-0.3800746128543091,-0.10511363636363638,0.05824046455416105,-0.17589690003483113
