,Clustering Coefficient,Global Efficiency,Local Efficiency,Shortest Path Length,Assortativity,Centralization
PIDC,0.0035161135161134727,-0.033333333333333326,-0.023675645342311924,0.19999999999999996,0.6988644277377141,-0.3296703296703297
GRNBOOST2,-0.08680134680134688,-0.012698412698412764,-0.05065977232643881,0.07619047619047614,0.31984098044835246,-0.24725274725274726
PPCOR,-0.01075826290112003,-0.0037851037851037717,0.0006884892003941046,0.13699633699633695,0.8751963834961475,-0.17032967032967034
SINCERITIES,-0.3337000037000037,0.07222222222222219,-0.3044713311379977,-0.17619047619047623,0.033817172773287774,-0.08408258408258412
