,PageRank,Out Centrality,Betweenness,Clustering Coefficient,Node In Degrees
GRNBOOST2,0.5613290509907132,-0.21224666595210287,0.31686393992157985,0.041243201876208654,0.26076032930859516
SINCERITIES,0.14715357241347224,-0.27659463168220844,0.37207449445378005,0.3431232666711933,-0.010803395392536072
