,Clustering Coefficient,Global Efficiency,Local Efficiency,Shortest Path Length,Assortativity,Centralization
PIDC,0.693015873015873,0.6444444444444445,0.7774074074074074,1.8761904761904762,0.11821705426356695,0.14835164835164835
GRNBOOST2,0.6026984126984126,0.665079365079365,0.7504232804232805,1.7523809523809524,-0.2608063930257946,0.23076923076923078
PPCOR,0.6787414965986395,0.673992673992674,0.8017715419501135,1.8131868131868132,0.2945490100220004,0.3076923076923077
SINCERITIES,0.3557997557997558,0.75,0.4966117216117217,1.5,-0.5468302007008593,0.3939393939393939
ground truth,0.6894997594997595,0.6777777777777778,0.8010830527497194,1.6761904761904762,-0.5806473734741471,0.47802197802197804
