,PageRank,Out Centrality,Betweenness,Clustering Coefficient,Node In Degrees
GRNBOOST2,0.23928571428571427,,-0.3092047704747361,-0.00915023767593531,-0.21667041532219727
SINCERITIES,-0.5680375574437544,,-0.0574078395009459,-0.3061229758317631,-0.3291402943021917
