,Clustering Coefficient,Global Efficiency,Local Efficiency,Shortest Path Length,Assortativity,Centralization
PIDC,-0.07957671957671958,0.00793650793650802,-0.1157231040564376,-0.04761904761904767,-0.06642155618566337,0.16483516483516486
GRNBOOST2,-0.11904761904761896,0.0015873015873015817,-0.1792945326278662,-0.00952380952380949,-0.10341864182465813,0.16483516483516486
PPCOR,-0.08677248677248672,0.00952380952380949,-0.09921957671957704,-0.05714285714285716,-0.22098239035553158,0.16483516483516486
SINCERITIES,0.2435797535797536,0.015873015873015928,0.15604506604506574,-0.09523809523809534,-0.6292237442922458,0.5769230769230769
