,Clustering Coefficient,Assortativity,In Centralization
GRNBOOST2,-0.07822284524465176,1.6629253818800362,1.0
SINCERITIES,0.5254676606929449,0.24519123626759468,10.0
