,Clustering Coefficient,Assortativity,In Centralization
GRNBOOST2,-0.021229845750393717,0.09450880811699855,0.07653061224489796
SINCERITIES,0.14261303521293445,0.01393491960185586,0.7653061224489796
