,Clustering Coefficient,Assortativity,In Centralization
GRNBOOST2,0.2501722706517227,0.03767594649445797,0.15306122448979592
SINCERITIES,0.41401515161505087,-0.04289794202068472,0.8418367346938775
ground truth,0.2714021164021164,-0.05683286162254058,0.07653061224489796
