,PageRank,Centrality,Betweenness,Radiality,Clustering Coefficient,Local Efficiency,Node Degrees
PIDC,0.10357142857142855,-0.3149682687712478,0.33928571428571425,-0.29394666202264325,-0.4099718407321172,-0.2655551669771056,-0.3149682687712478
GRNBOOST2,0.1626452838913352,0.1424791576920858,0.36314906050184015,0.054592158514492076,-0.19562206291134152,-0.07398374101503992,0.1424791576920858
PPCOR,-0.27499999999999997,-0.039855893618136976,-0.3928571428571428,-0.1592153259240095,-0.4660564330709833,-0.22448993497033662,-0.039855893618136976
SINCERITIES,0.26523467861108196,0.04852802087192956,0.18258350060692105,-0.06412150311342393,0.06792755113308038,0.04892181471166257,0.04852802087192956
