,Clustering Coefficient,Global Efficiency,Local Efficiency,Shortest Path Length,Assortativity,Centralization
PIDC,0.46582010582010575,0.7015873015873016,0.6214991181657848,1.6285714285714286,0.029468854773248863,0.25824175824175827
GRNBOOST2,0.42634920634920637,0.6952380952380952,0.5579276895943562,1.6666666666666667,-0.007528230865745908,0.25824175824175827
PPCOR,0.4586243386243386,0.7031746031746031,0.6380026455026454,1.619047619047619,-0.12509197939661937,0.25824175824175827
SINCERITIES,0.7889765789765789,0.7095238095238096,0.8932672882672882,1.5809523809523809,-0.5333333333333335,0.6703296703296703
ground truth,0.5453968253968253,0.6936507936507936,0.7372222222222224,1.6761904761904762,0.09589041095891222,0.09340659340659341
