,Clustering Coefficient,Assortativity,In Centralization
GRNBOOST2,0.3004019206913944,0.2906866815918001,0.1530612244897959
SINCERITIES,0.058051915354240924,0.27523118847530814,0.22959183673469388
