,PageRank,Out Centrality,Betweenness,Clustering Coefficient,Node In Degrees
GRNBOOST2,0.129695885509839,0.34702013849254454,0.026954711004997908,0.003577817531305903,-0.30074325282628916
SINCERITIES,0.1455540293909091,0.26581129406054105,0.22720647911130615,-0.34498263283955405,-0.3127114319947456
