,Clustering Coefficient,Global Efficiency,Local Efficiency,Shortest Path Length,Assortativity,Centralization
PIDC,0.7520634920634921,0.6587301587301587,0.830952380952381,1.9333333333333333,0.6176470588235298,0.16483516483516483
GRNBOOST2,0.6864550264550265,0.6865079365079365,0.8205731922398589,1.7428571428571429,-0.027564834447888435,0.24725274725274726
PPCOR,0.6916402116402117,0.6936507936507936,0.8184126984126986,1.6952380952380952,-0.12886048988285428,0.32967032967032966
SINCERITIES,0.5558489658489658,0.7126984126984126,0.7640035273368608,1.5809523809523809,-0.5000956083880427,0.4945054945054945
ground truth,0.4030687830687831,0.7111111111111111,0.5823544973544974,1.5904761904761904,-0.15942028985507228,0.32967032967032966
