,Clustering Coefficient,Global Efficiency,Local Efficiency,Shortest Path Length,Assortativity,Centralization
PIDC,0.348994708994709,-0.05238095238095242,0.2485978835978836,0.34285714285714297,0.777067348678602,-0.16483516483516483
GRNBOOST2,0.28338624338624346,-0.024603174603174627,0.23821869488536151,0.1523809523809525,0.13185545540718385,-0.0824175824175824
PPCOR,0.28857142857142865,-0.01746031746031751,0.2360582010582012,0.10476190476190483,0.030559799972218,0.0
SINCERITIES,0.15278018278018274,0.0015873015873014706,0.18164902998236343,-0.00952380952380949,-0.3406753185329704,0.16483516483516486
