,Clustering Coefficient,Global Efficiency,Local Efficiency,Shortest Path Length,Assortativity,Centralization
PIDC,0.8658440535573642,-0.07366071428571433,0.4268841139326761,0.2155688622754492,4.874331550802146,-0.5
GRNBOOST2,0.7030716723549489,-0.034598214285714315,0.40906131225487957,0.09580838323353302,0.8270933111905179,-0.24999999999999994
PPCOR,0.7159359411919141,-0.024553571428571497,0.4053513832735204,0.06586826347305394,0.19169329073482222,0.0
SINCERITIES,0.3790424592472373,0.002232142857142693,0.3119217432123444,-0.005988023952095787,-2.1369633617068167,0.5000000000000001
