,Clustering Coefficient,Assortativity,In Centralization
GRNBOOST2,1.3434159839150583,1.687653929444581,1.1999999999999997
SINCERITIES,0.25961175882057325,1.5979232147564568,1.8
