,Clustering Coefficient,Assortativity,In Centralization
GRNBOOST2,0.524012421301895,0.1184436188879037,0.28061224489795916
SINCERITIES,0.2816624159647415,0.10298812577141175,0.35714285714285715
ground truth,0.22361050061050058,-0.17224306270389642,0.12755102040816327
