,PageRank,Centrality,Betweenness,Radiality,Clustering Coefficient,Local Efficiency,Node Degrees
PIDC,-0.3790836049765853,-0.49357042685775493,-0.09034046625572133,-0.4858707579346917,-0.021062412366213274,0.028132941870708323,-0.49357042685775493
GRNBOOST2,-0.3252905677826704,-0.4893103647696847,0.03942677655029597,-0.4058528042549568,0.43285578066425606,0.4442474784490679,-0.4893103647696847
PPCOR,0.18409301363524752,0.033396095884447786,0.5456180465668041,0.0938924729217134,0.2293002173809265,0.1387407656456651,0.033396095884447786
SINCERITIES,-0.125,-0.09240811654475165,-0.24372916412910237,-0.1800002975213988,-0.22363784223855565,-0.33243606835901185,-0.09240811654475165
