,Clustering Coefficient,Global Efficiency,Local Efficiency,Shortest Path Length,Assortativity,Centralization
PIDC,0.697902280769137,-0.04311073541842771,0.31040843232328297,0.10251450676982583,2.4698996377587927,0.0
GRNBOOST2,0.38898922130243285,-0.004226542688080966,0.1792889828570054,0.009671179883945807,1.0627986233289686,0.0
PPCOR,0.30005915177238474,-0.01648351648351636,0.1258355575283235,0.038684719535783355,0.9232802777777244,0.49999999999999994
SINCERITIES,0.7284876202566899,0.032746517696350605,0.35892028092386835,-0.041291733243629655,-1.646257767825875,2.316363636363636
