,Clustering Coefficient,Assortativity,In Centralization
GRNBOOST2,0.3568570116509746,0.1088502651094595,0.11979166666666667
SINCERITIES,0.33871451620270454,0.19474198048994443,0.6616257088846881
ground truth,0.18263943463943463,0.06388752134703515,0.11979166666666667
