,Clustering Coefficient,Assortativity,In Centralization
GRNBOOST2,0.17421757701153998,0.044962743762424345,0.0
SINCERITIES,0.1560750815632699,0.13085445914290927,0.5418340422180214
