,Clustering Coefficient,Global Efficiency,Local Efficiency,Shortest Path Length,Assortativity,Centralization
PIDC,0.24647330447330457,-0.02833333333333332,0.17911572871572845,0.17666666666666653,0.35536132373693374,0.0
GRNBOOST2,0.13737662337662337,-0.002777777777777657,0.10345555555555541,0.016666666666666607,0.15291209402932696,0.0
PPCOR,0.10596980796980804,-0.01083333333333325,0.07261119621119594,0.06666666666666665,0.13283863711523716,0.09057971014492752
SINCERITIES,0.25727491653226947,0.02152173913043487,0.20710863808486346,-0.07115942028985511,-0.23685834462393834,0.41963109354413697
