,Clustering Coefficient,Assortativity,In Centralization
GRNBOOST2,0.9538880656057602,0.703779749384673,0.0
SINCERITIES,0.8545530261380415,2.04820059354176,4.5231363524287005
