,PageRank,Centrality,Betweenness,Radiality,Clustering Coefficient,Local Efficiency,Node Degrees
PIDC,0.03616080082278686,-0.01474637282526634,0.10117330442971216,-0.009540510016056476,0.20912205945206894,0.051607957678575976,-0.01474637282526634
GRNBOOST2,0.18230769230769234,0.11961519753091097,0.15538461538461537,0.17059856046613026,0.13474158765440566,-0.06118914871790809,0.11961519753091097
PPCOR,0.06461538461538462,0.03146512322555434,0.05538461538461539,0.09322711312425067,0.1281029724672664,0.10463550876380878,0.03146512322555434
SINCERITIES,0.10480539495420045,0.06123832885203747,0.008710814612932691,-0.0022031349119779023,0.24363936853014337,0.13853207128745493,0.06123832885203747
