,PageRank,Out Centrality,Betweenness,Clustering Coefficient,Node In Degrees
GRNBOOST2,-0.1507982332184303,-0.07912394150518258,-0.026158877190952196,-0.0023130328193871207,-0.11540863885265859
SINCERITIES,-0.0008931776164276818,0.0685636365818915,-0.10286208689476423,0.4545653618979029,-0.09260119094702005
