,Clustering Coefficient,Global Efficiency,Local Efficiency,Shortest Path Length,Assortativity,Centralization
PIDC,0.5996363636363636,0.6288888888888888,0.756148148148148,1.9,0.21148449639370148,0.18115942028985507
GRNBOOST2,0.49053968253968244,0.6544444444444445,0.680487974987975,1.74,0.00903526668609469,0.18115942028985507
PPCOR,0.4591328671328671,0.6463888888888889,0.6496436156436155,1.79,-0.01103819022799511,0.2717391304347826
SINCERITIES,0.6104379756953285,0.678743961352657,0.784141057517283,1.6521739130434783,-0.3807351719671706,0.6007905138339921
ground truth,0.35316305916305907,0.6572222222222222,0.5770324194324196,1.7233333333333334,-0.14387682734323226,0.18115942028985507
