,Clustering Coefficient,Global Efficiency,Local Efficiency,Shortest Path Length,Assortativity,Centralization
PIDC,0.6321818181818182,0.6194444444444445,0.6983665223665223,1.9233333333333333,0.32705895495294335,0.1503623188405797
GRNBOOST2,0.5646868686868686,0.6258333333333334,0.7254372294372294,1.8866666666666667,0.1365374613760815,0.1503623188405797
PPCOR,0.4191486291486291,0.6461111111111112,0.5983239538239538,1.7633333333333334,-0.024190991327055416,0.1956521739130435
SINCERITIES,0.3545886711327888,0.6506642512077295,0.5610046271810977,1.7934782608695652,-0.24525656829333106,0.4743083003952569
ground truth,0.28643290043290043,0.6527777777777778,0.4733888407888408,1.7233333333333334,-0.0012657586957598068,0.1503623188405797
