,Clustering Coefficient,Assortativity,In Centralization
GRNBOOST2,2.1685186401697427,2.1448268378894264,0.3731343283582088
SINCERITIES,0.39913891977939564,-0.8474968863823875,1.5352255734559714
