,Clustering Coefficient,Assortativity,In Centralization
GRNBOOST2,0.3269757044427871,0.2109539703576721,0.04340277777777776
SINCERITIES,0.06018335606983083,-0.08335536924932235,0.17857658580130223
