,PageRank,Out Centrality,Betweenness,Clustering Coefficient,Node In Degrees
GRNBOOST2,0.002307692307692308,-0.03039959190147197,-0.21384615384615382,-0.10398615253405068,0.012828224407869092
SINCERITIES,-0.38882056657089287,0.0683934709541848,-0.05822755908480845,0.2838485249398326,-0.0033575300757783407
