,Clustering Coefficient,Global Efficiency,Local Efficiency,Shortest Path Length,Assortativity,Centralization
PIDC,0.34574891774891775,-0.033333333333333326,0.2249776815776815,0.19999999999999996,0.32832471364870314,0.0
GRNBOOST2,0.27825396825396814,-0.026944444444444438,0.25204838864838863,0.16333333333333333,0.13780322007184131,0.0
PPCOR,0.13271572871572868,-0.006666666666666599,0.12493511303511295,0.040000000000000036,-0.02292523263129561,0.045289855072463775
SINCERITIES,0.06815577069988837,-0.002113526570048263,0.08761578639225687,0.0701449275362318,-0.24399080959757125,0.3239459815546772
