,Clustering Coefficient,Assortativity,In Centralization
GRNBOOST2,0.4777586852232487,0.1125991910202142,0.1597222222222222
SINCERITIES,0.21096633685029245,-0.18171014858678025,0.2948960302457467
ground truth,0.15078298078046162,-0.0983547793374579,0.11631944444444445
