,Clustering Coefficient,Global Efficiency,Local Efficiency,Shortest Path Length,Assortativity,Centralization
PIDC,1.2070852099265483,-0.05106382978723403,0.4752492289484169,0.11605415860735006,259.38965677152004,0.0
GRNBOOST2,0.9714455561265097,-0.04127659574468084,0.5324341575698803,0.09477756286266924,108.87005598576678,0.0
PPCOR,0.4633396810043425,-0.010212765957446704,0.26391647261250367,0.023210831721470038,-18.1118507880636,0.30120481927710846
SINCERITIES,0.2379467253827376,-0.0032377428307122326,0.1850820696285459,0.04070305272895462,-192.7624992148357,2.1544359255202625
