,PageRank,Centrality,Betweenness,Radiality,Clustering Coefficient,Local Efficiency,Node Degrees
PIDC,-0.4396537166270126,-0.4532949004041015,-0.24331098853614005,-0.2603406040982007,-0.252702721538344,-0.17180297744198067,-0.4532949004041015
GRNBOOST2,-0.11778294483141893,-0.09632913802294717,0.10931488997425808,0.06852228503620672,0.12118876632418168,0.18748805603971552,-0.09632913802294717
PPCOR,-0.04538461538461538,0.09783749876278162,-0.36692307692307696,0.07096814772883965,-0.13797103767629476,-0.0465474138250767,0.09783749876278162
SINCERITIES,0.3313043478260869,0.36581670867716326,0.15926898982390558,0.2643880723565571,0.20361896659189435,0.3786726942593881,0.36581670867716326
