,Clustering Coefficient,Global Efficiency,Local Efficiency,Shortest Path Length,Assortativity,Centralization
PIDC,0.011779701779701834,-0.0031746031746032743,-0.0565688632355299,0.01904761904761898,0.11121617628485002,-0.24725274725274723
GRNBOOST2,0.01479557479557475,-0.0031746031746032743,-0.04007856341189686,0.01904761904761898,-0.041464974909401764,-0.0824175824175824
PPCOR,0.019874939874939934,-0.0031746031746032743,-0.06288279621612947,0.01904761904761898,0.07150450865867236,-0.0824175824175824
SINCERITIES,0.08294964294964291,0.0031746031746031633,0.0032387365720698558,-0.019047619047619202,-0.2733344564944418,0.2472527472527472
