,PageRank,Centrality,Betweenness,Radiality,Clustering Coefficient,Local Efficiency,Node Degrees
PIDC,-0.4071428571428571,-0.44238606000727376,-0.075,-0.32472379992796313,0.27223389230656186,0.20018042403308314,-0.44238606000727376
GRNBOOST2,-0.22499999999999998,-0.12269393576823605,-0.475,-0.1352869810410699,-0.6339321773012093,-0.5062910060179087,-0.12269393576823605
PPCOR,-0.3428571428571428,-0.3044044780933142,-0.6214285714285712,-0.31998997580444777,-0.47703151727494203,-0.14247075223976188,-0.3044044780933142
SINCERITIES,-0.13966030675313618,-0.18425957520530378,-0.10660175018175118,-0.14325421366404462,0.20019232094559844,0.11111571950755611,-0.18425957520530378
