,Clustering Coefficient,Assortativity,In Centralization
GRNBOOST2,0.03720966887767201,-0.4847860690413871,0.3749999999999999
SINCERITIES,-0.011628913334159545,3.0538723179482097,3.0
