,Clustering Coefficient,Global Efficiency,Local Efficiency,Shortest Path Length,Assortativity,Centralization
PIDC,0.025201177221181866,-0.004494382022472051,-0.081290997440216,0.011904761904761862,0.5117202566543352,-0.5844155844155844
GRNBOOST2,0.03165325485192112,-0.004494382022472051,-0.057593987387707206,0.011904761904761862,-0.19078580393250796,-0.19480519480519476
PPCOR,0.042519911914219395,-0.004494382022472051,-0.09036429112877013,0.011904761904761862,0.3290016501650068,-0.19480519480519476
SINCERITIES,0.17746023553922452,0.004494382022471894,0.004654152679248167,-0.011904761904762001,-1.2576477892169928,0.5844155844155843
