,Clustering Coefficient,Global Efficiency,Local Efficiency,Shortest Path Length,Assortativity,Centralization
PIDC,0.47920634920634925,0.7031746031746031,0.6393121693121694,1.619047619047619,-0.10612166570715865,0.17582417582417584
GRNBOOST2,0.48222222222222216,0.7031746031746031,0.6558024691358024,1.619047619047619,-0.25880281690141044,0.34065934065934067
PPCOR,0.48730158730158735,0.7031746031746031,0.6329982363315698,1.619047619047619,-0.1458333333333363,0.34065934065934067
SINCERITIES,0.5503762903762903,0.7095238095238096,0.6991197691197691,1.5809523809523809,-0.4906722984864505,0.6703296703296703
ground truth,0.4674266474266474,0.7063492063492064,0.6958810325476993,1.6,-0.21733784199200867,0.4230769230769231
