,Clustering Coefficient,Assortativity,In Centralization
GRNBOOST2,0.2846132898939916,-0.23483704254668028,0.28061224489795916
SINCERITIES,0.2712118437118437,0.32484498000904144,0.8163265306122449
ground truth,0.2744028506810601,-0.15816220763594355,0.20408163265306123
