,Clustering Coefficient,Assortativity,In Centralization
GRNBOOST2,0.010210439212931521,-0.07667483491073673,0.07653061224489793
SINCERITIES,-0.00319100696921637,0.48300718764498496,0.6122448979591837
