,PageRank,Out Centrality,Betweenness,Clustering Coefficient,Node In Degrees
GRNBOOST2,-0.1857142857142857,0.13365167675417725,-0.04642857142857142,-0.035040558556760706,-0.05152906345767813
SINCERITIES,-0.5308108929568351,-0.18164921411333537,-0.10741723110591493,0.11121230057103772,-0.5533341679400572
