,Clustering Coefficient,Assortativity,In Centralization
GRNBOOST2,0.42335022858278676,0.289482588126088,0.27040816326530615
SINCERITIES,0.3799069665563525,0.10706735571665044,0.585
ground truth,0.24778277278277272,0.06409466337361323,0.11979166666666667
