,Clustering Coefficient,Assortativity,In Centralization
GRNBOOST2,0.7085539233751786,3.516485037742837,1.2573203194321207
SINCERITIES,0.5332259070706702,0.670456635251296,3.883478260869565
