,Clustering Coefficient,Assortativity,In Centralization
GRNBOOST2,0.17556745580001404,0.22538792475247477,0.15061649659863946
SINCERITIES,0.13212419377357976,0.0429726923430372,0.4652083333333333
