,PageRank,Out Centrality,Betweenness,Clustering Coefficient,Node In Degrees
GRNBOOST2,3.6206896551724133,0.0,3.6206896551724133,10.86206896551724,0.0
SINCERITIES,5.550918196994992,2.2203672787979967,2.2203672787979967,0.0,2.2203672787979967
