,PageRank,Out Centrality,Betweenness,Clustering Coefficient,Node In Degrees
GRNBOOST2,0.27499999999999997,0.2984139988146353,0.4003146244657458,0.3976659324765946,-0.49340216140983334
SINCERITIES,0.05613653562187101,0.28154067164385366,0.17621829345469062,0.19324563001835338,0.0667725643719539
