,Clustering Coefficient,Global Efficiency,Local Efficiency,Shortest Path Length,Assortativity,Centralization
PIDC,0.5479354700160903,0.26865004913785406,0.18297679447424606,-0.1893352549090254,1.1551508738065748,-0.12450436161776365
GRNBOOST2,0.5726659439692742,-0.23716608594657385,0.24426215248194785,0.919854280510018,2.420958418394756,-0.5154639175257731
PPCOR,0.4721079198994273,-0.19638663053297206,0.20970177418538294,0.6502732240437158,2.323331080521358,-0.5154639175257731
SINCERITIES,0.3112502916644752,0.06465350367789395,0.10013766399714591,-0.008587041373926662,0.4319784591409594,0.19055887140531746
