,PageRank,Centrality,Betweenness,Radiality,Clustering Coefficient,Local Efficiency,Node Degrees
PIDC,0.058042800020956575,0.019406595011531982,0.07451944409687433,0.12275295462177144,0.15826766623670377,0.4417042684877917,0.019406595011531982
GRNBOOST2,0.20216722206944918,0.1154035752773279,0.1689344864442997,0.07094298747537955,0.1966820604238152,0.3074972357573661,0.1154035752773279
PPCOR,-0.1830129471357702,-0.08610484368313331,-0.27141231905036595,-0.003106206142688512,-0.31110995466780683,-0.2629334770241742,-0.08610484368313331
SINCERITIES,0.12934682780794654,0.23819167787284545,0.13899927286934516,0.2307443219536062,0.25593628114519307,0.14346968820481787,0.23819167787284545
