,Clustering Coefficient,Global Efficiency,Local Efficiency,Shortest Path Length,Assortativity,Centralization
PIDC,0.7344877344877345,0.7802197802197802,0.7776747062461349,1.4835164835164836,0.07652098155945992,0.3076923076923077
GRNBOOST2,0.746222222222222,0.4691428571428571,0.8179629629629629,3.513333333333333,0.7008219178082173,0.17028985507246377
PPCOR,0.6985079365079363,0.4942222222222222,0.7952433862433863,3.02,0.6526717557251932,0.17028985507246377
SINCERITIES,0.6221817864675008,0.6547619047619048,0.7232172589315446,1.8142857142857143,-0.2801503129633598,0.41842105263157897
ground truth,0.4744950604950604,0.615,0.6573879638879638,1.83,-0.4932036776979933,0.35144927536231885
