,PageRank,Out Centrality,Betweenness,Clustering Coefficient,Node In Degrees
GRNBOOST2,0.3636363636363637,0.17863879741432723,-0.19580028650150308,0.1298253605771632,0.25287356321839083
SINCERITIES,0.347131285538463,-0.3059071729957806,-0.19958661790658866,-0.04159240814893464,0.31222177309917015
