,Clustering Coefficient,Global Efficiency,Local Efficiency,Shortest Path Length,Assortativity,Centralization
PIDC,0.2318978256280344,-0.07734553775743702,0.0107024934532618,0.22941176470588237,1.4555642784780882,-0.36144578313253006
GRNBOOST2,0.3513189606642739,0.12856251300187221,0.1415716282717876,-0.1016042780748663,0.6858177149375074,-0.12289156626506018
PPCOR,0.07960382802054745,-0.04462242562929062,-0.07968044328057981,0.12352941176470586,1.1756411782823712,-0.18072289156626503
SINCERITIES,-0.5093501512912533,-0.019450800915331738,-0.45943025457428294,0.052941176470588186,-0.3367619991267982,-0.18072289156626503
