,Clustering Coefficient,Assortativity,In Centralization
GRNBOOST2,0.14132024912543067,-0.024537564034547342,0.31485073368190253
SINCERITIES,-0.2227655658181974,0.46692017557389454,0.22959183673469385
