,Clustering Coefficient,Assortativity,In Centralization
GRNBOOST2,0.4885575160819959,-0.06746710030441742,0.4628099173553719
SINCERITIES,0.12447170113836781,0.4239906393040245,0.37755102040816324
ground truth,0.3472372669565652,-0.04292953626987008,0.14795918367346939
