,PageRank,Centrality,Betweenness,Radiality,Clustering Coefficient,Local Efficiency,Node Degrees
PIDC,3.6206896551724133,3.6206896551724133,0.0,3.6206896551724133,0.0,0.0,3.6206896551724133
GRNBOOST2,2.869565217391304,2.869565217391304,2.869565217391304,2.869565217391304,0.0,0.0,2.869565217391304
PPCOR,3.6206896551724133,3.6206896551724133,0.0,3.6206896551724133,0.0,0.0,3.6206896551724133
SINCERITIES,0.0,0.0,0.0,0.0,0.0,0.0,0.0
