,Clustering Coefficient,Assortativity,In Centralization
GRNBOOST2,0.40698468330908727,-0.5715776634598527,2.127956682815617
SINCERITIES,-0.6415370325042399,10.876431849593505,1.5517241379310343
