,PageRank,Centrality,Betweenness,Radiality,Clustering Coefficient,Local Efficiency,Node Degrees
PIDC,0.24237335394474352,0.22789435175173156,-0.017164352387536733,0.19160871065872684,-0.15018415774169466,-0.25411504410558106,0.22789435175173156
GRNBOOST2,-0.18181818181818185,-0.16910097159687273,-0.059544749808759435,-0.21062412366213276,-0.04448426745107265,-0.049733648611832444,-0.16910097159687273
PPCOR,0.19839150013118906,0.28191583335590154,0.30080585017817363,0.2806234479870985,0.028131088470842638,-0.07713299451087824,0.28191583335590154
SINCERITIES,-0.15907066226734978,-0.11636440571762245,-0.24753452826913322,-0.07664348426349074,-0.3038321167883211,-0.31967213114754095,-0.11636440571762245
