,Clustering Coefficient,Global Efficiency,Local Efficiency,Shortest Path Length,Assortativity,Centralization
PIDC,0.1268109668109667,-0.053650793650793616,0.008138528138528,0.37142857142857144,0.684170310453846,-0.1648351648351648
GRNBOOST2,0.19211519961519952,0.08917748917748913,0.10765572390572387,-0.16450216450216448,0.3223602872654622,-0.05604395604395601
PPCOR,0.04353054353054353,-0.030952380952380953,-0.06059163059163053,0.19999999999999996,0.5525958570299467,-0.0824175824175824
SINCERITIES,-0.2785329485329486,-0.013492063492063444,-0.34936588103254784,0.08571428571428563,-0.15829088752613807,-0.0824175824175824
