,Clustering Coefficient,Global Efficiency,Local Efficiency,Shortest Path Length,Assortativity,Centralization
PIDC,0.3532119690311778,-0.02483069977426628,0.1422485221735796,0.06395348837209307,1.1038084504088823,2.0000000000000004
GRNBOOST2,0.2332077840552414,-0.011286681715575581,0.10091266602359582,0.0290697674418605,0.4648283710630246,2.0000000000000004
PPCOR,0.18832391713747645,-0.006772009029345349,0.03509683163908903,0.01744186046511635,0.5049375000000298,2.0000000000000004
SINCERITIES,-0.21629667674865413,0.0,-0.3333546940803748,0.0,-1.626454571807025,4.0
