,PageRank,Centrality,Betweenness,Radiality,Clustering Coefficient,Local Efficiency,Node Degrees
PIDC,-0.19660418931919638,-0.3491282676376716,0.03932083786383928,-0.40045503104207997,0.3013674622424985,0.1609714833788584,-0.3491282676376716
GRNBOOST2,0.6428571428571428,0.5506887917539348,0.4892857142857142,-0.030948515279598687,0.462384651550359,0.3693693693693693,0.5506887917539348
PPCOR,-0.09999999999999999,0.01235415527768502,0.03214285714285714,-0.2018168233070277,0.4479786600902005,0.2962317121580858,0.01235415527768502
SINCERITIES,0.12511175683948864,0.012320354515909548,0.12153713521550323,-0.10344268512107739,0.251364887303981,0.2732192273965054,0.012320354515909548
