,Clustering Coefficient,Assortativity,In Centralization
GRNBOOST2,0.16785007110498856,0.35492636325845167,0.07653061224489796
SINCERITIES,-0.05255170755170749,-0.08011866650180813,0.4591836734693877
