,Clustering Coefficient,Assortativity,In Centralization
GRNBOOST2,0.4207072139621314,0.1844277783908286,0.15306122448979592
SINCERITIES,0.20030543530543535,-0.2506172513694312,0.5357142857142857
ground truth,0.25285714285714284,-0.17049858486762307,0.07653061224489796
