,Clustering Coefficient,Global Efficiency,Local Efficiency,Shortest Path Length,Assortativity,Centralization
PIDC,0.6843386243386241,0.6857142857142857,0.8145017636684303,1.7428571428571429,0.018662193331935143,0.24725274725274726
GRNBOOST2,0.6236507936507935,0.6952380952380952,0.7850264550264551,1.6857142857142857,-0.09621062992126031,0.24725274725274726
PPCOR,0.6009523809523809,0.6984126984126984,0.7380952380952382,1.6666666666666667,-0.08900000000000048,0.24725274725274726
SINCERITIES,0.3963299663299663,0.7031746031746031,0.47536395703062373,1.638095238095238,-0.472171608414777,0.41208791208791207
ground truth,0.5057142857142857,0.7031746031746031,0.7130687830687831,1.638095238095238,-0.1797752808988882,0.08241758241758242
