,PageRank,Out Centrality,Betweenness,Clustering Coefficient,Node In Degrees
GRNBOOST2,0.2571428571428571,,-0.12153713521550323,0.2946568857918955,0.0
SINCERITIES,-0.49099025303098287,,-0.04029114820126901,0.2937502492202281,-0.26233609114855155
