,Clustering Coefficient,Global Efficiency,Local Efficiency,Shortest Path Length,Assortativity,Centralization
PIDC,0.17862433862433846,-0.0174603174603174,0.10143298059964723,0.10476190476190483,0.19843747423082334,0.16483516483516486
GRNBOOST2,0.11793650793650778,-0.007936507936507908,0.071957671957672,0.04761904761904767,0.08356465097762789,0.16483516483516486
PPCOR,0.09523809523809523,-0.004761904761904745,0.025026455026455174,0.028571428571428692,0.09077528089888771,0.16483516483516486
SINCERITIES,-0.10938431938431936,0.0,-0.23770482603815934,0.0,-0.29239632751588884,0.32967032967032966
