,Clustering Coefficient,Assortativity,In Centralization
GRNBOOST2,0.6638138405282034,2.0816968277714465,1.0
SINCERITIES,-0.20783161178641382,-0.46990810254532683,5.999999999999999
