,Clustering Coefficient,Global Efficiency,Local Efficiency,Shortest Path Length,Assortativity,Centralization
PIDC,1.404425352591521,0.018387169640840466,0.5684676869663925,0.289121465230955,10.374391207385779,0.7067957249445451
GRNBOOST2,0.08073002346954453,-0.008583690987124262,0.01145516529082115,0.019120458891013315,0.49083980465886995,0.5747126436781608
PPCOR,0.16560628742514993,-0.020600858369098675,0.05471860322088382,0.04780114722753342,2.3547817342153747,0.2873563218390805
SINCERITIES,1.1877738883135986,0.0068669527896996155,0.5736772308122942,-0.015296367112810806,-6.449202700434615,3.4482758620689653
