,Clustering Coefficient,Assortativity,In Centralization
GRNBOOST2,0.2718731882541754,-3.1973951120658244,0.7731958762886596
SINCERITIES,2.224378662194217,-2.7072764166992167,3.8659793814432986
