,Clustering Coefficient,Assortativity,In Centralization
GRNBOOST2,0.04601190757557014,-0.12069559916962361,0.13020833333333331
SINCERITIES,0.37645457455799275,-0.10219454830535085,0.6510416666666666
