,Clustering Coefficient,Global Efficiency,Local Efficiency,Shortest Path Length,Assortativity,Centralization
PIDC,0.454863580863581,0.011900584795321745,0.2981437747437745,0.5040350877192983,0.7293282440693232,0.11139715230104244
GRNBOOST2,0.026146742146742175,-0.005555555555555425,0.006007881007880744,0.033333333333333215,0.03450644242105756,0.09057971014492752
PPCOR,0.053636363636363704,-0.013333333333333308,0.028698220298220112,0.08333333333333326,0.16554309482364132,0.045289855072463775
SINCERITIES,0.38469476722108303,0.004444444444444473,0.30087601986961254,-0.02666666666666684,-0.4533842600620766,0.5434782608695652
