,PageRank,Out Centrality,Betweenness,Clustering Coefficient,Node In Degrees
GRNBOOST2,-0.04123321719412882,-0.29197776303548495,0.0740513383233639,-0.30395376350971803,-0.29062734619597347
SINCERITIES,0.06078917900053904,0.29120732632733237,0.021035874424908337,-0.039783712140936185,-0.021815377450367383
