,PageRank,Centrality,Betweenness,Radiality,Clustering Coefficient,Local Efficiency,Node Degrees
PIDC,0.21335229882506598,0.04763845868311309,0.058762705578283406,-0.019823054440731954,-0.7259071877964813,-0.6401637407882979,0.04763845868311309
GRNBOOST2,-0.09769230769230769,-0.12455935932658135,-0.049999999999999996,-0.04463224360703851,-0.11458334186082908,-0.09886516820698109,-0.12455935932658135
PPCOR,-0.27384615384615385,-0.3112156706342253,-0.2646153846153846,-0.30966660681230446,-0.0005791506223185883,0.024639080142984524,-0.3112156706342253
SINCERITIES,0.026184075999599266,0.02499101482834088,0.00430252472265366,0.1234638775474277,-0.23287849304947306,-0.30415469358276126,0.02499101482834088
