,Clustering Coefficient,Assortativity,In Centralization
GRNBOOST2,0.2152522356529141,-0.08294749643619487,0.2986111111111111
SINCERITIES,0.5456949026353367,-0.06444644557192213,0.8194444444444444
ground truth,0.16924032807734396,0.03774810273342873,0.1684027777777778
