,Clustering Coefficient,Global Efficiency,Local Efficiency,Shortest Path Length,Assortativity,Centralization
PIDC,0.7787423687423688,0.6591228070175439,0.8226129426129425,2.2473684210526317,0.6590274206773832,0.26900584795321636
GRNBOOST2,0.35002553002553,0.6416666666666667,0.5304770488770487,1.7766666666666666,-0.03579438097088247,0.24818840579710144
PPCOR,0.3775151515151515,0.6338888888888888,0.5531673881673881,1.8266666666666667,0.09524227143170129,0.2028985507246377
SINCERITIES,0.7085735550998709,0.6516666666666666,0.8253451877387805,1.7166666666666666,-0.5236850834540167,0.7010869565217391
ground truth,0.3238787878787878,0.6472222222222221,0.524469167869168,1.7433333333333334,-0.07030082339194003,0.15760869565217392
