,Clustering Coefficient,Global Efficiency,Local Efficiency,Shortest Path Length,Assortativity,Centralization
PIDC,0.8336925334727192,0.6544444444444445,0.9156762137071734,1.7066666666666668,-0.5992062221083428,0.6068840579710145
GRNBOOST2,0.7591282126885842,0.6494444444444445,0.8268656936458794,1.7366666666666666,-0.6797897813850803,0.6068840579710145
PPCOR,0.31539549339549333,0.6494444444444445,0.44442041292041295,1.7366666666666666,-0.06765070500863275,0.3351449275362319
SINCERITIES,0.4074338863750628,0.6422222222222221,0.5783798989681344,1.78,-0.37511099474055803,0.47101449275362317
ground truth,0.49484913916492873,0.6483333333333333,0.6836153222995328,1.7433333333333334,-0.2732275817416653,0.5163043478260869
