,Clustering Coefficient,Assortativity,In Centralization
GRNBOOST2,0.6431961341748069,-0.0494842935135292,0.08680555555555555
SINCERITIES,0.24936152194526343,-0.09337266781603198,0.5208333333333334
ground truth,0.25452138691944515,0.13096555579834054,0.4340277777777778
