,PageRank,Out Centrality,Betweenness,Clustering Coefficient,Node In Degrees
GRNBOOST2,-0.23663512832633274,-0.07617464382538948,-0.41217952538616776,0.17405669846898672,-0.3319513400168921
SINCERITIES,-0.08254942205975306,0.08176611673307461,-0.04816522450971953,-0.19234495742916688,-0.11095095964188625
