,PageRank,Centrality,Betweenness,Radiality,Clustering Coefficient,Local Efficiency,Node Degrees
PIDC,0.30082708769595023,0.2338221321033506,0.1625114425350166,0.2610134002399003,-0.15446450806504744,-0.08266457505175577,0.2338221321033506
GRNBOOST2,-0.33262768053041936,-0.3477581459135137,0.0944376490139502,-0.3154519010021694,0.09745535300879558,0.11077159975230706,-0.3477581459135137
PPCOR,-0.08923076923076922,-0.06932496522148472,-0.10076923076923076,-0.1305108403253992,0.17664093980716944,0.2949558056030852,-0.06932496522148472
SINCERITIES,0.01923076923076923,0.08120821479946211,-0.08349365758470609,0.07934062680054622,-0.21363734128510525,-0.12104879850116523,0.08120821479946211
