,Clustering Coefficient,Assortativity,In Centralization
GRNBOOST2,0.3886747472553618,-0.18044984931186975,-0.3472222222222222
SINCERITIES,-0.0051598649741817215,-0.22433822361437253,0.08680555555555558
