,Clustering Coefficient,Assortativity,In Centralization
GRNBOOST2,1.5270808946926553,-1.3778420456575973,-0.7999999999999999
SINCERITIES,-0.020272814935645447,-1.7129559161326837,0.20000000000000004
