,Clustering Coefficient,Global Efficiency,Local Efficiency,Shortest Path Length,Assortativity,Centralization
PIDC,0.012857142857143011,0.004761904761904745,0.021428571428571352,-0.028571428571428692,0.007350227887016732,0.08241758241758243
GRNBOOST2,-0.03888888888888864,0.014285714285714235,-0.02855820105820117,-0.08571428571428585,0.03689439413393073,0.08241758241758243
PPCOR,-0.10105820105820079,-0.012698412698412653,-0.10102292768959442,0.10476190476190461,0.07575882725448395,0.16483516483516486
SINCERITIES,-0.004863945578231221,0.045054945054945006,-0.021313303099017245,-0.14139194139194156,-0.26153234561102884,0.2399267399267399
