,PageRank,Out Centrality,Betweenness,Clustering Coefficient,Node In Degrees
GRNBOOST2,0.0625558784197443,,-0.1948168785072037,0.5682353191373302,0.0
SINCERITIES,-0.29845948610990736,,-0.1705623451700075,-0.5469888121924384,-0.26250067794684123
