,Clustering Coefficient,Assortativity,In Centralization
GRNBOOST2,-0.004717948717948185,3.051388531183203,0.0
SINCERITIES,-0.03472761005228508,2.157870683085247,6.34516765285996
