,PageRank,Centrality,Betweenness,Radiality,Clustering Coefficient,Local Efficiency,Node Degrees
PIDC,0.1593554801539134,0.08333333333333333,0.23276643168549147,-0.4476465721762123,0.22688566533890428,0.33296627736990997,0.08333333333333333
GRNBOOST2,-0.1894549460712256,-0.019175887291829265,-0.026809662179890417,-0.22385631860822552,0.055394299444926326,0.10571389967942613,-0.019175887291829265
PPCOR,-0.3467382975265827,-0.2708270437622541,-0.36282409483451694,-0.4947529167802591,0.12382150822226264,0.20506265199748014,-0.2708270437622541
SINCERITIES,-0.41364161443972425,-0.5685156050029482,-0.5270124482085363,-0.3678841354188015,-0.6100487128229305,-0.6100487128229305,-0.5685156050029482
