,Clustering Coefficient,Global Efficiency,Local Efficiency,Shortest Path Length,Assortativity,Centralization
PIDC,0.5947619047619047,0.6904761904761905,0.7808465608465608,1.6952380952380952,-0.026837806301046346,0.17582417582417584
GRNBOOST2,0.5430158730158731,0.7,0.7308597883597883,1.638095238095238,0.002706359945867652,0.17582417582417584
PPCOR,0.4808465608465609,0.6730158730158731,0.658395061728395,1.8285714285714285,0.04157079306642087,0.25824175824175827
SINCERITIES,0.5770408163265305,0.7307692307692307,0.7381046863189722,1.5824175824175823,-0.29572037979909194,0.3333333333333333
ground truth,0.5819047619047617,0.6857142857142857,0.7594179894179894,1.723809523809524,-0.03418803418806308,0.09340659340659341
