,Clustering Coefficient,Global Efficiency,Local Efficiency,Shortest Path Length,Assortativity,Centralization
PIDC,0.02209492635024577,0.00694444444444442,0.028217097470911903,-0.016574585635359185,0.21499416569505772,0.8823529411764707
GRNBOOST2,-0.0668303327877792,0.02083333333333326,-0.037605378666481025,-0.04972375690607743,1.079161028416562,0.8823529411764707
PPCOR,-0.17366793962538604,-0.01851851851851845,-0.1330267772126618,0.06077348066298333,2.215945697191783,1.7647058823529413
SINCERITIES,-0.008358662613981643,0.06570512820512814,-0.028065312378696156,-0.08202294942626444,-7.649821109116129,2.568627450980392
