,Clustering Coefficient,Assortativity,In Centralization
GRNBOOST2,-0.001441595441595278,0.5123742822580052,0.0
SINCERITIES,-0.010611214182642659,0.36233912238723465,0.4855995652698949
