,Clustering Coefficient,Assortativity,In Centralization
GRNBOOST2,0.30411396011396014,0.3444591586931514,0.07653061224489796
SINCERITIES,0.29494434137291275,0.19442399882238084,0.5621301775147929
ground truth,0.3055555555555554,-0.16791512356485377,0.07653061224489796
