,Clustering Coefficient,Global Efficiency,Local Efficiency,Shortest Path Length,Assortativity,Centralization
PIDC,0.5843210123210123,0.5991666666666666,0.6869572094572095,2.0166666666666666,0.04785683585355391,0.40217391304347827
GRNBOOST2,0.7633288802700569,0.63,0.8646629435923553,1.8133333333333332,-0.3811411749042114,0.4927536231884058
PPCOR,0.42667543567543575,0.6305555555555555,0.589325221075221,1.81,-0.09128297339173966,0.40217391304347827
SINCERITIES,0.36910473839885605,0.6302777777777778,0.5364199754493871,1.8133333333333332,-0.2985284804852842,0.447463768115942
ground truth,0.29403174603174603,0.64,0.4613142857142856,1.7533333333333334,-0.029683300222041492,0.13043478260869565
