,PageRank,Centrality,Betweenness,Radiality,Clustering Coefficient,Local Efficiency,Node Degrees
PIDC,0.1423076923076923,0.04549238242385731,0.1907350124157605,-0.06283707058443065,-0.0183504237119257,-0.10845253694251349,0.04549238242385731
GRNBOOST2,-0.01769230769230769,0.0065063703547866515,-0.053867850463054666,-0.02408240199155899,-0.30833962919000035,-0.35249628241456804,0.0065063703547866515
PPCOR,0.13846153846153847,0.06248832211339266,-0.050769230769230775,-0.018318561314071634,-0.2646208528161999,-0.17593843164599882,0.06248832211339266
SINCERITIES,0.12230769230769231,0.1295049504950495,0.1658011186661823,0.3006501956416835,-0.17212800045416526,-0.14436961021279993,0.1295049504950495
