,Clustering Coefficient,Assortativity,In Centralization
GRNBOOST2,2.5677127382880855,-2.2049355123342584,1.7927272727272725
SINCERITIES,0.32239743042821495,-1.1908931748890834,3.0
