,Clustering Coefficient,Global Efficiency,Local Efficiency,Shortest Path Length,Assortativity,Centralization
PIDC,0.9872718514480552,-0.06380208333333341,0.4891305791528761,0.150190114068441,2.612247812593883,2.0833333333333335
GRNBOOST2,1.5960764120607633,-0.015625000000000014,0.874346774788334,0.03422053231939154,-11.840256038012681,2.777777777777778
PPCOR,0.451120300558867,-0.014756944444444496,0.27749180835084475,0.03231939163498097,-2.075229934303498,2.0833333333333335
SINCERITIES,0.2553227445005361,-0.015190972222222168,0.16280807263276065,0.03422053231939154,-9.05711892721451,2.4305555555555554
