,Clustering Coefficient,Assortativity,In Centralization
GRNBOOST2,0.39573075997554186,-0.21815326779003805,0.2334280303030303
SINCERITIES,0.04968724820930698,-0.11782532243578955,0.390625
