,Clustering Coefficient,Assortativity,In Centralization
GRNBOOST2,0.5498487631597215,-0.11921465186694025,0.36363636363636365
SINCERITIES,0.20380525139348665,-0.018886706512691753,0.5208333333333334
ground truth,0.15411800318417967,0.0989386159230978,0.13020833333333334
