,PageRank,Out Centrality,Betweenness,Clustering Coefficient,Node In Degrees
GRNBOOST2,0.19342087509568107,0.27598208655915335,0.11754113987173617,-0.3114919251442531,0.007204118969584819
SINCERITIES,0.08327940450598204,0.001995924491261667,-0.0008294828707956802,-0.07284641803311075,-0.20909993806798935
