,Clustering Coefficient,Global Efficiency,Local Efficiency,Shortest Path Length,Assortativity,Centralization
PIDC,0.29028926628926627,-0.04083333333333339,0.22564292374292388,0.2633333333333332,0.0775401360755954,0.2717391304347826
GRNBOOST2,0.4692971342383108,-0.010000000000000009,0.40334865787806967,0.05999999999999983,-0.35145787468216994,0.3623188405797102
PPCOR,0.13264368964368972,-0.009444444444444478,0.12801093536093539,0.05666666666666664,-0.061599673169698166,0.2717391304347826
SINCERITIES,0.07507299236711001,-0.009722222222222188,0.07510568973510151,0.05999999999999983,-0.26884518026324267,0.31702898550724634
