,PageRank,Out Centrality,Betweenness,Clustering Coefficient,Node In Degrees
GRNBOOST2,0.07874015748031496,0.5290178571428571,0.3339824732229795,0.0644910644910645,0.0890302066772655
SINCERITIES,0.04857142857142857,0.03672316384180791,0.06376811594202898,0.03672316384180791,0.03672316384180791
