,Clustering Coefficient,Assortativity,In Centralization
GRNBOOST2,-0.7093194620791664,63.88815320337764,0.5572338144070791
SINCERITIES,-0.9787704060033419,-10.978039334175655,9.097177372257283
