,PageRank,Out Centrality,Betweenness,Clustering Coefficient,Node In Degrees
GRNBOOST2,0.07893110637624312,0.07861317586232769,0.07830244794065305,0.038106849771290766,0.07519610393161669
SINCERITIES,-0.09650929187937268,0.0012127699361516534,0.008834515595399913,-0.00652712557676669,-0.1016045055124552
