,Clustering Coefficient,Assortativity,In Centralization
GRNBOOST2,-0.28217314399176363,0.30054314978717495,0.003140123865734726
SINCERITIES,-0.38936295628842266,-0.05164297846390433,0.05126441188398224
