,Clustering Coefficient,Assortativity,In Centralization
GRNBOOST2,0.06141692150866448,-1.1763238596699468,0.0
SINCERITIES,0.018730886850152905,0.5004001601281381,0.0
