,PageRank,Out Centrality,Betweenness,Clustering Coefficient,Node In Degrees
GRNBOOST2,-0.19999999999999998,0.4442616583193193,-0.20519567041703085,-0.2894736842105264,-0.5735393346764044
SINCERITIES,0.8999999999999998,-0.6315789473684211,-0.7071067811865475,-0.45883146774112354,0.8029550685469662
