,Clustering Coefficient,Global Efficiency,Local Efficiency,Shortest Path Length,Assortativity,Centralization
PIDC,0.9,0.95,0.95,1.1,-0.499999999999998,0.16666666666666666
GRNBOOST2,0.9,0.95,0.95,1.1,-0.499999999999998,0.16666666666666666
PPCOR,0.9,0.95,0.95,1.1,-0.499999999999998,0.16666666666666666
SINCERITIES,0.9,0.95,0.95,1.1,-0.499999999999998,0.16666666666666666
ground truth,0.9,0.95,0.95,1.1,-0.499999999999998,0.16666666666666666
