,Clustering Coefficient,Assortativity,In Centralization
GRNBOOST2,0.041196581196581095,-0.2391613625964584,0.0
SINCERITIES,0.012564102564102564,0.10173761516093903,0.0
