,Clustering Coefficient,Assortativity,In Centralization
GRNBOOST2,0.7119658119658119,-0.4424738777940693,0.4375
SINCERITIES,0.6833333333333333,-0.1015749000366719,0.4375
ground truth,0.6707692307692308,-0.20331251519761093,0.4375
