,Clustering Coefficient,Assortativity,In Centralization
GRNBOOST2,-0.6889919804838548,137.94045597605458,0.05069431143691252
SINCERITIES,-0.986260528477386,98.99337849044618,3.7971919528298437
