,Clustering Coefficient,Assortativity,In Centralization
GRNBOOST2,-0.34340657269113,0.31318321052305925,0.0002890057963132013
SINCERITIES,-0.4915708128084638,0.22475686249394583,0.021647606072080924
