,PageRank,Out Centrality,Betweenness,Clustering Coefficient,Node In Degrees
GRNBOOST2,0.11063149480712495,0.04660816367632146,0.04704152994739164,0.04443994225914033,0.16295269850993635
SINCERITIES,-0.01930694527624678,0.06219822104224671,-6.903960006448514e-05,0.03656487544735506,-0.0348577721664324
