,PageRank,Out Centrality,Betweenness,Clustering Coefficient,Node In Degrees
GRNBOOST2,-0.08699001807810679,0.2788409501779419,0.3400910559085392,-0.08686443255845945,-0.15546842577963835
SINCERITIES,-0.25299227559268245,-0.27488852934461566,-0.2131770977944898,0.19664874865229956,-0.004213272256683339
