,Clustering Coefficient,Global Efficiency,Local Efficiency,Shortest Path Length,Assortativity,Centralization
PIDC,0.5843773376382071,0.6768774703557312,0.6853412087107741,1.743083003952569,-0.02412472825205306,0.3593073593073593
GRNBOOST2,0.5703974718092366,0.6320555555555555,0.7076683904330963,1.9066666666666667,-0.36556362282416527,0.4492753623188406
PPCOR,0.4464888444888444,0.6486111111111111,0.6078338106338106,1.7833333333333334,-0.09675880917878868,0.22282608695652173
SINCERITIES,0.6455897918506613,0.6655555555555556,0.7783612112525157,1.68,-0.41878474474932903,0.6757246376811594
ground truth,0.34591053391053395,0.6616666666666666,0.5218718614718614,1.7033333333333334,-0.10604380371500079,0.17753623188405798
