,Clustering Coefficient,Assortativity,In Centralization
GRNBOOST2,0.27025091017754177,-0.03468223807951792,0.0
SINCERITIES,0.20238516584185492,-0.09250656611113892,0.6510416666666666
