,Clustering Coefficient,Assortativity,In Centralization
GRNBOOST2,1.5596185871825632,-1.0545598881270153,0.0
SINCERITIES,1.1679652298289018,-2.8127860083743763,4.032258064516129
