,Clustering Coefficient,Assortativity,In Centralization
GRNBOOST2,0.4435310393056176,-0.0017943590031418877,0.16145833333333334
SINCERITIES,0.3756652949699308,-0.05961868703476288,0.8125
ground truth,0.17328012912807586,0.03288787907637603,0.16145833333333334
