,Clustering Coefficient,Global Efficiency,Local Efficiency,Shortest Path Length,Assortativity,Centralization
PIDC,0.23846680372767315,0.015210803689064578,0.1634693472389127,0.03974967061923573,0.08191907546294773,0.18177112742330132
GRNBOOST2,0.22448693789870267,-0.029611111111111144,0.18579652896123489,0.20333333333333337,-0.2595198191091645,0.2717391304347826
PPCOR,0.10057831057831046,-0.013055555555555487,0.08596194916194921,0.08000000000000007,0.009284994536212107,0.04528985507246375
SINCERITIES,0.2996792579401274,0.0038888888888889417,0.2564893497806543,-0.023333333333333428,-0.31274094103432826,0.49818840579710144
