,PageRank,Centrality,Betweenness,Radiality,Clustering Coefficient,Local Efficiency,Node Degrees
PIDC,0.3642204212994359,0.4074010135790895,0.3952382384958042,0.32892526022595575,-0.05205756873692819,0.07250686074860288,0.4074010135790895
GRNBOOST2,0.4311009745463699,0.3942243441568576,0.546093328858492,0.25913359210415127,0.037615751938466155,-0.08248229789410567,0.3942243441568576
PPCOR,0.1992307692307692,0.20811319845058507,0.1473360288843337,0.18293356183110412,0.25858081367579,0.19395805631336907,0.20811319845058507
SINCERITIES,-0.17041739111164445,-0.20229849189228497,-0.009774577993659862,-0.15324916617264311,0.11044524292980373,0.11964698480810511,-0.20229849189228497
