,Clustering Coefficient,Assortativity,In Centralization
GRNBOOST2,0.4772955738758216,-0.08690772738717535,0.3668639053254438
SINCERITIES,0.4454300026467734,-0.2029354023814928,0.8163265306122449
ground truth,0.23506509166974285,-0.1353179658141408,0.35714285714285715
