,PageRank,Out Centrality,Betweenness,Clustering Coefficient,Node In Degrees
GRNBOOST2,0.28414165843991507,-0.12557895888393247,0.3602264923116091,0.005562013988117902,0.3063049023479348
SINCERITIES,0.023998477777970834,0.14132678545932875,0.0358350264101264,0.17905488690836893,0.16508114572433666
