,Clustering Coefficient,Global Efficiency,Local Efficiency,Shortest Path Length,Assortativity,Centralization
PIDC,0.2653391053391053,-0.023015873015873045,0.2276182459515793,0.14285714285714302,0.18522235801086925,0.0824175824175824
GRNBOOST2,0.1857671957671958,-0.024603174603174516,0.12751242584575917,0.1523809523809525,0.10663385220203841,0.0824175824175824
PPCOR,0.14459836459836461,-0.006349206349206327,0.18631473464806791,0.03809523809523818,0.05961643290218241,0.0824175824175824
SINCERITIES,0.3954008954008954,0.009523809523809601,0.36157169990503324,-0.05714285714285716,-0.3875690035421133,0.32967032967032966
