,Clustering Coefficient,Global Efficiency,Local Efficiency,Shortest Path Length,Assortativity,Centralization
PIDC,0.6602039350854517,-0.033105022831050275,0.423806076527528,0.08670520231213882,1.0759656738475747,0.23437499999999994
GRNBOOST2,0.4622169562927858,-0.03538812785388115,0.2374174384846743,0.09248554913294806,0.619441226597472,0.23437499999999994
PPCOR,0.3597826607305281,-0.00913242009132417,0.34690240389279864,0.02312138728323705,0.3463147542707627,0.23437499999999994
SINCERITIES,0.9838173937700004,0.013698630136986413,0.6732161689390159,-0.0346820809248555,-2.2514071656195624,0.9374999999999999
