,Clustering Coefficient,Assortativity,In Centralization
GRNBOOST2,1.0304825803161066,0.35775174520031505,0.027218934911242543
SINCERITIES,0.8949219532459755,-0.49969297247805616,1.2857142857142858
