,PageRank,Out Centrality,Betweenness,Clustering Coefficient,Node In Degrees
GRNBOOST2,0.3333333333333333,0.0,0.0,0.3333333333333333,0.3333333333333333
SINCERITIES,0.3333333333333333,0.3333333333333333,0.0,0.3333333333333333,0.3333333333333333
