,Clustering Coefficient,Global Efficiency,Local Efficiency,Shortest Path Length,Assortativity,Centralization
PIDC,0.6672438672438672,0.6722222222222222,0.7646993746993748,1.7904761904761906,0.013077128369362522,0.4340659340659341
GRNBOOST2,0.5876719576719577,0.6706349206349207,0.6645935545935546,1.8,-0.0655113774394683,0.4340659340659341
PPCOR,0.5465031265031265,0.6888888888888889,0.7233958633958634,1.6857142857142857,-0.11252879673932431,0.4340659340659341
SINCERITIES,0.7973056573056573,0.7047619047619048,0.8986528286528287,1.5904761904761904,-0.55971423318362,0.6813186813186813
ground truth,0.4019047619047619,0.6952380952380952,0.5370811287477955,1.6476190476190475,-0.17214522964150672,0.3516483516483517
