,PageRank,Centrality,Betweenness,Radiality,Clustering Coefficient,Local Efficiency,Node Degrees
PIDC,-0.05183201354778813,-0.1357033011483503,-0.24865871630421568,-0.24500574315693677,0.33182694398663104,0.3519421792782986,-0.1357033011483503
GRNBOOST2,-0.01966041893191964,-0.02986426562284628,0.10554578605718508,-0.0486487276175101,-0.04328225384499095,0.016158093390441042,-0.02986426562284628
PPCOR,0.2821428571428571,0.14827082805439207,0.6714285714285713,0.30092699784174665,-0.2743682310469314,-0.3856516201294467,0.14827082805439207
SINCERITIES,0.12914928060015152,0.22042480296855027,0.1735169699858752,0.2233217452879706,-0.17919466166160808,-0.09438701285390289,0.22042480296855027
