,Clustering Coefficient,Assortativity,In Centralization
GRNBOOST2,0.24223048220607876,0.04841023842696544,0.009721048182586622
SINCERITIES,0.21036491097703056,-0.067617436567352,0.45918367346938777
