,PageRank,Centrality,Betweenness,Radiality,Clustering Coefficient,Local Efficiency,Node Degrees
PIDC,0.1928571428571428,-0.15483088432133307,0.25,0.17170313160515752,0.1882150309544505,0.2351785157432667,-0.15483088432133307
GRNBOOST2,0.3714285714285714,0.2797154638927579,-0.049999999999999996,0.036517399881487125,0.37811439198899716,0.2914239456883676,0.2797154638927579
PPCOR,0.2678571428571428,0.4069352900342133,0.3291597395681704,0.22405407568922273,0.31595040374292266,0.2597401741769364,0.4069352900342133
SINCERITIES,0.1876676352592329,0.2774132398546079,0.12164599070997602,-0.017281954713449732,-0.17701950647739495,-0.1645145744654169,0.2774132398546079
