,Clustering Coefficient,Global Efficiency,Local Efficiency,Shortest Path Length,Assortativity,Centralization
PIDC,-0.04153439153439131,0.0015873015873016927,-0.06887566137566148,-0.00952380952380949,0.1778610283995844,0.16483516483516486
GRNBOOST2,-0.059047619047618904,0.009523809523809601,-0.03781746031746047,-0.05714285714285716,-0.09356178866129189,0.08241758241758242
PPCOR,0.04417989417989443,-0.00952380952380949,0.025079365079365146,0.05714285714285716,0.09286764327541842,0.16483516483516486
SINCERITIES,-0.20702741702741684,0.012698412698412653,-0.2058220298220299,-0.07619047619047614,-0.5436061719788424,0.32967032967032966
