,Clustering Coefficient,Assortativity,In Centralization
GRNBOOST2,0.6105862342364348,-15699380723259.393,0.0
SINCERITIES,-0.24799546770467581,-10594503023751.145,7.0
