,PageRank,Out Centrality,Betweenness,Clustering Coefficient,Node In Degrees
GRNBOOST2,0.18214285714285713,,-0.07334537675160319,0.026403573679634806,-0.22360679774997894
SINCERITIES,-0.014547859349066158,,-0.04057411124598246,-0.10146100553786577,0.0
