,Clustering Coefficient,Assortativity,In Centralization
GRNBOOST2,0.17997756142493,-0.15804338562081008,0.0
SINCERITIES,-0.07309961643294965,-0.10665332323349856,0.5357142857142857
