,Clustering Coefficient,Global Efficiency,Local Efficiency,Shortest Path Length,Assortativity,Centralization
PIDC,0.547989417989418,0.6968253968253969,0.7123941798941799,1.6761904761904762,0.1741435562805883,0.24725274725274726
GRNBOOST2,0.5304761904761904,0.7047619047619048,0.7434523809523809,1.6285714285714286,-0.097279260780288,0.16483516483516483
PPCOR,0.6337037037037038,0.6857142857142857,0.8063492063492065,1.7428571428571429,0.08915017115642232,0.24725274725274726
SINCERITIES,0.3824963924963925,0.7079365079365079,0.5754478114478114,1.6095238095238096,-0.5473236440978385,0.41208791208791207
ground truth,0.5895238095238093,0.6952380952380952,0.7812698412698413,1.6857142857142857,-0.003717472118996102,0.08241758241758242
