,Clustering Coefficient,Assortativity,In Centralization
GRNBOOST2,0.47473946618683466,-0.1580433856208,0.07653061224489796
SINCERITIES,0.22166228832895501,-0.1066533232334885,0.6122448979591837
ground truth,0.29476190476190467,1.0066854763682567e-14,0.07653061224489796
