,Clustering Coefficient,Global Efficiency,Local Efficiency,Shortest Path Length,Assortativity,Centralization
PIDC,-0.07045413749775588,0.002283105022831202,-0.08815860761208194,-0.005649717514124274,47.84461663901208,2.0000000000000004
GRNBOOST2,-0.10016155088852968,0.013698630136986413,-0.04840511986997175,-0.033898305084745776,-25.16812114963706,1.0
PPCOR,0.07494166217914243,-0.013698630136986254,0.03210077204388468,0.033898305084745776,24.981396040838955,2.0000000000000004
SINCERITIES,-0.3511773632936797,0.01826484018264834,-0.2634455074926429,-0.04519774011299432,-146.2300602608534,4.0
