,Clustering Coefficient,Assortativity,In Centralization
GRNBOOST2,-0.8284907953677512,145.34407830182195,-0.3513769989707026
SINCERITIES,-0.8963475605702699,187.86652243532274,6.1345166197531915
