,PageRank,Centrality,Betweenness,Radiality,Clustering Coefficient,Local Efficiency,Node Degrees
PIDC,0.05115511551155116,0.05550952775476388,0.04597701149425287,0.047697368421052634,0.04426229508196721,0.05202312138728324,0.05550952775476388
GRNBOOST2,0.04084967320261438,0.041700735895339326,0.04942339373970346,0.048559670781893,0.05115511551155116,0.05813953488372093,0.04084967320261438
PPCOR,0.04597701149425287,0.047697368421052634,0.0425531914893617,0.043407043407043405,0.03409090909090909,0.059900166389351084,0.047697368421052634
SINCERITIES,0.047619047619047616,0.04406779661016949,0.05239179954441914,0.04171364148816235,0.058419243986254296,0.06329113924050633,0.04406779661016949
