,PageRank,Out Centrality,Betweenness,Clustering Coefficient,Node In Degrees
GRNBOOST2,1.0194363250714829,5.365746119454795,4.045123337883644,0.9699785231620742,1.035976848226616
SINCERITIES,1.196427591749251,0.6562669660705237,0.8777735126647666,1.0814533337625547,1.1502798483374088
