,PageRank,Out Centrality,Betweenness,Clustering Coefficient,Node In Degrees
GRNBOOST2,-0.008672850178883276,0.0236016179212949,0.049768066754612074,-0.0017268789528142381,0.02095764303983881
SINCERITIES,0.05565094771992253,0.016227534333230972,0.013699901552933843,-0.02949378056753242,0.06914005867304095
