,Clustering Coefficient,Assortativity,In Centralization
GRNBOOST2,-0.3382696024510627,0.21189218944348318,-0.006918238822730904
SINCERITIES,-0.3659752584668091,0.2738842148029555,0.12078209775194501
