,PageRank,Centrality,Betweenness,Radiality,Clustering Coefficient,Local Efficiency,Node Degrees
PIDC,0.34883776747713713,0.29598828627201507,0.06440081861116377,0.20128096255929762,-0.143632901426681,-0.06008990360156496,0.29598828627201507
GRNBOOST2,0.5249999999999999,0.4202909571887923,0.2627346893629261,0.41100986619007174,-0.3466076122414604,-0.35599284436493733,0.4202909571887923
PPCOR,0.457142857142857,0.4728513940152496,0.42142857142857143,0.38433979606531476,-0.22607345128116688,-0.21912353687012553,0.4728513940152496
SINCERITIES,0.09651478384760549,0.018433813911789134,-0.03787381984310794,0.12102156320318627,0.37013711072260397,0.3016177432882328,0.018433813911789134
