,Clustering Coefficient,Global Efficiency,Local Efficiency,Shortest Path Length,Assortativity,Centralization
PIDC,0.5486475575292691,-0.06712962962962955,0.41985073842434434,0.19075144508670522,2.2829670060940455,0.0
GRNBOOST2,0.46386758175211934,-0.06712962962962955,0.3511851579334628,0.19075144508670522,2.4856101932158463,0.0
PPCOR,0.05974969721437227,-0.016203703703703807,0.12662707380739638,0.040462427745664734,0.5571143374144947,0.37499999999999994
SINCERITIES,0.27688675205833063,-0.01388888888888884,0.20250489336524918,0.0346820809248555,-0.5151713674557358,1.125
