,Clustering Coefficient,Global Efficiency,Local Efficiency,Shortest Path Length,Assortativity,Centralization
PIDC,0.6088888888888888,0.6396825396825397,0.7146957671957673,1.9619047619047618,0.36936936936937165,0.21978021978021978
GRNBOOST2,0.5755555555555555,0.6396825396825397,0.6801322751322751,1.9619047619047618,0.4277108433734915,0.21978021978021978
PPCOR,0.4166666666666667,0.6746031746031745,0.5670987654320988,1.7142857142857142,-0.12750787597413313,0.3021978021978022
SINCERITIES,0.5020394420394421,0.6761904761904762,0.6052926086259418,1.7047619047619047,-0.4362215784391178,0.46703296703296704
ground truth,0.3931746031746032,0.6857142857142857,0.5033597883597885,1.6476190476190475,-0.2879024695217266,0.21978021978021978
