,PageRank,Out Centrality,Betweenness,Clustering Coefficient,Node In Degrees
GRNBOOST2,0.07272727272727274,0.13317230321013312,-0.04100238428203847,-0.05922566618516668,-0.10300604888783801
SINCERITIES,0.138320833793122,0.1502496452850696,0.3411913900230343,0.007266484381118482,-0.06641557537115537
