,Clustering Coefficient,Assortativity,In Centralization
GRNBOOST2,0.42864106653580336,-0.013030511676157642,0.18
SINCERITIES,0.25850818483332066,-0.10450987178755233,0.5408163265306123
ground truth,0.19326953003423591,-0.1408965853366612,0.23469387755102042
