,Clustering Coefficient,Assortativity,In Centralization
GRNBOOST2,0.23537153650156745,0.12786607366050354,-0.054693877551020426
SINCERITIES,0.06523865479908475,0.03638671354910886,0.30612244897959184
