,Clustering Coefficient,Assortativity,In Centralization
GRNBOOST2,1.2178408901800173,0.9075171932306075,-0.23304347826086963
SINCERITIES,0.33755271608270754,0.25825120929769657,1.3043478260869565
