,Clustering Coefficient,Global Efficiency,Local Efficiency,Shortest Path Length,Assortativity,Centralization
PIDC,0.21571428571428564,-0.04603174603174598,0.21133597883597888,0.3142857142857143,0.6572718388910983,0.0
GRNBOOST2,0.1823809523809523,-0.04603174603174598,0.1767724867724867,0.3142857142857143,0.7156133128952181,0.0
PPCOR,0.02349206349206351,-0.011111111111111183,0.06373897707231035,0.06666666666666665,0.16039459354759347,0.0824175824175824
SINCERITIES,0.10886483886483889,-0.00952380952380949,0.10193282026615336,0.05714285714285716,-0.1483191089173912,0.24725274725274726
