,Clustering Coefficient,Assortativity,In Centralization
GRNBOOST2,0.3237160380758799,-0.2756706978315389,0.4919091897113875
SINCERITIES,0.03507670293833823,0.07458286259386786,0.3826530612244898
