,Clustering Coefficient,Global Efficiency,Local Efficiency,Shortest Path Length,Assortativity,Centralization
PIDC,0.27076960076960066,-0.01904761904761909,0.22213924963924958,0.1142857142857141,-0.04114490161001719,0.3296703296703296
GRNBOOST2,0.3236541236541236,-0.0015873015873015817,0.2893614718614719,0.00952380952380949,-0.3681567018052075,0.41208791208791207
PPCOR,0.04989417989417999,-0.011111111111111183,0.024501763668430265,0.06666666666666665,0.13830270839314943,0.08241758241758243
SINCERITIES,-0.06894179894179897,-0.011111111111111183,-0.06088624338624338,0.06666666666666665,-0.37758277029666404,0.16483516483516483
