,PageRank,Out Centrality,Betweenness,Clustering Coefficient,Node In Degrees
GRNBOOST2,-0.5016504685758358,,-0.048095737093479314,0.0880363416793304,-0.2424126915841932
SINCERITIES,-0.2584451453012244,,-0.14332905248732639,-0.3287986527386135,-0.0067243066568059276
