,PageRank,Centrality,Betweenness,Radiality,Clustering Coefficient,Local Efficiency,Node Degrees
PIDC,-0.37499999999999994,-0.40810233264811935,-0.32368987051672204,-0.3267556343149749,-0.11111129543596006,0.0,-0.40810233264811935
GRNBOOST2,-0.08400360816365664,-0.14668289494227707,-0.036885555678165864,-0.08493078771267276,-0.08948934027547951,0.04442159970150906,-0.14668289494227707
PPCOR,-0.5607142857142856,-0.5692874442491178,-0.4357142857142856,-0.4188789536207369,0.2886973587247959,0.14887946265462362,-0.5692874442491178
SINCERITIES,0.20467083222000565,0.20272978506013503,0.11669828152895058,0.1263393822865729,-0.1892636714890187,-0.40108810209714696,0.20272978506013503
