,Clustering Coefficient,Assortativity,In Centralization
GRNBOOST2,0.5476842920441338,-0.36442964814362866,0.6449704142011834
SINCERITIES,0.2590449569065921,-0.01417608771822187,0.5357142857142857
ground truth,0.2239682539682539,-0.08875895031208973,0.15306122448979592
