,Clustering Coefficient,Global Efficiency,Local Efficiency,Shortest Path Length,Assortativity,Centralization
PIDC,0.7228330928330927,0.6873015873015873,0.8194011544011544,1.7142857142857142,-0.19230769230769315,0.5054945054945055
GRNBOOST2,0.7757176157176157,0.7047619047619048,0.8866233766233766,1.6095238095238096,-0.5193194925028835,0.5879120879120879
PPCOR,0.501957671957672,0.6952380952380952,0.621763668430335,1.6666666666666667,-0.012860082304526545,0.25824175824175827
SINCERITIES,0.3831216931216931,0.6952380952380952,0.5363756613756614,1.6666666666666667,-0.52874556099434,0.34065934065934067
ground truth,0.45206349206349206,0.7063492063492064,0.5972619047619048,1.6,-0.15116279069767596,0.17582417582417584
