,Clustering Coefficient,Assortativity,In Centralization
GRNBOOST2,1.44536572634872,-3.105835488840726,3.213806706114398
SINCERITIES,0.15661461978138264,0.8402855411383682,2.5
