,Clustering Coefficient,Global Efficiency,Local Efficiency,Shortest Path Length,Assortativity,Centralization
PIDC,0.5989636533878104,-0.02696629213483152,0.371929379503627,0.07142857142857131,-0.2721893491124186,1.8749999999999996
GRNBOOST2,0.7159483774652313,-0.002247191011235947,0.48448004058926925,0.005952380952380931,-2.435498181172886,2.3437499999999996
PPCOR,0.11036985018726614,-0.015730337078651787,0.04102348312035364,0.04166666666666666,0.9149256093700561,0.46875000000000006
SINCERITIES,-0.15250468164794015,-0.015730337078651787,-0.10194228511948263,0.04166666666666666,-2.4978552496548287,0.9374999999999999
