,PageRank,Out Centrality,Betweenness,Clustering Coefficient,Node In Degrees
GRNBOOST2,-0.030520843070833078,0.05042036587366232,-0.4555366126253485,0.1754706418180429,-0.6101792298525178
SINCERITIES,-0.5388633472786711,0.32296358821005794,-0.6738663109168331,0.1847552208585501,-0.4862821476153733
