,Clustering Coefficient,Assortativity,In Centralization
GRNBOOST2,0.38437331152701165,-0.20799355007410186,0.35714285714285715
SINCERITIES,0.35774486177736947,-0.06401489490197927,0.8163265306122449
ground truth,0.4001961515065841,-0.15084460300728514,0.4336734693877551
