,PageRank,Centrality,Betweenness,Radiality,Clustering Coefficient,Local Efficiency,Node Degrees
PIDC,-0.33571428571428563,-0.3633074340695049,-0.3237410071942446,-0.3263838001607887,-0.2914037888818545,-0.3887890624366521,-0.3633074340695049
GRNBOOST2,-0.5928571428571427,-0.64941203839924,-0.4208633093525179,-0.6291002676768976,-0.15627982356487935,0.005410334519782954,-0.64941203839924
PPCOR,-0.5357142857142856,-0.6402748035391683,-0.519716599981174,-0.6633437562039307,0.15428096576929806,0.09756133386767503,-0.6402748035391683
SINCERITIES,-0.5142857142857142,-0.5088207367264946,-0.4789255003468012,-0.47845396040115934,0.09665861919908722,0.13899007539866456,-0.5088207367264946
