,Clustering Coefficient,Assortativity,In Centralization
GRNBOOST2,-0.015822839979572456,-0.057148947066816724,-0.07653061224489793
SINCERITIES,-0.042451289729214636,0.08682970810530587,0.38265306122448983
