,Clustering Coefficient,Global Efficiency,Local Efficiency,Shortest Path Length,Assortativity,Centralization
PIDC,-0.0621000533262229,-0.008968609865470665,0.010438374006032463,0.023668639053254354,0.6290477906006863,-0.33333333333333337
GRNBOOST2,0.02820457272363715,-0.01569506726457378,-0.012890732108582601,0.041420118343195256,-0.04944502206867156,-0.16666666666666674
PPCOR,-0.2663061591787762,0.004484304932735567,-0.12667832008043148,-0.011834319526627314,0.7356088008995911,-0.5
SINCERITIES,0.1459933547321895,0.008968609865470979,0.1822382991288942,-0.02366863905325449,-0.31498428214703844,0.33333333333333326
