,Clustering Coefficient,Assortativity,In Centralization
GRNBOOST2,-0.03953771149473969,-0.37885973994082295,-0.17647058823529407
SINCERITIES,-0.10607620680359346,0.5756235647430645,0.8823529411764707
