,PageRank,Out Centrality,Betweenness,Clustering Coefficient,Node In Degrees
GRNBOOST2,-0.4272797229703732,,-0.20542412382306577,-0.3063428312644722,0.09131852394900893
SINCERITIES,-0.16174045826050956,,0.10469480376136094,0.36492405905781106,-0.2544433282484369
