,Clustering Coefficient,Global Efficiency,Local Efficiency,Shortest Path Length,Assortativity,Centralization
PIDC,0.09237806637806645,-0.004444444444444362,0.02403294853294824,0.026666666666666616,-0.08389256323018754,0.0
GRNBOOST2,0.08004906204906215,0.0033333333333332993,0.053613997113996836,-0.020000000000000018,0.009948406240900414,0.0
PPCOR,-0.011679653679653512,0.012499999999999956,-0.03155945165945173,-0.07333333333333347,-0.08954174120294163,0.0
SINCERITIES,0.012205725646902255,0.03111111111111109,-0.008036246161246319,-0.12985507246376815,-0.2953012669225276,0.32328722002635046
