,Clustering Coefficient,Assortativity,In Centralization
GRNBOOST2,0.5944377054924773,3.441656804102825,-0.3333333333333334
SINCERITIES,0.08160228068484596,-6.797437280774231,3.1231001890359167
