,PageRank,Centrality,Betweenness,Radiality,Clustering Coefficient,Local Efficiency,Node Degrees
PIDC,-0.05543793032171517,-0.0979580093300558,-0.3303176681668863,0.023670204159364775,-0.20804148985229654,-0.1616945160806253,-0.0979580093300558
GRNBOOST2,0.050788764909580605,0.15575727359540856,-0.1031165833012697,0.17299052863441575,-0.10789427915700638,-0.08241864200569073,0.15575727359540856
PPCOR,-0.0011540681113655382,0.05040413513650766,0.07193691227511853,0.05830217521073117,-0.12473519469536515,-0.14992302881198913,0.05040413513650766
SINCERITIES,-0.17072640278381904,-0.21736479957699023,-0.1370671627110158,-0.07374998607552319,0.45254253092360536,0.3043762319039399,-0.21736479957699023
