,Clustering Coefficient,Assortativity,In Centralization
GRNBOOST2,0.14688043897287256,0.035441318683376195,-0.04340277777777779
SINCERITIES,0.02016322096904638,-0.06999830448259421,0.406653670447385
