,Clustering Coefficient,Global Efficiency,Local Efficiency,Shortest Path Length,Assortativity,Centralization
PIDC,0.6001904761904762,0.6311111111111112,0.7302823472823472,1.8666666666666667,-0.07627172598204734,0.1431159420289855
GRNBOOST2,0.5878614718614719,0.6388888888888888,0.7598633958633958,1.82,0.01756924348904061,0.1431159420289855
PPCOR,0.4961327561327562,0.6480555555555555,0.6746899470899472,1.7666666666666666,-0.08192090395480144,0.1431159420289855
SINCERITIES,0.520018135459312,0.6666666666666666,0.6982131525881526,1.710144927536232,-0.2876804296743874,0.466403162055336
ground truth,0.5078124098124097,0.6355555555555555,0.706249398749399,1.84,0.007620837248140195,0.1431159420289855
