,Clustering Coefficient,Global Efficiency,Local Efficiency,Shortest Path Length,Assortativity,Centralization
PIDC,0.1819137630216475,-0.006993006993006864,0.03402898264480638,0.014492753623188378,-11.008313194283325,0.0
GRNBOOST2,0.15763510403109873,0.005244755244755191,0.07591368885967843,-0.010869565217391313,1.3054216901598632,0.0
PPCOR,-0.022999937484726056,0.0196678321678321,-0.04468598729476595,-0.03985507246376819,-11.7495936847088,0.0
SINCERITIES,0.02403589477344824,0.04895104895104892,-0.011378765313608217,-0.07057340894770008,-38.74918953223854,2.2589182968929804
