,Clustering Coefficient,Assortativity,In Centralization
GRNBOOST2,0.39397182906426265,0.04573906790727508,0.08680555555555555
SINCERITIES,0.26725461106043646,-0.059700555258695324,0.5368620037807184
ground truth,0.24709139009139008,0.01029774922389889,0.13020833333333334
