,PageRank,Out Centrality,Betweenness,Clustering Coefficient,Node In Degrees
GRNBOOST2,0.08623393627297313,-0.05284747271123715,-0.03251647970074944,0.17735191938942033,0.287995508471954
SINCERITIES,0.02277594800079236,0.062447862993886646,0.06130843027740298,-0.02186884149376066,0.0632757281185125
