,PageRank,Out Centrality,Betweenness,Clustering Coefficient,Node In Degrees
GRNBOOST2,0.05912596401028278,0.31629392971246006,0.23723723723723725,0.043037974683544304,0.13186813186813187
SINCERITIES,0.06031746031746032,0.42735042735042733,0.2556390977443609,0.037267080745341616,0.08090614886731391
