,Clustering Coefficient,Assortativity,In Centralization
GRNBOOST2,-0.5054698281774472,5.626378317598465,1.7090473827377157
SINCERITIES,-0.9563216923241319,5.211770412311537,13.371315142814646
