,Clustering Coefficient,Assortativity,In Centralization
GRNBOOST2,-0.06805962519128021,0.4351572653077972,0.010775227036798667
SINCERITIES,-0.12876514544211765,0.403090519693602,0.0843036640760728
