,Clustering Coefficient,Assortativity,In Centralization
GRNBOOST2,0.1870258383299801,0.3457701882474573,0.0
SINCERITIES,0.1816616559150323,0.12171859418738881,0.3826530612244898
