,Clustering Coefficient,Global Efficiency,Local Efficiency,Shortest Path Length,Assortativity,Centralization
PIDC,0.21703703703703708,-0.007936507936507908,0.19858024691358023,0.04761904761904767,0.31336352923847804,-0.0824175824175824
GRNBOOST2,0.12746031746031738,-0.01984126984126977,0.07876543209876552,0.1333333333333333,0.4638240667985749,0.0
PPCOR,0.040529100529100526,-0.006349206349206216,0.028738977072310545,0.03809523809523818,0.3147731804317631,-0.0824175824175824
SINCERITIES,0.3054208754208754,-0.023015873015872934,0.1964902998236332,0.1428571428571428,-0.042620797618092565,0.24725274725274732
