,Clustering Coefficient,Assortativity,In Centralization
GRNBOOST2,0.9297506889258654,2.1751013181086782,0.0
SINCERITIES,0.9030840404009581,0.765682767497153,2.027027027027027
