,PageRank,Centrality,Betweenness,Radiality,Clustering Coefficient,Local Efficiency,Node Degrees
PIDC,0.47142857142857136,0.20691022044226628,0.25201082449096995,0.0036664858929992394,-0.0899233954996122,-0.21645796064400716,0.20691022044226628
GRNBOOST2,0.4071428571428571,0.3036789041089203,0.10187671628358358,-0.02648429436867894,-0.28445155719265086,-0.11727847134922839,0.3036789041089203
PPCOR,0.035714285714285705,-0.000935522873641756,-0.08214285714285713,-0.23996510180284564,0.1514016352799593,0.12455217133687796,-0.000935522873641756
SINCERITIES,0.3928290618254609,0.39198009813089724,0.1606224565892565,0.20291182194412158,-0.08111374268480312,-0.2756828357806251,0.39198009813089724
