,Clustering Coefficient,Global Efficiency,Local Efficiency,Shortest Path Length,Assortativity,Centralization
PIDC,0.628755364806867,-0.011363636363636324,0.37364150724252937,0.029239766081871378,1.0590526682596597,-0.3061224489795918
GRNBOOST2,0.3692519926425503,-0.02840909090909081,0.1482022266837016,0.08187134502923975,1.5675535590877592,0.0
PPCOR,0.11741263028816676,-0.0090909090909089,0.054074233851565755,0.02339181286549713,1.0638167671999286,-0.3061224489795918
SINCERITIES,0.8848029652750682,-0.03295454545454534,0.3697091373674693,0.087719298245614,-0.14404251046855202,0.9183673469387758
