,Clustering Coefficient,Assortativity,In Centralization
GRNBOOST2,0.38818281574082747,0.18680279423745516,0.18877551020408162
SINCERITIES,0.3828186333258797,-0.037248799822613365,0.5714285714285714
ground truth,0.20115697741084737,-0.15896739401000218,0.18877551020408162
