,Clustering Coefficient,Global Efficiency,Local Efficiency,Shortest Path Length,Assortativity,Centralization
PIDC,0.5622222222222223,0.6904761904761905,0.73005291005291,1.6761904761904762,0.017473118279570696,0.18681318681318682
GRNBOOST2,0.4726455026455026,0.6785714285714286,0.6102380952380952,1.7619047619047619,0.1679336558396676,0.2692307692307692
PPCOR,0.38571428571428573,0.6920634920634922,0.5602116402116403,1.6666666666666667,0.018882769472855773,0.18681318681318682
SINCERITIES,0.6506060606060606,0.6753968253968254,0.7279629629629629,1.7714285714285714,-0.3385112085769999,0.5164835164835165
ground truth,0.3451851851851852,0.6984126984126984,0.5314726631393297,1.6285714285714286,-0.29589041095890734,0.2692307692307692
