,PageRank,Out Centrality,Betweenness,Clustering Coefficient,Node In Degrees
GRNBOOST2,0.21071428571428572,0.15989798839445588,0.11531999522503153,-0.30727775205781466,0.4441888092981433
SINCERITIES,0.6529527442520772,0.17925325993451766,0.30271498746570785,-0.25883211471878254,0.37576991163601436
