,PageRank,Out Centrality,Betweenness,Clustering Coefficient,Node In Degrees
GRNBOOST2,-0.36988689315934764,-0.1750499624188588,-0.12461219417980718,-0.14418304762570436,-0.30648591790269325
SINCERITIES,-0.3745364769458287,0.08391405601715561,0.33672707732574025,0.06504469520761562,-0.3763664187854051
