,Clustering Coefficient,Assortativity,In Centralization
GRNBOOST2,0.21480119336907827,-0.10571273489392863,0.1349440768746062
SINCERITIES,-0.119437502361922,-0.036667759492555324,0.23459022038567495
