,Clustering Coefficient,Global Efficiency,Local Efficiency,Shortest Path Length,Assortativity,Centralization
PIDC,0.3258878158878158,0.02464285714285719,0.213082241832242,0.15333333333333332,0.7685286387903625,-0.19267734553775742
GRNBOOST2,0.15850152461917177,-0.007777777777777772,0.1281545540516129,0.046666666666666856,0.17183194093585566,0.0452898550724638
PPCOR,0.006262071262071289,-0.01103864734299509,-0.0694497901789567,0.13449275362318858,0.4585045576744197,-0.08695652173913043
SINCERITIES,-0.18815233076102644,0.027855731225296387,-0.2011352636896115,-0.06972332015810268,0.19766122109824047,-0.13391680782985127
