,Clustering Coefficient,Global Efficiency,Local Efficiency,Shortest Path Length,Assortativity,Centralization
PIDC,0.8125300625300624,0.6338095238095238,0.8565055315055317,2.033333333333333,0.3715266298272955,0.24210526315789474
GRNBOOST2,0.6451437712614184,0.6013888888888889,0.7715778437249026,1.9266666666666667,-0.22517006802721137,0.48007246376811596
PPCOR,0.49290431790431793,0.5981280193236715,0.573973499494333,2.0144927536231885,0.06150254871135267,0.34782608695652173
SINCERITIES,0.2984899158812202,0.637022397891963,0.44228802598367817,1.8102766798418972,-0.19934078786482656,0.3008658008658009
ground truth,0.48664224664224665,0.6091666666666666,0.6434232896732897,1.88,-0.39700200896306703,0.43478260869565216
