,Clustering Coefficient,Assortativity,In Centralization
GRNBOOST2,0.7880923837495557,-1.944182930373905,1.177693761814745
SINCERITIES,-0.4382088594068792,-0.6743637100299456,2.0473328324568
