,PageRank,Centrality,Betweenness,Radiality,Clustering Coefficient,Local Efficiency,Node Degrees
PIDC,-0.02149848538733787,-0.11144969673415796,-0.07269769096807657,-0.18547818965786084,0.027302026757215405,0.004984132520615137,-0.11144969673415796
GRNBOOST2,-0.16503173992527195,-0.1808118933674801,-0.14233933203088378,-0.12041683644829114,-0.5942842059362012,-0.5775813057300145,-0.1808118933674801
PPCOR,-0.05217391304347826,-0.16491228070175437,-0.13050237996008834,-0.15703239265683402,-0.25276080169685394,-0.25280910505955806,-0.16491228070175437
SINCERITIES,0.11857707509881424,0.13983078646597685,0.09831302917357944,0.1645570887415457,-0.08091338050170582,-0.001983636535617249,0.13983078646597685
