,Clustering Coefficient,Assortativity,In Centralization
GRNBOOST2,0.48735958601221663,-0.05133887261873729,0.2495274102079395
SINCERITIES,0.15312089028121637,0.01770610278263601,0.34917355371900827
ground truth,0.27255839264313836,0.05437386227519134,0.11458333333333333
