,Clustering Coefficient,Assortativity,In Centralization
GRNBOOST2,0.8906152521660177,2.072113474627474,0.0
SINCERITIES,-0.08865688098683756,3.527952540334496,1.0875739644970415
