,PageRank,Out Centrality,Betweenness,Clustering Coefficient,Node In Degrees
GRNBOOST2,0.2823951082948457,,0.09847842142849345,0.12353476618257835,0.13191532490132304
SINCERITIES,-0.32370023088610406,,-0.30382181012509996,-0.6035634743875277,-0.14058038927888333
