,Clustering Coefficient,Global Efficiency,Local Efficiency,Shortest Path Length,Assortativity,Centralization
PIDC,0.06248677248677248,-0.007936507936507908,0.03281305114638444,0.04761904761904767,0.33133316250023914,0.0
GRNBOOST2,0.18915343915343918,-0.02063492063492056,0.12943562610229253,0.12380952380952381,0.32433018409368464,0.0
PPCOR,0.023968253968253972,0.006349206349206438,0.03546737213403861,-0.03809523809523796,0.025636746002602573,0.0824175824175824
SINCERITIES,-0.05315192743764169,0.03235653235653235,-0.12536785084404145,-0.06520146520146519,-0.10915914124020268,0.07509157509157505
