,Clustering Coefficient,Global Efficiency,Local Efficiency,Shortest Path Length,Assortativity,Centralization
PIDC,0.11726740144970706,-0.011363636363636324,0.04656721647936319,0.028901734104046277,1.4989802490339201,0.0
GRNBOOST2,0.3549796445238805,-0.02954545454545444,0.18369083673316108,0.07514450867052024,1.4672981613230993,0.0
PPCOR,0.04498063747393506,0.009090909090909219,0.05033414261757537,-0.023121387283236913,0.11598288447016777,0.31914893617021267
SINCERITIES,-0.09974892548619083,0.04632867132867133,-0.17791798220051433,-0.03957314361938639,-0.4938455163553083,0.29078014184397144
