,Clustering Coefficient,Assortativity,In Centralization
GRNBOOST2,0.5184187060502851,0.12874505842002718,0.22959183673469388
SINCERITIES,0.2498960695389267,0.3035699160497059,0.47928994082840237
ground truth,0.27420634920634923,-0.12008529084550687,0.22959183673469388
