,PageRank,Centrality,Betweenness,Radiality,Clustering Coefficient,Local Efficiency,Node Degrees
PIDC,-0.007149243247970777,-0.09954017341344572,-0.2823951082948457,-0.20295755668687265,-0.22993921709077547,-0.24508050089445435,-0.09954017341344572
GRNBOOST2,0.06791781085572239,-0.08435366509491556,-0.13261733930554098,-0.04854000913626394,-0.12115752178258461,-0.24775743198676264,-0.08435366509491556
PPCOR,0.42857142857142855,0.3970141785674755,0.0857142857142857,0.26443248829228794,-0.12124221313324039,-0.17219793270896225,0.3970141785674755
SINCERITIES,0.08370064357144787,-0.06617678774332315,-0.11233507426694317,0.020226557730526784,-0.5714285714285715,-0.5492885976977195,-0.06617678774332315
