,Clustering Coefficient,Global Efficiency,Local Efficiency,Shortest Path Length,Assortativity,Centralization
PIDC,0.5953439153439154,0.6904761904761905,0.7374514991181659,1.6952380952380952,0.11029411764705943,0.25824175824175827
GRNBOOST2,0.7220105820105821,0.6777777777777778,0.834074074074074,1.7714285714285714,0.10329113924050495,0.25824175824175827
PPCOR,0.5568253968253969,0.7047619047619048,0.74010582010582,1.6095238095238096,-0.1954022988505771,0.34065934065934067
SINCERITIES,0.47970521541950123,0.7307692307692307,0.57927059712774,1.5824175824175823,-0.33019818609338236,0.3333333333333333
ground truth,0.5328571428571429,0.6984126984126984,0.7046384479717814,1.6476190476190475,-0.22103904485317968,0.25824175824175827
