,Clustering Coefficient,Assortativity,In Centralization
GRNBOOST2,0.24421235684393583,0.24883034926553405,0.0
SINCERITIES,-0.024310279667422524,0.42365520689521274,0.2496981040937085
