,Clustering Coefficient,Global Efficiency,Local Efficiency,Shortest Path Length,Assortativity,Centralization
PIDC,0.7056166056166056,0.7649572649572649,0.8518823768823769,1.5128205128205128,-0.1298665566102652,0.3333333333333333
GRNBOOST2,0.6234796949082664,0.7051282051282051,0.7277571634714493,1.7692307692307692,-0.05735577325630357,0.4230769230769231
PPCOR,0.5009523809523809,0.6984126984126984,0.6299278499278499,1.6476190476190475,-0.1788494591042369,0.4230769230769231
SINCERITIES,0.44523809523809527,0.6912698412698413,0.5522398589065257,1.6952380952380952,-0.10360360360360361,0.34065934065934067
ground truth,0.5546224146224146,0.7031746031746031,0.7123328523328524,1.619047619047619,-0.31022483940042783,0.5054945054945055
