,Clustering Coefficient,Global Efficiency,Local Efficiency,Shortest Path Length,Assortativity,Centralization
PIDC,0.15099419099419098,0.061782661782661785,0.13954952454952452,-0.1062271062271063,0.18035828279016264,-0.17216117216117216
GRNBOOST2,0.06885728028585181,0.0019536019536019467,0.01542431113859688,0.1501831501831501,0.25286906614412424,-0.0824175824175824
PPCOR,-0.053670033670033646,-0.004761904761904745,-0.08240500240500248,0.02857142857142847,0.13137538029619092,-0.0824175824175824
SINCERITIES,-0.1093843193843193,-0.011904761904761862,-0.16009299342632666,0.07619047619047614,0.20662123579682423,-0.1648351648351648
