,Clustering Coefficient,Assortativity,In Centralization
GRNBOOST2,0.44521162245002954,-0.08973445679465539,-0.23532636194973855
SINCERITIES,-0.023763940949911022,0.1075669454717852,0.0
