,Clustering Coefficient,Assortativity,In Centralization
GRNBOOST2,1.449555459693243,-0.6559612536767913,-0.5426349052017501
SINCERITIES,-0.07737253164732395,0.7863172177809163,0.0
