,Clustering Coefficient,Assortativity,In Centralization
GRNBOOST2,0.7523482825018263,-0.22653286720636215,0.19834710743801653
SINCERITIES,0.2833727191018857,-0.029231464939921556,0.4336734693877551
ground truth,0.30713666005179674,-0.13679841041170676,0.4336734693877551
