,PageRank,Centrality,Betweenness,Radiality,Clustering Coefficient,Local Efficiency,Node Degrees
PIDC,-0.016483516483516484,-0.09663865546218488,0.08241758241758242,-0.15244770154802298,-0.24479602454484184,-0.2451339074172452,-0.09663865546218488
GRNBOOST2,-0.06600664060208367,0.05006080287890567,-0.4167587979557045,-0.06516919752078393,-0.31810016928384977,-0.4467893156032882,0.05006080287890567
PPCOR,-0.10714285714285714,-0.13879520703702816,-0.013416815742397137,-0.1526572003344332,-0.12241348091481838,-0.10044847089162906,-0.13879520703702816
SINCERITIES,-0.09830209465959819,-0.033575372899629044,-0.016100178890876567,-0.026315832813222757,-0.19946164101540712,-0.1650224878933906,-0.033575372899629044
