,PageRank,Out Centrality,Betweenness,Clustering Coefficient,Node In Degrees
GRNBOOST2,0.26206581177734184,-0.21661214442955296,-0.1439466090842795,-0.22106231741762172,0.22225414840904342
SINCERITIES,-0.1504430235364131,0.1620506529759951,0.12939462608993801,-0.42010839697909663,-0.016145579945233676
