,PageRank,Out Centrality,Betweenness,Clustering Coefficient,Node In Degrees
GRNBOOST2,3.37037037037037,10.11111111111111,0.0,0.0,3.37037037037037
SINCERITIES,0.0,3.6206896551724133,0.0,0.0,0.0
