,Clustering Coefficient,Assortativity,In Centralization
GRNBOOST2,0.053159255489753476,0.19303408902847102,-0.23249003743509236
SINCERITIES,-0.042451289729214636,0.08682970810530587,0.38265306122448983
