,Clustering Coefficient,Assortativity,In Centralization
GRNBOOST2,0.13283300024158,1.2796884023696116,-0.536094674556213
SINCERITIES,-0.10607620680359346,0.5756235647430645,0.8823529411764707
