,Clustering Coefficient,Global Efficiency,Local Efficiency,Shortest Path Length,Assortativity,Centralization
PIDC,0.5414285714285715,0.7015873015873016,0.7090079365079366,1.6476190476190475,-0.09215175748558745,0.32967032967032966
GRNBOOST2,0.6777674706246134,0.7435897435897436,0.7957620421906136,1.5274725274725274,-0.39708061647895804,0.41025641025641024
PPCOR,0.42354497354497345,0.7111111111111111,0.6127954144620811,1.5904761904761904,-0.06567992599444972,0.24725274725274726
SINCERITIES,0.6615562215562214,0.7142857142857143,0.8295571095571096,1.5714285714285714,-0.32666772051849474,0.6593406593406593
ground truth,0.5772775372775372,0.7079365079365079,0.7016835016835017,1.6095238095238096,-0.24841948679806922,0.4945054945054945
