,Clustering Coefficient,Assortativity,In Centralization
GRNBOOST2,0.4533554069963376,0.04218948602118587,0.20118343195266272
SINCERITIES,0.35774486177736947,-0.06401489490197927,0.8163265306122449
ground truth,0.4001961515065841,-0.15084460300728514,0.4336734693877551
