,Clustering Coefficient,Global Efficiency,Local Efficiency,Shortest Path Length,Assortativity,Centralization
PIDC,-0.035848965848965686,-0.006349206349206216,0.0073244348244349,0.03809523809523796,0.15626772931248178,-0.16483516483516486
GRNBOOST2,0.10048993334707623,0.03565323565323575,0.09407854050711195,-0.0820512820512822,-0.14866112968088882,-0.08424908424908428
PPCOR,-0.15373256373256372,0.0031746031746032743,-0.08888808722142061,-0.019047619047619202,0.1827395608036195,-0.24725274725274726
SINCERITIES,0.08427868427868423,0.006349206349206438,0.1278736078736079,-0.03809523809523818,-0.07824823372042553,0.1648351648351648
