,PageRank,Out Centrality,Betweenness,Clustering Coefficient,Node In Degrees
GRNBOOST2,0.0575226870053309,0.04161852492133971,-0.5776739671543993,0.27942811188215416,0.1321229718501754
SINCERITIES,-0.5388633472786711,0.32296358821005794,-0.6738663109168331,0.1847552208585501,-0.4862821476153733
