,Clustering Coefficient,Assortativity,In Centralization
GRNBOOST2,1.2872731309041885,2.3734098974935174,-0.5294117647058824
SINCERITIES,0.707712958638662,5.210618042983113,0.8010442046641142
