,Clustering Coefficient,Global Efficiency,Local Efficiency,Shortest Path Length,Assortativity,Centralization
PIDC,0.587936507936508,0.6761904761904762,0.6963756613756614,1.7428571428571429,-0.14222024074899992,0.1978021978021978
GRNBOOST2,0.7282539682539684,0.6531746031746031,0.7876719576719577,1.8857142857142857,0.060796645702299895,0.11538461538461539
PPCOR,0.5151322751322752,0.6777777777777778,0.713968253968254,1.7333333333333334,0.009377664109123723,0.2802197802197802
SINCERITIES,0.6694706087563231,0.7307692307692307,0.8336669283097853,1.5384615384615385,-0.4273639725303755,0.6282051282051282
ground truth,0.3583068783068783,0.6920634920634922,0.5581481481481483,1.6476190476190475,-0.2076433121019112,0.3626373626373626
