,PageRank,Centrality,Betweenness,Radiality,Clustering Coefficient,Local Efficiency,Node Degrees
PIDC,0.035714285714285705,0.18084683389922404,-0.18475403196899076,0.012153694701906895,0.012646798294666231,-0.1614366007501894,0.18084683389922404
GRNBOOST2,0.16397061821059172,0.16670238878978752,0.256996740773604,0.40908029600631246,-0.010919383443501227,-0.24730692324662945,0.16670238878978752
PPCOR,0.04285714285714285,-0.017408416876621906,0.017873108119926942,-0.06538345079421516,0.12827466841732893,-0.07341118688305875,-0.017408416876621906
SINCERITIES,0.0989010989010989,0.0803656694307934,-0.013215859030837005,0.08153038927761648,0.026637217578952637,0.01764066981571884,0.0803656694307934
