,Clustering Coefficient,Global Efficiency,Local Efficiency,Shortest Path Length,Assortativity,Centralization
PIDC,0.22962962962962968,-0.015873015873015928,0.13822751322751314,0.09523809523809534,0.06542307135291128,-0.16483516483516483
GRNBOOST2,0.3699470899470901,-0.038888888888889084,0.22952380952380946,0.23809523809523814,0.2684399578042111,-0.24725274725274723
PPCOR,0.15682539682539692,-0.014285714285714346,0.15582010582010575,0.08571428571428585,0.21702097621103492,-0.0824175824175824
SINCERITIES,0.31116373044944484,0.03870573870573857,0.275518780161637,-0.10915750915750899,-0.2197206604284643,0.26556776556776557
