,Clustering Coefficient,Assortativity,In Centralization
GRNBOOST2,0.46617178727705044,0.10534331706882771,0.20408163265306123
SINCERITIES,0.34805095697952837,0.32296292051426007,0.7810650887573964
ground truth,0.20381115878922898,-0.07670202265258172,0.4336734693877551
