,Clustering Coefficient,Assortativity,In Centralization
GRNBOOST2,0.2623606284878215,0.18204533972140943,-0.22959183673469385
SINCERITIES,0.1442397981902994,0.39966494316684176,0.34739161936964136
