,PageRank,Out Centrality,Betweenness,Clustering Coefficient,Node In Degrees
GRNBOOST2,-0.28928571428571426,0.391508768412751,0.26118109770083087,-0.04834379735006361,-0.1574295199339154
SINCERITIES,-0.17880968973642578,0.1783670007506941,0.18982472876365217,-0.394273127753304,-0.0334251367510692
