,Clustering Coefficient,Assortativity,In Centralization
GRNBOOST2,-0.07404089738087061,0.5874079003742303,0.0003140725814119866
SINCERITIES,-0.12574946577080381,0.5121581848384045,0.07387630984876277
