,PageRank,Out Centrality,Betweenness,Clustering Coefficient,Node In Degrees
GRNBOOST2,0.06339468302658487,0.24105011933174225,0.1872146118721461,0.033797216699801194,0.27764127764127766
SINCERITIES,0.05917159763313609,0.3161764705882353,0.14743589743589744,0.040697674418604654,0.08484848484848485
