,Clustering Coefficient,Assortativity,In Centralization
GRNBOOST2,-0.5630202258945576,8.359418530767982,0.0215300699674547
SINCERITIES,-0.9562214280062175,7.288537689559607,5.064313837363587
