,Clustering Coefficient,Global Efficiency,Local Efficiency,Shortest Path Length,Assortativity,Centralization
PIDC,0.632854256854257,0.5919444444444445,0.7162712842712843,2.0566666666666666,0.8310150879385794,0.16847826086956522
GRNBOOST2,0.545047619047619,0.6122222222222222,0.720185185185185,1.94,0.15690049332210254,0.12318840579710146
PPCOR,0.47692884892884896,0.6063888888888889,0.6600444740444742,1.9966666666666666,0.18935265700483125,0.25905797101449274
SINCERITIES,0.3156323676323676,0.6261111111111112,0.48077827727827727,1.8533333333333333,-0.29791902732063835,0.39492753623188404
ground truth,0.2887041847041847,0.6383333333333333,0.50112303992304,1.7766666666666666,-0.06325449140493676,0.213768115942029
