,Clustering Coefficient,Assortativity,In Centralization
GRNBOOST2,0.4344555249154231,0.012703670273327194,0.08506944444444445
SINCERITIES,0.17394289044289044,-0.044180220300909415,0.5190972222222222
ground truth,0.15862843388334094,-0.061069306951979103,0.171875
