,PageRank,Centrality,Betweenness,Radiality,Clustering Coefficient,Local Efficiency,Node Degrees
PIDC,-0.01617875572323585,-0.03635099698839122,0.2350489591454972,0.08007251182377711,0.09528509046327699,-0.08632668776102032,-0.03635099698839122
GRNBOOST2,0.07775214005211314,0.08898162299967191,0.26250970057198597,0.28613289963921085,0.11625265574577674,-0.036023904208453306,0.08898162299967191
PPCOR,0.383919991714269,0.47275802972168,0.2432641213511659,0.4260640179311687,-0.3059729032463247,-0.24812319997708618,0.47275802972168
SINCERITIES,0.23923076923076922,0.22901904451589272,0.227351417939011,0.20307379678506193,0.4019076958239951,0.11282249584971048,0.22901904451589272
