,PageRank,Out Centrality,Betweenness,Clustering Coefficient,Node In Degrees
GRNBOOST2,-0.17846153846153845,0.12502753616786463,0.1731102167048307,0.24802351732140382,-0.37976166067537537
SINCERITIES,0.19090467357286675,0.3944103721207843,0.28497635312478675,0.34890027246762834,0.23568826602661536
