,Clustering Coefficient,Assortativity,In Centralization
GRNBOOST2,1.7388250282728746,1.208020541043908,-0.5050505050505051
SINCERITIES,0.09654294746938058,0.2765560556361014,2.0202020202020203
