,Clustering Coefficient,Assortativity,In Centralization
GRNBOOST2,0.27582709103208214,0.07377297722530629,-0.08680555555555555
SINCERITIES,0.015314456559549494,0.01688908665106969,0.3472222222222222
