,Clustering Coefficient,Global Efficiency,Local Efficiency,Shortest Path Length,Assortativity,Centralization
PIDC,0.3441500721500723,-0.04638888888888881,0.2151482443482443,0.28,0.8942695793435161,-0.045289855072463775
GRNBOOST2,0.2563434343434343,-0.026111111111111085,0.21906214526214507,0.16333333333333333,0.22015498472703932,-0.09057971014492754
PPCOR,0.18822466422466427,-0.03194444444444444,0.15892143412143422,0.21999999999999997,0.252607148409768,0.04528985507246375
SINCERITIES,0.026928182928182942,-0.012222222222222134,-0.020344762644762704,0.07666666666666666,-0.23466453591570158,0.18115942028985504
