,Clustering Coefficient,Assortativity,In Centralization
GRNBOOST2,-0.8629033447807876,12.607786703335607,2.9043552541681787
SINCERITIES,-0.982618826838223,-2.1427117329812564,21.62068932906829
