,Clustering Coefficient,Assortativity,In Centralization
GRNBOOST2,-0.5704629855627827,0.3189957489510195,0.007367051760121533
SINCERITIES,-0.6496065556110847,-0.05421379264511644,0.05484202979238233
