,PageRank,Out Centrality,Betweenness,Clustering Coefficient,Node In Degrees
GRNBOOST2,1.536322479021182,10.875809906296983,7.934818850936858,1.1366265303603118,1.6884213055118142
SINCERITIES,1.0520176441227882,0.9358116904641441,1.3686434275171282,0.5951546559995562,1.5716745710897975
