,PageRank,Out Centrality,Betweenness,Clustering Coefficient,Node In Degrees
GRNBOOST2,0.061563798973348176,0.028452202104275445,0.024584714251062373,-0.02015696508485744,0.11836025973896282
SINCERITIES,0.07240554715457083,-0.031010854256181337,-0.015931628429967093,-0.08424956265726617,0.10765757989745518
