,PageRank,Out Centrality,Betweenness,Clustering Coefficient,Node In Degrees
GRNBOOST2,0.08100147275405008,0.5717344753747323,0.41835748792270533,0.059927797833935016,0.08982925018559762
SINCERITIES,0.055501460564751706,0.049370764762826716,0.07326732673267326,0.03139866793529972,0.08291708291708291
