,PageRank,Centrality,Betweenness,Radiality,Clustering Coefficient,Local Efficiency,Node Degrees
PIDC,0.056255247691015954,0.058922558922558925,0.07429547395388557,0.07246376811594203,0.05360134003350084,0.050960735171261484,0.058922558922558925
GRNBOOST2,0.07153284671532846,0.07703595011005136,0.06608569353667393,0.08339483394833948,0.059927797833935016,0.04932094353109364,0.07703595011005136
PPCOR,0.03453136011275546,0.03453136011275546,0.05916305916305916,0.03089887640449438,0.05007153075822604,0.06376811594202898,0.03453136011275546
SINCERITIES,0.054474708171206226,0.054474708171206226,0.056530214424951264,0.08291708291708291,0.049370764762826716,0.04331087584215592,0.054474708171206226
