,Clustering Coefficient,Global Efficiency,Local Efficiency,Shortest Path Length,Assortativity,Centralization
PIDC,0.6325945165945166,0.6116666666666667,0.7561159211159211,1.9666666666666666,-0.08298602598675973,0.19927536231884058
GRNBOOST2,0.5166333666333666,0.6155555555555555,0.6767240537240538,1.96,0.17040665743713104,0.24456521739130435
PPCOR,0.3993968253968254,0.6416666666666667,0.5695868205868205,1.7833333333333334,0.04393057047549048,0.19927536231884058
SINCERITIES,0.4637210763093115,0.6494444444444445,0.64460153354271,1.7366666666666666,-0.3019670719408978,0.47101449275362317
ground truth,0.48777670282933444,0.65,0.6904452487084066,1.7333333333333334,-0.2602040816326537,0.5163043478260869
