,Clustering Coefficient,Assortativity,In Centralization
GRNBOOST2,0.5402149987445916,18.691321747687198,0.0
SINCERITIES,0.03300330673799114,8.881005359478197,2.333333333333333
