,Clustering Coefficient,Assortativity,In Centralization
GRNBOOST2,0.14258896079955857,0.08564950574836988,0.0
SINCERITIES,0.008711174665004318,0.040695555394955,0.3038194444444444
