,PageRank,Out Centrality,Betweenness,Clustering Coefficient,Node In Degrees
GRNBOOST2,0.43093497499038086,0.22044458614158652,-0.014683223166526486,0.21189878703214288,-0.08427626856764274
SINCERITIES,0.12714450184109383,0.14107708211199363,0.03718678428844344,-0.04828119325001705,-0.03092147013142189
