,PageRank,Centrality,Betweenness,Radiality,Clustering Coefficient,Local Efficiency,Node Degrees
PIDC,0.032704888915668286,-0.05213156508477891,-0.010390610159644771,-0.014238424282935081,0.24281048990674683,0.27349776991798763,-0.05213156508477891
GRNBOOST2,0.08270821464786356,0.15114993542134716,0.027751053497082283,0.1968933375089557,0.4012363656473822,0.45060666098088625,0.15114993542134716
PPCOR,0.04461538461538461,0.07570821783067473,-0.009232544890924305,0.09926048029198538,0.1873915592950797,0.1901462663587375,0.07570821783067473
SINCERITIES,0.16846153846153847,0.18652951716042887,-0.00461716044632551,0.20794673612035797,0.046183720601388034,0.1259648436562618,0.18652951716042887
