,Clustering Coefficient,Global Efficiency,Local Efficiency,Shortest Path Length,Assortativity,Centralization
PIDC,0.14481781376518216,-0.03833333333333333,0.06567067240751445,0.23333333333333317,0.17721805564589393,-0.31702898550724634
GRNBOOST2,0.028856663804032123,-0.0344444444444445,-0.013721194984352869,0.22666666666666657,0.43061073906978475,-0.2717391304347826
PPCOR,-0.08837987743250902,-0.008333333333333304,-0.12085842812158609,0.050000000000000044,0.30413465210814417,-0.31702898550724634
SINCERITIES,-0.024055626520022966,-0.0005555555555555314,-0.04584371516569663,0.0033333333333331883,-0.0417629903082441,-0.04528985507246375
