,Clustering Coefficient,Assortativity,In Centralization
GRNBOOST2,0.40653750190064203,0.09023181977113116,0.13020833333333334
SINCERITIES,0.2726597157660878,0.04527786941771628,0.4340277777777778
ground truth,0.26394854110108346,0.004582314022761278,0.13020833333333334
