,Clustering Coefficient,Global Efficiency,Local Efficiency,Shortest Path Length,Assortativity,Centralization
PIDC,,,,,,
GRNBOOST2,0.31359941101359884,0.006111111111110956,0.281343501866385,-0.036666666666666625,-0.2908089499512801,0.49818840579710144
PPCOR,0.02474569874569882,-0.018611111111111245,0.030055296555296374,0.1200000000000001,0.1151314708934095,0.045289855072463775
SINCERITIES,0.09575960450225152,-0.0073913043478262,0.10494547613787808,0.10304347826086957,-0.239338893378161,0.23155467720685113
