,PageRank,Out Centrality,Betweenness,Clustering Coefficient,Node In Degrees
GRNBOOST2,0.08397544637298607,0.46240862284474565,0.09061415960171053,-0.15662419090305532,-0.08422768010939526
SINCERITIES,0.09650746221047811,0.12669745319574258,0.16396815287215424,-0.4824356489257913,-0.0018246143669526603
