,Clustering Coefficient,Global Efficiency,Local Efficiency,Shortest Path Length,Assortativity,Centralization
PIDC,,,,,,
GRNBOOST2,0.9213267304517682,0.00938566552901,0.5382077416626043,-0.021235521235521214,-2.1697227783504336,2.5
PPCOR,0.07270062671492221,-0.028583617747440476,0.05749552833712924,0.06949806949806957,0.8589947969079723,0.22727272727272732
SINCERITIES,0.2813330644986065,-0.011351832616115323,0.20075980904189716,0.059677690112472724,-1.7857051813390923,1.1619834710743802
