,Clustering Coefficient,Assortativity,In Centralization
GRNBOOST2,0.5501995069743502,-0.255420062252814,0.2586805555555556
SINCERITIES,0.2538453512762234,-0.004325584233051732,0.5803402646502835
ground truth,0.18646329365079364,0.007064146893385107,0.171875
