,PageRank,Centrality,Betweenness,Radiality,Clustering Coefficient,Local Efficiency,Node Degrees
PIDC,,,,,,,
GRNBOOST2,-0.13692307692307693,-0.15399805267909275,-0.11203085073420373,-0.09396050473780443,-0.1575081645489844,-0.11857948631595529,-0.15399805267909275
PPCOR,-0.3923076923076923,-0.39244706610579005,-0.3031352239186813,-0.30975629595497345,-0.11055375187831802,-0.14670778320466774,-0.39244706610579005
SINCERITIES,0.3770384955406298,0.40022890264188116,0.2933625240584226,0.38939028017963323,-0.4130483101828235,-0.4518941599024198,0.40022890264188116
