,Clustering Coefficient,Assortativity,In Centralization
GRNBOOST2,0.36373621332355655,-0.2624842091461991,0.08680555555555558
SINCERITIES,0.06738205762542973,-0.011389731126436839,0.40846526465028354
