,Clustering Coefficient,Assortativity,In Centralization
GRNBOOST2,1.950712154665452,-37.15724108058827,0.5050505050505052
SINCERITIES,0.3613690196399839,-1.6123293156746534,2.3765251761471045
