,Clustering Coefficient,Global Efficiency,Local Efficiency,Shortest Path Length,Assortativity,Centralization
PIDC,,,,,,
GRNBOOST2,0.6539774773916652,0.6572222222222222,0.8040849641078474,1.69,-0.4248394135906821,0.697463768115942
PPCOR,0.3651237651237652,0.6325,0.5527967587967587,1.8466666666666667,-0.018898992745992518,0.24456521739130435
SINCERITIES,0.4361376708803179,0.643719806763285,0.6276869383793404,1.8297101449275361,-0.373369357017563,0.4308300395256917
ground truth,0.3403780663780664,0.6511111111111112,0.5227414622414623,1.7266666666666666,-0.13403046363940202,0.19927536231884058
