,Clustering Coefficient,Assortativity,In Centralization
GRNBOOST2,1.3279384733729802,2.690964714925461,0.6557671577434423
SINCERITIES,2.0436794938301173,0.59636751191598,2.8925619834710745
