,Clustering Coefficient,Global Efficiency,Local Efficiency,Shortest Path Length,Assortativity,Centralization
PIDC,1.263662289454991,-0.055990791965247165,0.652424770867334,0.17282399262796355,9.9566454454091,-0.014141414141414173
GRNBOOST2,0.8662324326760271,-0.04696840307429548,0.4426897237758342,0.10597302504816956,5.996288315221087,0.3703703703703703
PPCOR,0.5015434781209159,-0.026473099914602945,0.3891084575211829,0.059730250481695536,3.2060169237222342,-0.1851851851851852
SINCERITIES,1.4572624930411107,0.008539709649871875,0.8732592887563337,-0.01926782273603076,-7.124531512938879,1.8518518518518519
