,Clustering Coefficient,Assortativity,In Centralization
GRNBOOST2,0.19927909183614503,0.1625157075724301,0.13775664251207728
SINCERITIES,0.306687848647209,0.03601648421277043,0.607638888888889
