,PageRank,Centrality,Betweenness,Radiality,Clustering Coefficient,Local Efficiency,Node Degrees
PIDC,0.03268695378854144,-0.004459477410602339,0.07379983028720002,0.023179133256203317,-0.1536119743231698,-0.0856277284520572,-0.004459477410602339
GRNBOOST2,-0.1946153846153846,-0.007507673746167432,-0.3161538461538462,-0.16855268307069643,0.17624374623390904,0.1187451974030774,-0.007507673746167432
PPCOR,0.17076923076923078,0.1405936333524472,-0.03923076923076923,0.07983683817862383,-0.020258537903593575,-0.20692977463834658,0.1405936333524472
SINCERITIES,-0.03231390711823507,-0.015793328837094993,-0.06689113927679918,-0.03705203439779946,0.018235012117406493,0.07090447519202374,-0.015793328837094993
