,Clustering Coefficient,Global Efficiency,Local Efficiency,Shortest Path Length,Assortativity,Centralization
PIDC,0.6244722869722868,0.6141304347826086,0.6939948169114837,2.028985507246377,0.48441783696077817,0.24110671936758893
GRNBOOST2,0.5148340548340549,0.62,0.6059090909090908,1.9133333333333333,0.27022295269401075,0.3351449275362319
PPCOR,0.4142279942279943,0.6333333333333333,0.5834057239057239,1.8333333333333333,0.11931185096046686,0.19927536231884058
SINCERITIES,0.6778804134648797,0.6561111111111111,0.7867421622140292,1.6966666666666668,-0.43941317157249227,0.697463768115942
ground truth,0.2758681318681319,0.6505555555555556,0.41998572591429734,1.73,-0.05408473963978063,0.24456521739130435
