,Clustering Coefficient,Global Efficiency,Local Efficiency,Shortest Path Length,Assortativity,Centralization
PIDC,0.34860415510415493,-0.036425120772946906,0.27400909099718634,0.29898550724637696,0.5385025766005588,-0.003458498023715423
GRNBOOST2,0.23896592296592295,-0.030555555555555558,0.1859233649947935,0.18333333333333335,0.32430769233379136,0.09057971014492752
PPCOR,0.13835986235986236,-0.01722222222222225,0.16341999799142654,0.10333333333333328,0.17339659060024748,-0.045289855072463775
SINCERITIES,0.4020122815967478,0.005555555555555536,0.3667564362997318,-0.033333333333333215,-0.38532843193271166,0.4528985507246377
