,Clustering Coefficient,Assortativity,In Centralization
GRNBOOST2,0.3493456015668057,0.10212260517646214,0.34782608695652173
SINCERITIES,0.4567543583778697,-0.02437661818319754,0.8177083333333334
ground truth,0.15006650973066069,-0.060393102395967964,0.21006944444444445
