,PageRank,Out Centrality,Betweenness,Clustering Coefficient,Node In Degrees
GRNBOOST2,0.06954753514714801,0.2290385545469796,0.047338413670667136,0.29882818758104557,0.0029220109237103184
SINCERITIES,0.0916750070427417,-0.020182389596995167,0.4871919243382279,0.16499614494988435,0.09097752342564433
