,PageRank,Centrality,Betweenness,Radiality,Clustering Coefficient,Local Efficiency,Node Degrees
PIDC,0.2446043165467626,0.24138193104709216,0.1539600717839002,0.28114050185486716,-0.025713399462729165,-0.02759293116209406,0.24138193104709216
GRNBOOST2,0.06423132795658817,0.026106848297141834,0.13743694192512493,0.0875996016258715,0.29856547523174226,0.29856547523174226,0.026106848297141834
PPCOR,0.17881722556123708,0.14681783497731934,0.47972413881940384,0.4428589504483846,0.26045639017061867,0.23442148091765364,0.14681783497731934
SINCERITIES,-0.01988961204297802,-0.1942574932969447,-0.11965442163472309,-0.2183029653567603,0.3249109604440673,0.3249109604440673,-0.1942574932969447
