,Clustering Coefficient,Assortativity,In Centralization
GRNBOOST2,0.09163635849910368,-0.18695064550749413,0.0816326530612245
SINCERITIES,-0.3993928503872481,-0.10246654704797431,0.24583383649317717
