,PageRank,Out Centrality,Betweenness,Clustering Coefficient,Node In Degrees
GRNBOOST2,-0.09708747202271341,-0.15932874279397927,-0.04083050034307914,-0.32439817759227046,-0.22821773229381923
SINCERITIES,0.37514585805484585,0.18854907439751292,-0.024616916813928143,0.17251638983558854,0.32221650189786866
