,Clustering Coefficient,Assortativity,In Centralization
GRNBOOST2,0.5767565767565768,-0.12581353782467408,0.25
SINCERITIES,0.08572736787022502,-0.041329439365154264,0.41420118343195267
ground truth,0.4851202182574731,0.061137107682820054,0.1683673469387755
