,Clustering Coefficient,Global Efficiency,Local Efficiency,Shortest Path Length,Assortativity,Centralization
PIDC,-0.047680729662895036,-0.13333333333333325,-0.10900651047824908,0.4277456647398845,1.535304724692224,-0.6198347107438017
GRNBOOST2,-0.030205340033736875,-0.043878656554712896,-0.0859910577425447,0.19386393952867942,1.619995681778081,-0.6336088154269972
PPCOR,-0.1728667316112319,0.07123510292524368,-0.14043195398858854,-0.02734548688305904,1.073319344430125,-0.5100175306786877
SINCERITIES,-0.8930899798284424,0.015709642470205794,-0.8838536063379776,0.027123165851489592,0.4261769878218142,-0.6336088154269972
