,Clustering Coefficient,Assortativity,In Centralization
GRNBOOST2,0.1888941236633195,-3.0578915587141613,0.4848484848484849
SINCERITIES,-0.8232863429643207,-1.676012342284359,1.460103998565537
