,Clustering Coefficient,Global Efficiency,Local Efficiency,Shortest Path Length,Assortativity,Centralization
PIDC,0.7241269841269842,0.5860317460317461,0.7795238095238096,2.3523809523809525,0.32360949047063486,0.25274725274725274
GRNBOOST2,0.7374149659863944,0.6465201465201466,0.7996598639455782,1.967032967032967,0.37480798771121543,0.24358974358974358
PPCOR,0.628937728937729,0.7243589743589743,0.7520299145299146,1.6025641025641026,0.04432397959184011,0.32575757575757575
SINCERITIES,0.08129251700680272,0.6868131868131868,0.10161564625850339,1.6923076923076923,-0.3468950749464682,0.24358974358974358
ground truth,0.7603825803825806,0.6761904761904762,0.8748928232261566,1.6476190476190475,-0.6045332229352087,0.6648351648351648
