,PageRank,Out Centrality,Betweenness,Clustering Coefficient,Node In Degrees
GRNBOOST2,-0.3853846153846154,0.026821890754376885,0.0034660442957195063,-0.09303227648242769,-0.2890701697062013
SINCERITIES,0.24479144546067436,-0.06797634740525313,-0.11939282995570964,0.09624621738156149,0.09165825623113165
