,Clustering Coefficient,Global Efficiency,Local Efficiency,Shortest Path Length,Assortativity,Centralization
PIDC,0.17436741036741038,-0.047222222222222276,0.055805879305879436,0.30333333333333323,0.7601546639806942,-0.1358695652173913
GRNBOOST2,0.0946049506049505,-0.026944444444444438,0.025599308099308105,0.17000000000000015,0.6832025445519805,-0.09057971014492752
PPCOR,-0.05667354867354868,-0.04322222222222227,-0.13310998260998264,0.29666666666666686,0.5976642392495071,-0.04528985507246375
SINCERITIES,0.021406204906204762,0.018357487922705307,-0.01271657740407739,-0.052753623188405596,0.0027524468405789038,0.04693675889328064
