,Clustering Coefficient,Assortativity,In Centralization
GRNBOOST2,0.26339143135094817,7.814346595487049,1.1363636363636362
SINCERITIES,0.04087705361976558,-2.8853673631829895,5.879532565732943
