,Clustering Coefficient,Assortativity,In Centralization
GRNBOOST2,0.3513690161811862,0.27881228920665235,0.16319444444444445
SINCERITIES,0.2894842700530829,-0.059637272579421745,0.5255198487712666
ground truth,0.278115718899143,0.03163164577047656,0.0763888888888889
