,Clustering Coefficient,Assortativity,In Centralization
GRNBOOST2,0.07325329728204322,0.2471806434361758,0.08680555555555555
SINCERITIES,0.011368551153939921,-0.09126891834989831,0.44913095988237767
