,Clustering Coefficient,Global Efficiency,Local Efficiency,Shortest Path Length,Assortativity,Centralization
PIDC,0.6672871572871573,0.6083333333333333,0.7744785954785955,2.03,0.372405521832778,0.18478260869565216
GRNBOOST2,0.5875246975246974,0.6286111111111111,0.7442720242720242,1.8966666666666667,0.2954534024040643,0.23007246376811594
PPCOR,0.4362461982461982,0.6123333333333333,0.5855627335627335,2.0233333333333334,0.20991509710159084,0.2753623188405797
SINCERITIES,0.5143259518259516,0.6739130434782609,0.7059561387686387,1.673913043478261,-0.3849966953073373,0.3675889328063241
ground truth,0.4929197469197469,0.6555555555555556,0.7186727161727161,1.7266666666666666,-0.3877491421479162,0.32065217391304346
