,PageRank,Centrality,Betweenness,Radiality,Clustering Coefficient,Local Efficiency,Node Degrees
PIDC,-0.3575140099222138,-0.22609719604155235,-0.15020233172315053,-0.04740625696623895,0.05611455108359133,0.03146721899463366,-0.22609719604155235
GRNBOOST2,-0.2742835211345429,-0.05782411257537706,-0.4043863323572631,-0.11798957621110155,-0.06449741548576197,-0.15316273022626528,-0.05782411257537706
PPCOR,0.16461538461538464,0.23177733157745253,0.025774187820497018,0.23252788100598193,0.11851281634362969,0.005025144024104039,0.23177733157745253
SINCERITIES,-0.09001957159966595,-0.11162813924510709,-0.06262231067802848,-0.08975213573373904,0.2254538850347278,0.208115262478833,-0.11162813924510709
