,Clustering Coefficient,Global Efficiency,Local Efficiency,Shortest Path Length,Assortativity,Centralization
PIDC,0.7693968253968255,0.5580555555555555,0.8115396825396824,2.283333333333333,0.27800269905532954,0.14492753623188406
GRNBOOST2,0.6237211677211676,0.5938888888888889,0.7086594886594885,2.006666666666667,0.14392845129504014,0.2807971014492754
PPCOR,0.36601430976430976,0.6141304347826086,0.5523816037357705,1.9746376811594204,0.016408776290121226,0.233201581027668
SINCERITIES,0.5261904761904762,0.6512987012987013,0.6787698412698412,1.8571428571428572,-0.3480021538529638,0.43333333333333335
ground truth,0.5476900876900876,0.625,0.6980061420061421,1.8166666666666667,-0.38978974109507614,0.3713768115942029
