,Clustering Coefficient,Assortativity,In Centralization
GRNBOOST2,0.38350335681675674,4.421610930897951,0.4237288135593222
SINCERITIES,-0.08163176223432662,0.11172963872540365,4.777931511587686
