,Clustering Coefficient,Assortativity,In Centralization
GRNBOOST2,0.1237156884251216,0.3915256909290737,0.04340277777777779
SINCERITIES,-0.0263338755258955,0.00989345844373865,0.48940617913832196
