,Clustering Coefficient,Global Efficiency,Local Efficiency,Shortest Path Length,Assortativity,Centralization
PIDC,0.4048032686547203,-0.10711111111111116,0.16265407093300524,0.2568807339449541,1.7132119441479094,-0.6097560975609756
GRNBOOST2,0.1388213548865657,-0.04977777777777774,0.015262539986722124,0.10458715596330284,1.3692463811148217,-0.24390243902439016
PPCOR,-0.331712736836274,-0.017391304347826163,-0.20862930783364106,0.0869565217391305,1.0420964806411332,-0.37206208425720616
SINCERITIES,-0.039255067752434966,0.04207792207792203,-0.027558927606301242,0.02228047182175627,0.10720545677963254,0.16682926829268302
