,PageRank,Centrality,Betweenness,Radiality,Clustering Coefficient,Local Efficiency,Node Degrees
PIDC,-0.20833432563072407,-0.23693134404670485,-0.06498579592245673,-0.17637943188698263,0.04556580566873835,0.04335852745786012,-0.23693134404670485
GRNBOOST2,-0.30973453620132907,-0.2930159968786578,0.06211423913474415,-0.14882536977367375,0.03321682332480671,0.19248667559873917,-0.2930159968786578
PPCOR,-0.37138509249330787,-0.36285424178171183,-0.16782951809228042,-0.1941875825627477,-0.1488294967640989,-0.02995208530596251,-0.36285424178171183
SINCERITIES,-0.4404867279363902,-0.4208572115685299,-0.5798414496036239,-0.40777237675080175,-0.27964656768347546,-0.19982927867140607,-0.4208572115685299
