,Clustering Coefficient,Global Efficiency,Local Efficiency,Shortest Path Length,Assortativity,Centralization
PIDC,0.22170673770673788,-0.06694444444444447,0.11353354053354037,0.46666666666666656,0.6677924401504056,-0.22644927536231882
GRNBOOST2,0.07603108003107995,-0.03111111111111109,0.010653346653346385,0.19000000000000017,0.5337181923901163,-0.0905797101449275
PPCOR,-0.18167577792577788,-0.010869565217391353,-0.14562453827037158,0.15797101449275375,0.40619851738519736,-0.13817523056653488
SINCERITIES,-0.021499611499611437,0.026298701298701266,-0.019236300736300893,0.040476190476190554,0.041787587242112345,0.061956521739130466
