,Clustering Coefficient,Assortativity,In Centralization
GRNBOOST2,0.446309183960637,0.4800738913582692,0.14583333333333334
SINCERITIES,0.2962596200096199,0.0984416588729342,0.5918367346938775
ground truth,0.3225934955355154,0.08854820042919555,0.10243055555555555
