,PageRank,Out Centrality,Betweenness,Clustering Coefficient,Node In Degrees
GRNBOOST2,-0.28384615384615386,-0.17457962598100993,-0.16705868138136998,0.021455662690673172,-0.14226406163376726
SINCERITIES,-0.2941031157125935,-0.022538440573072357,-0.09339497129352933,-0.11511019866953474,-0.3025990862491388
