,Clustering Coefficient,Global Efficiency,Local Efficiency,Shortest Path Length,Assortativity,Centralization
PIDC,0.5115343915343915,0.6968253968253969,0.6209435626102292,1.6571428571428573,0.10123456790123316,0.25824175824175827
GRNBOOST2,0.6592063492063492,0.6833333333333333,0.7644444444444445,1.7428571428571429,0.035248404107687085,0.17582417582417584
PPCOR,0.5422751322751324,0.6952380952380952,0.7257830687830686,1.6666666666666667,-0.017630331753553156,0.25824175824175827
SINCERITIES,0.6461657390228819,0.7289377289377289,0.7754638218923933,1.5934065934065933,-0.3071748878923771,0.5128205128205128
ground truth,0.6114478114478115,0.7079365079365079,0.79679012345679,1.5904761904761904,-0.3890182683848266,0.5054945054945055
