,Clustering Coefficient,Assortativity,In Centralization
GRNBOOST2,0.4925413707275367,0.021608098504291386,0.28061224489795916
SINCERITIES,0.3184151034151034,0.09346233614118522,0.35714285714285715
ground truth,0.36785476370035197,-0.21614043142420536,0.6632653061224489
