,PageRank,Out Centrality,Betweenness,Clustering Coefficient,Node In Degrees
GRNBOOST2,-0.1708407871198569,0.18963930408397367,-0.26728775460947013,0.17367956825763595,-0.2395476223924995
SINCERITIES,-0.602010078585767,0.160001730693305,-0.24750946031335125,0.25067154181514467,-0.7840721148942966
