,Clustering Coefficient,Assortativity,In Centralization
GRNBOOST2,0.3389560754166343,1.0999724964085156,-0.576923076923077
SINCERITIES,-0.1343999457501148,1.4324148680806161,-0.4615384615384615
