,PageRank,Centrality,Betweenness,Radiality,Clustering Coefficient,Local Efficiency,Node Degrees
PIDC,-0.2678571428571428,-0.3094843655092902,-0.17158183795129867,-0.3649845545368457,0.049047312839461676,0.31431623619482324,-0.3094843655092902
GRNBOOST2,0.07327974329170048,0.07032654257161068,-0.12735472106600335,0.11775932623016655,-0.27620887241349357,-0.3777378552036764,0.07032654257161068
PPCOR,0.18928571428571428,0.21860928587065842,0.36103678402252426,0.2018470948836082,0.29636804517726684,0.3577354002680905,0.21860928587065842
SINCERITIES,0.22002213534027887,0.15579701873801385,0.38011258571024675,0.13363610537561718,0.1471943561779018,0.17357494924925704,0.15579701873801385
