,Clustering Coefficient,Assortativity,In Centralization
GRNBOOST2,0.1246866070271847,0.23774852992849674,-0.3826530612244898
SINCERITIES,-0.0494396602852486,0.30960276756539057,-0.3061224489795918
