,Clustering Coefficient,Assortativity,In Centralization
GRNBOOST2,1.040893348475144,-1.0897921587768788,-0.6521739130434783
SINCERITIES,0.20827557827269658,-1.6926522462002205,0.19001800874710567
