,Clustering Coefficient,Global Efficiency,Local Efficiency,Shortest Path Length,Assortativity,Centralization
PIDC,0.3163395863395863,-0.03888888888888886,0.15128387045053704,0.23809523809523814,-0.047413557926472394,-0.24725274725274723
GRNBOOST2,0.31364117364117355,-0.031746031746031744,0.16329445246111907,0.20952380952380945,0.0791440456464392,-0.24725274725274723
PPCOR,0.07872053872053869,-0.007936507936507908,-0.016017716851050245,0.04761904761904767,0.12310905842786901,-0.24725274725274723
SINCERITIES,0.09930836359407785,0.036996336996336976,0.07076988707941079,-0.09304029304029315,-0.19357010704239752,0.17948717948717946
