,Clustering Coefficient,Assortativity,In Centralization
GRNBOOST2,0.25623277661851496,-0.13577452367718787,-0.38265306122448983
SINCERITIES,0.051270410941543526,-0.21088337865900317,0.11149015819345487
