,Clustering Coefficient,Global Efficiency,Local Efficiency,Shortest Path Length,Assortativity,Centralization
PIDC,0.6869692380007311,-0.05518018018018014,0.2267596080073586,0.14792899408284027,-0.18195488721801015,-0.5844155844155844
GRNBOOST2,0.6811093121637851,-0.045045045045045036,0.24476228641946518,0.13017751479289935,0.30372422001966204,-0.5844155844155844
PPCOR,0.17095106282968603,-0.01126126126126122,-0.024008978508416542,0.02958579881656808,0.4724449254893731,-0.5844155844155844
SINCERITIES,0.21565998632902056,0.05249480249480246,0.1060770841270822,-0.057806099226217635,-0.7428471630476955,0.4242424242424242
