,Clustering Coefficient,Global Efficiency,Local Efficiency,Shortest Path Length,Assortativity,Centralization
PIDC,0.7768253968253969,0.665873015873016,0.8184391534391534,1.8476190476190477,-0.30799220272903605,0.17582417582417584
GRNBOOST2,0.7741269841269841,0.6730158730158731,0.8304497354497354,1.819047619047619,-0.18143459915612445,0.17582417582417584
PPCOR,0.5392063492063492,0.6968253968253969,0.6511375661375661,1.6571428571428573,-0.13746958637469464,0.17582417582417584
SINCERITIES,0.5597941740798884,0.7417582417582418,0.7379251700680272,1.5164835164835164,-0.4541487518449612,0.6025641025641025
ground truth,0.46048581048581055,0.7047619047619048,0.6671552829886164,1.6095238095238096,-0.26057864480256365,0.4230769230769231
