,Clustering Coefficient,Assortativity,In Centralization
GRNBOOST2,0.5023989923925739,-0.0111869841324241,0.20408163265306123
SINCERITIES,0.29743662671560245,-0.08629583911423941,0.6982248520710059
ground truth,0.24616621577405892,0.12458753954476376,0.5867346938775511
