,PageRank,Centrality,Betweenness,Radiality,Clustering Coefficient,Local Efficiency,Node Degrees
PIDC,-0.3985768659679454,-0.32854885102131004,-0.2213298071024474,-0.16474612105803801,-0.39002320868310963,-0.4328842991073507,-0.32854885102131004
GRNBOOST2,-0.34050397929801063,-0.35685088349303534,-0.44465329044368157,-0.3412459894588754,-0.7568369691037811,-0.7805136005849247,-0.35685088349303534
PPCOR,-0.3109920812867288,-0.20801105884107768,-0.154122111294554,-0.17247706422018347,0.21602168966651844,0.2506747650599035,-0.20801105884107768
SINCERITIES,0.17381748691882032,0.211240755430882,0.29580646025959056,0.1407714785461811,0.1902659523704509,0.17991169977924942,0.211240755430882
