,PageRank,Out Centrality,Betweenness,Clustering Coefficient,Node In Degrees
GRNBOOST2,-0.0822899348920426,0.4818399775212926,-0.33875248597353014,-0.4833420818072822,-0.5600879681303612
SINCERITIES,-0.09010860407744856,0.4290812284639524,0.11030767014398465,-0.1540154947381952,-0.032521400024371865
