,PageRank,Centrality,Betweenness,Radiality,Clustering Coefficient,Local Efficiency,Node Degrees
PIDC,0.32352941176470595,0.4396104826457368,0.14224404880833572,0.2973873256038396,0.21934726319915518,0.21033226243011544,0.4396104826457368
GRNBOOST2,-0.329929436643622,-0.23255437609661725,-0.10662205053177434,-0.028522705903234247,-0.14035194750617785,-0.09610557155446631,-0.23255437609661725
PPCOR,-0.07384615384615385,-0.0616760819039276,0.03153846153846154,0.16396121153804316,-0.132050994709676,-0.21212124768184965,-0.0616760819039276
SINCERITIES,-0.04978802710942389,-0.15305719668384068,0.05968852235604624,-0.16204928937089502,0.1162067157311322,0.06482765878645662,-0.15305719668384068
