,Clustering Coefficient,Assortativity,In Centralization
GRNBOOST2,1.8870798347526383,-1.437492486323171,4.761904761904762
SINCERITIES,2.7008153832207324,4.278883540403363,6.349206349206349
