,Clustering Coefficient,Global Efficiency,Local Efficiency,Shortest Path Length,Assortativity,Centralization
PIDC,1.2527344690362483,0.18208046161243782,0.8480175553960837,-0.160418206780019,-1.2661301578613606,1.1542253521126764
GRNBOOST2,1.7227645808088887,0.008174386920980933,1.0014992121124,-0.016157989228007194,-0.9096890416729133,1.7605633802816905
PPCOR,0.12342531836576101,-0.004541326067211791,-0.0755921027251114,0.00897666068222618,0.19436868482169187,0.0
SINCERITIES,1.5210452913875492,0.00908265213442322,0.7090163423616455,-0.01795332136445248,-3.3773918268520164,1.7605633802816905
