,PageRank,Out Centrality,Betweenness,Clustering Coefficient,Node In Degrees
GRNBOOST2,-0.5016313426346242,0.33681653435348463,-0.22069179883719645,-0.21642337030975417,-0.6053658467448451
SINCERITIES,-0.3481550933149594,-0.07018357675446228,-0.03595708722409816,0.09244203406143123,-0.33965448405596804
