,Clustering Coefficient,Assortativity,In Centralization
GRNBOOST2,0.41034525202038397,-0.11891603836497128,0.6302083333333334
SINCERITIES,0.5260027806743135,0.15996432525338394,0.8038194444444444
ground truth,0.14213159161064276,-0.04878621740670465,0.109375
