,Clustering Coefficient,Global Efficiency,Local Efficiency,Shortest Path Length,Assortativity,Centralization
PIDC,0.5687293099057804,0.7230392156862745,0.7488448914919503,1.5588235294117647,-0.3114758289234864,0.5541666666666667
GRNBOOST2,0.6873939393939392,0.6166666666666667,0.811037999037999,1.8266666666666667,-0.26248358911675523,0.7101449275362319
PPCOR,0.2836219336219337,0.6088888888888888,0.37458417508417513,1.8733333333333333,-0.11073268710156496,0.2572463768115942
SINCERITIES,0.6364675324675325,0.6172222222222222,0.6925194805194805,1.8233333333333333,-0.6016652410991129,0.7101449275362319
ground truth,0.25246176046176044,0.6116666666666667,0.4052152477152476,1.8566666666666667,-0.13744834022130434,0.2572463768115942
