,Clustering Coefficient,Assortativity,In Centralization
GRNBOOST2,0.2682136604097412,-0.07012982095826663,0.5208333333333334
SINCERITIES,0.38387118906367074,0.20875054266008858,0.6944444444444444
