,Clustering Coefficient,Global Efficiency,Local Efficiency,Shortest Path Length,Assortativity,Centralization
PIDC,0.31626754944401997,0.1113725490196078,0.34362964377670274,-0.29784313725490197,-0.17402748870218207,0.2969202898550725
GRNBOOST2,0.4349321789321788,0.0050000000000000044,0.4058227513227514,-0.030000000000000027,-0.1250352488954509,0.45289855072463775
PPCOR,0.031160173160173277,-0.002777777777777879,-0.030631072631072453,0.016666666666666607,0.026715653119739377,0.0
SINCERITIES,0.3840057720057721,0.005555555555555536,0.28730423280423295,-0.03333333333333344,-0.46421690087780854,0.45289855072463775
