,Clustering Coefficient,Global Efficiency,Local Efficiency,Shortest Path Length,Assortativity,Centralization
PIDC,0.15825396825396826,-0.004761904761904856,0.059007936507936676,0.02857142857142847,-0.022940543218349013,0.0
GRNBOOST2,0.2452380952380952,-0.004761904761904856,0.13940476190476203,0.02857142857142847,-0.05353132836559166,0.0
PPCOR,0.02888888888888891,0.0,0.012103174603174671,0.0,0.184769478697612,0.0
SINCERITIES,0.3112739112739113,0.015873015873015928,0.19652319902319904,-0.09523809523809534,-0.4288915114642924,0.4945054945054945
