,Clustering Coefficient,Assortativity,In Centralization
GRNBOOST2,0.3485079365079365,0.15789214637453985,-0.15306122448979592
SINCERITIES,0.3295107047599571,0.058076547960173364,0.6122448979591837
