,PageRank,Centrality,Betweenness,Radiality,Clustering Coefficient,Local Efficiency,Node Degrees
PIDC,0.19141354420540344,0.29801749594202875,0.16815769304026096,0.13247711580224591,0.25527880726652835,0.18721940442466395,0.29801749594202875
GRNBOOST2,0.5355002586326251,0.5388672252841423,0.2919037379133611,-0.061970832158393996,0.23822806082104125,0.08727979650120937,0.5388672252841423
PPCOR,0.5035714285714286,0.36377224593635543,0.3428571428571428,0.4559589721136633,-0.15737618225750138,-0.2991010411623225,0.36377224593635543
SINCERITIES,0.20826154857474258,0.23491726073572552,0.12762031896531162,-0.03273652702606124,-0.09066938678907281,-0.11066382807416113,0.23491726073572552
