,Clustering Coefficient,Assortativity,In Centralization
GRNBOOST2,1.3748278021289917,2.0085014698796866,-0.6666666666666666
SINCERITIES,1.2998856856529302,0.7387753895424632,2.6666666666666665
