,PageRank,Out Centrality,Betweenness,Clustering Coefficient,Node In Degrees
GRNBOOST2,0.13404831089945207,,0.13346012706618987,-0.22808660837702843,0.180974965076654
SINCERITIES,0.03692073504303205,,0.1549503270133258,0.0601877653058725,0.05292027617309871
