,Clustering Coefficient,Assortativity,In Centralization
GRNBOOST2,0.602,0.07928023160008967,0.07653061224489796
SINCERITIES,0.5830027682520206,-0.020535366814276822,0.8418367346938775
ground truth,0.2534920634920635,-0.07861191477445019,0.22959183673469388
