,Clustering Coefficient,Global Efficiency,Local Efficiency,Shortest Path Length,Assortativity,Centralization
PIDC,0.3169103623649078,-0.006912442396313501,0.08325090976952529,0.016949152542372822,-0.16548122186719574,0.0
GRNBOOST2,0.49109980928162733,-0.006912442396313501,0.19667817486236838,0.016949152542372822,-0.3861473349518053,0.0
PPCOR,0.057851239669421524,0.0,0.017075674162545584,0.0,1.3328315204929189,0.0
SINCERITIES,0.6233393645981059,0.02304147465437796,0.2772632984259373,-0.056497175141243,-3.0938016894391276,2.6470588235294117
