,Clustering Coefficient,Global Efficiency,Local Efficiency,Shortest Path Length,Assortativity,Centralization
PIDC,0.6576190476190477,0.684126984126984,0.7678042328042329,1.7142857142857142,-0.16156982670744224,0.18681318681318682
GRNBOOST2,0.7446031746031746,0.684126984126984,0.8482010582010583,1.7142857142857142,-0.1921606118546849,0.18681318681318682
PPCOR,0.5282539682539683,0.6888888888888889,0.7208994708994709,1.6857142857142857,0.04614019520851879,0.18681318681318682
SINCERITIES,0.8106389906389907,0.7047619047619048,0.9053194953194953,1.5904761904761904,-0.5675207949533856,0.6813186813186813
ground truth,0.4993650793650794,0.6888888888888889,0.7087962962962963,1.6857142857142857,-0.13862928348909323,0.18681318681318682
