,Clustering Coefficient,Assortativity,In Centralization
GRNBOOST2,-0.04201386522194622,0.4244637430984295,-0.15652777777777777
SINCERITIES,0.0006060342496403415,0.14887533039876913,0.4340277777777778
