,Clustering Coefficient,Global Efficiency,Local Efficiency,Shortest Path Length,Assortativity,Centralization
PIDC,-0.005026021554879515,-0.10437436033508983,-0.08301336555133217,0.32466477041852887,1.3293560258565964,-0.7639077340569878
GRNBOOST2,-0.30188168169125,-0.06364428945074108,-0.3001792227943017,0.15140186915887838,1.7809275698768834,-0.4664179104477612
PPCOR,-0.4794550984831876,0.032940373753837834,-0.348949440312223,-0.04104022754977654,0.5339324661057476,-0.666214382632293
SINCERITIES,-0.1307304802312451,0.022667829119441905,-0.07734816179374869,-0.048598130841121495,-0.12987078840817767,0.5597014925373135
