,Clustering Coefficient,Assortativity,In Centralization
GRNBOOST2,-0.0939683256251269,1.7555084599748083,-0.36063999999999996
SINCERITIES,0.0013554578568133234,0.6157225587486248,1.0
