,PageRank,Centrality,Betweenness,Radiality,Clustering Coefficient,Local Efficiency,Node Degrees
PIDC,0.3148959482575168,0.450508051800076,0.1117975927481098,0.036728482676354146,-0.18378227608290826,-0.09076926411183109,0.450508051800076
GRNBOOST2,0.06615384615384615,-0.04723796901416462,0.059926261977712586,0.03288203374911825,0.09677326180064454,0.07806528018051721,-0.04723796901416462
PPCOR,-0.20173913043478262,-0.22330024919793193,-0.04867531599613718,-0.23520899157719613,0.10028790502705676,0.10475908728234479,-0.22330024919793193
SINCERITIES,0.013076923076923076,-0.036480731123259474,0.1211444099581822,0.014549102294077229,-0.06512264068478636,-0.06355031320493489,-0.036480731123259474
