,Clustering Coefficient,Assortativity,In Centralization
GRNBOOST2,0.40509280548276,0.18267411190262167,0.2775
SINCERITIES,0.44771270495434656,-0.09291430079703872,0.8680555555555556
ground truth,0.4471066707047062,-0.24178963119580785,0.4340277777777778
