,PageRank,Out Centrality,Betweenness,Clustering Coefficient,Node In Degrees
GRNBOOST2,0.05530258423015849,0.027294516599473576,-0.04760389104248762,0.252038907141412,-0.2416594018850596
SINCERITIES,-0.055048938814368634,0.16815139181725125,0.01607401525768014,0.05073605012529574,-0.01362214258535832
