,mDC_chipunion,mDC_chipunion_KDUnion_intersect,mDC_KDUnion
PIDC,0.008842017767156735,0.010045121680597678,0.010801007011179989
GRNBOOST2,0.007262714946230973,0.007279183311140702,0.00874408657457853
PPCOR,0.0017974025974025975,0.0015830275772280742,0.002828682023658068
SINCERITIES,0.0010286355513070946,0.0005030181086519115,0.0016513376511752245
