"","mDC_chipunion","mDC_chipunion_KDUnion_intersect","mDC_KDUnion"
"PIDC",0.00490745351925631,0.00586289393626133,0.00603305003445527
"GRNBOOST2",0.00341342961487384,0.00330847057085887,0.00401316100612784
"PPCOR",0.000830013280212483,0.000679408028830532,0.00129713953708333
"SINCERITIES",0,0,5.4048941316362e-05
