,Clustering Coefficient,Global Efficiency,Local Efficiency,Shortest Path Length,Assortativity,Centralization
PIDC,0.5348677248677249,0.6793650793650793,0.6698589065255731,1.7809523809523808,0.15509601181684002,0.25824175824175827
GRNBOOST2,0.5341798941798942,0.6865079365079365,0.68,1.723809523809524,-0.11373267666933805,0.34065934065934067
PPCOR,0.6224001924001924,0.6952380952380952,0.7660766394099728,1.6666666666666667,-0.10556203811746372,0.5054945054945055
SINCERITIES,0.5979568579568579,0.7095238095238096,0.7231542531542533,1.5809523809523809,-0.4649849237694819,0.6703296703296703
ground truth,0.5485714285714285,0.6904761904761905,0.7561375661375661,1.6952380952380952,-0.03418803418806308,0.09340659340659341
