,Clustering Coefficient,Global Efficiency,Local Efficiency,Shortest Path Length,Assortativity,Centralization
PIDC,-0.013703703703703551,-0.011111111111111183,-0.08627865961199299,0.08571428571428563,0.1892840460049031,0.16483516483516486
GRNBOOST2,-0.014391534391534289,-0.003968253968253954,-0.07613756613756606,0.028571428571428692,-0.07954464248127496,0.24725274725274726
PPCOR,0.07382876382876391,0.004761904761904745,0.009939073272406729,-0.02857142857142847,-0.07137400392940063,0.41208791208791207
SINCERITIES,0.04938542938542945,0.01904761904761909,-0.03298331298331281,-0.11428571428571432,-0.4307968895814188,0.5769230769230769
