,Clustering Coefficient,Global Efficiency,Local Efficiency,Shortest Path Length,Assortativity,Centralization
PIDC,-0.024980709876542936,-0.01609195402298861,-0.114104448020899,0.05056179775280894,5.536558345638737,1.7647058823529413
GRNBOOST2,-0.026234567901234383,-0.005747126436781589,-0.10069274368483651,0.016853932584269735,-2.3266807925753263,2.6470588235294117
PPCOR,0.1345836840628509,0.006896551724137907,0.013144530463122747,-0.016853932584269603,-2.0876896149332045,4.411764705882352
SINCERITIES,0.0900255223171891,0.027586206896551786,-0.04362078338706963,-0.06741573033707868,-12.600809020245853,6.1764705882352935
