,Clustering Coefficient,Assortativity,In Centralization
GRNBOOST2,0.13485166765095685,12783742725617.477,4.0
SINCERITIES,-0.0004396377385034063,8080880907713.189,7.0
