,Clustering Coefficient,Assortativity,In Centralization
GRNBOOST2,0.3213611706490963,0.050816918367297785,0.3826530612244898
SINCERITIES,0.28305010893246185,0.03212247572850484,0.6122448979591837
ground truth,0.28317460317460313,-3.9751205463067715e-15,0.07653061224489796
