,PageRank,Centrality,Betweenness,Radiality,Clustering Coefficient,Local Efficiency,Node Degrees
PIDC,0.1357142857142857,0.26542940920787844,0.44999999999999996,0.258641321547182,0.3755519242523902,0.31099168238096714,0.26542940920787844
GRNBOOST2,0.10357142857142855,0.11440107883060735,0.31456670291071426,0.11790663836216041,0.5609364781129286,0.562142399639066,0.11440107883060735
PPCOR,-0.06071428571428571,0.1196194785399013,-0.39999999999999997,0.07935357186917706,-0.492616443741428,-0.4052865365139718,0.1196194785399013
SINCERITIES,-0.07692320000777896,0.09796839396316612,-0.007273929674533079,0.07781201983330435,0.038757279922238166,0.048227276875463757,0.09796839396316612
