,Clustering Coefficient,Assortativity,In Centralization
GRNBOOST2,0.03818656747449317,0.05081691836730176,0.30612244897959184
SINCERITIES,-0.00012449424214128202,0.03212247572850881,0.5357142857142857
