,PageRank,Out Centrality,Betweenness,Clustering Coefficient,Node In Degrees
GRNBOOST2,0.24843620286698453,,-0.017937400083354378,0.5040238212693404,0.2857383834063722
SINCERITIES,-0.009221388919541466,,0.09490707529566207,0.02053153758670964,-0.12610831807632958
