,Clustering Coefficient,Global Efficiency,Local Efficiency,Shortest Path Length,Assortativity,Centralization
PIDC,0.22028379028379041,-0.009523809523809601,0.12100849767516442,0.05714285714285694,0.1319580123343098,0.1648351648351648
GRNBOOST2,0.1942183742183743,-0.006349206349206438,0.13289722623055966,0.03809523809523796,-0.07934718270654631,0.0824175824175824
PPCOR,0.12143338143338156,0.0015873015873014706,0.09864277697611035,-0.009523809523809712,-0.1522674326778795,0.0824175824175824
SINCERITIES,0.19495134495134492,0.004761904761904745,0.16592839259505932,-0.028571428571428692,-0.3195566968838826,0.24725274725274726
