,PageRank,Out Centrality,Betweenness,Clustering Coefficient,Node In Degrees
GRNBOOST2,-0.5852588800051418,0.5221873416630499,-0.2621151732895341,0.26402656240833466,-0.16456787081431803
SINCERITIES,0.1438536671448469,0.17055416621135408,0.27848594537015225,0.07871211163586685,0.24954179037044896
