,Clustering Coefficient,Global Efficiency,Local Efficiency,Shortest Path Length,Assortativity,Centralization
PIDC,0.7040404040404041,0.6873015873015873,0.7540067340067341,1.7142857142857142,0.08746618575293012,0.5054945054945055
GRNBOOST2,0.677974987974988,0.6904761904761905,0.7658954625621294,1.6952380952380952,-0.12383900928792597,0.4230769230769231
PPCOR,0.6051899951899953,0.6984126984126984,0.73164101330768,1.6476190476190475,-0.1967592592592592,0.4230769230769231
SINCERITIES,0.6787079587079586,0.7015873015873016,0.798926628926629,1.6285714285714286,-0.3640485234652623,0.5879120879120879
ground truth,0.4837566137566137,0.6968253968253969,0.6329982363315697,1.6571428571428573,-0.04449182658137967,0.34065934065934067
