,PageRank,Centrality,Betweenness,Radiality,Clustering Coefficient,Local Efficiency,Node Degrees
PIDC,0.2898754521821014,0.3742656927784904,-0.2861108359199962,0.2654597964380529,0.2028711281062983,0.24543159845078347,0.3742656927784904
GRNBOOST2,-0.012533617272717349,0.13491614694525997,-0.2310604830333472,-0.11252287133929731,0.280579623911474,0.213647623106848,0.13491614694525997
PPCOR,0.1714285714285714,0.26923122078561124,0.26809662179890414,0.2955576917307667,0.24394707133769652,0.23255851165142472,0.26923122078561124
SINCERITIES,-0.08757822978764203,-0.03151229560153106,0.09928380130339139,-0.10766710183110391,0.27176098250029473,0.2599430434125156,-0.03151229560153106
