,Clustering Coefficient,Assortativity,In Centralization
GRNBOOST2,0.3118601664405557,-0.1253628800518779,0.08625166042748461
SINCERITIES,0.14213689609492328,0.061906618621174914,0.3826530612244898
