,Clustering Coefficient,Assortativity,In Centralization
GRNBOOST2,0.5607113050441452,-0.23829224576148625,0.3668639053254438
SINCERITIES,0.39098803469851284,-0.05102274708843342,0.6632653061224489
ground truth,0.24885113860358957,-0.11292936570960833,0.28061224489795916
