,Clustering Coefficient,Global Efficiency,Local Efficiency,Shortest Path Length,Assortativity,Centralization
PIDC,0.4553607827150431,-0.013667425968109449,0.19116719562513784,0.03448275862068953,2.9658933443190145,0.4838709677419354
GRNBOOST2,0.4014795223370091,-0.00911161731207302,0.20994880965347112,0.022988505747126353,-1.7834103205768135,0.2419354838709677
PPCOR,0.2510216459686002,0.0022779043280180557,0.1558342050805343,-0.005747126436781723,-3.422368654597003,0.2419354838709677
SINCERITIES,0.4029946865996302,0.006833712984054645,0.2621308924281815,-0.0172413793103449,-7.182368570536968,0.7258064516129032
