,PageRank,Centrality,Betweenness,Radiality,Clustering Coefficient,Local Efficiency,Node Degrees
PIDC,0.0,10.86206896551724,0.0,3.6206896551724133,3.6206896551724133,0.0,3.6206896551724133
GRNBOOST2,0.0,3.6206896551724133,0.0,3.6206896551724133,0.0,0.0,3.6206896551724133
PPCOR,3.6206896551724133,10.86206896551724,3.6206896551724133,10.86206896551724,0.0,0.0,10.86206896551724
SINCERITIES,0.0,3.6206896551724133,0.0,3.6206896551724133,3.6206896551724133,3.6206896551724133,3.6206896551724133
