,Clustering Coefficient,Assortativity,In Centralization
GRNBOOST2,1.2531996766843696,-1.1100999218771994,0.30736955352339973
SINCERITIES,0.5711723759534088,0.5481888455865801,1.3636363636363638
