,Clustering Coefficient,Assortativity,In Centralization
GRNBOOST2,0.41146294555082735,0.008543021168869566,0.3202479338842975
SINCERITIES,0.18884782578532583,0.2581935773223931,0.4375
ground truth,0.4564924367440556,-0.07553256909537057,0.09027777777777778
