,PageRank,Out Centrality,Betweenness,Clustering Coefficient,Node In Degrees
GRNBOOST2,0.21102051546113862,-0.22968485160975657,-0.29080165999404084,0.14638520515300502,-0.1458993639379984
SINCERITIES,0.2940086461591713,0.11226872070166834,0.12165290645915544,0.18425690255118796,-0.0679847978948734
