,Clustering Coefficient,Global Efficiency,Local Efficiency,Shortest Path Length,Assortativity,Centralization
PIDC,0.6631890331890331,0.7140350877192982,0.7623773448773449,1.694736842105263,0.03247207223288396,0.3391812865497076
GRNBOOST2,0.5765026640026639,0.6346618357487922,0.7034292482209148,1.8623188405797102,0.03262417660673144,0.30039525691699603
PPCOR,0.5038537851037851,0.6464371980676328,0.6521330521330521,1.789855072463768,-0.1416890858258148,0.30039525691699603
SINCERITIES,0.31769719169719174,0.6347222222222222,0.47495376845376847,1.81,-0.2761213378273259,0.3007246376811594
ground truth,0.6887053230940698,0.6527777777777778,0.8432126945707509,1.6966666666666668,-0.5034467404613931,0.7083333333333334
