,Clustering Coefficient,Assortativity,In Centralization
GRNBOOST2,-0.098642359804255,1.1131038076843751,2.5473617291799107
SINCERITIES,-0.5863067806067326,4.41830789571565,3.8461538461538463
