,Clustering Coefficient,Assortativity,In Centralization
GRNBOOST2,-0.045029491193228244,0.08407559026424014,0.22997015610651972
SINCERITIES,-0.26764461095872977,0.33372614641776366,0.3472222222222222
