,PageRank,Centrality,Betweenness,Radiality,Clustering Coefficient,Local Efficiency,Node Degrees
PIDC,-0.14742385397580796,-0.18603771427844032,-0.2340036306246021,-0.1753539886551717,0.023097684177038457,0.04127291107044577,-0.18603771427844032
GRNBOOST2,-0.3608695652173913,-0.3333335366477462,-0.28784177418283474,-0.34205488029593945,-0.07100735123772163,-0.06660967739556306,-0.3333335366477462
PPCOR,0.011304347826086955,0.029781689275087998,0.010489654762369328,0.02376788420216354,0.1822000791391993,0.2057002522939669,0.029781689275087998
SINCERITIES,0.18461538461538463,0.07127502841034598,0.215654303842612,0.02884511311437531,0.1561805624739091,0.12371963927008883,0.07127502841034598
