,PageRank,Centrality,Betweenness,Radiality,Clustering Coefficient,Local Efficiency,Node Degrees
PIDC,0.0,0.0,0.0,0.0,0.0,0.0,0.0
GRNBOOST2,0.0,0.0,0.0,0.0,0.0,0.0,0.0
PPCOR,6.384858044164038,12.769716088328076,6.384858044164038,12.769716088328076,2.5539432176656156,2.5539432176656156,12.769716088328076
SINCERITIES,2.665121668597914,2.665121668597914,2.665121668597914,2.665121668597914,0.0,0.0,2.665121668597914
