,Clustering Coefficient,Global Efficiency,Local Efficiency,Shortest Path Length,Assortativity,Centralization
PIDC,-0.025516289905036738,0.061257309941520455,-0.080835349693406,-0.0019298245614036702,0.5359188126942771,-0.3691520467836258
GRNBOOST2,-0.11220265909140592,-0.018115942028985588,-0.13978344634983608,0.16565217391304343,0.5360709170681246,-0.40793807641633734
PPCOR,-0.18485153799028475,-0.006340579710145011,-0.19107964243769882,0.0931884057971013,0.36175765463557835,-0.40793807641633734
SINCERITIES,-0.3710081313968781,-0.018055555555555602,-0.3682589261169824,0.11333333333333329,0.22732540263406725,-0.40760869565217395
