,Clustering Coefficient,Assortativity,In Centralization
GRNBOOST2,0.468769090962853,-0.08745742408292548,0.37351977828168303
SINCERITIES,-0.07325491468218331,0.10619369454685,0.3826530612244897
