,PageRank,Out Centrality,Betweenness,Clustering Coefficient,Node In Degrees
GRNBOOST2,0.43030303030303024,-0.11690530122174887,-0.018406293574195463,-0.7561116173156892,0.5414104039915957
SINCERITIES,-0.23298157322862875,0.4372689844893176,0.04067446084099803,0.19819661931263416,-0.058381346066135945
