,Clustering Coefficient,Global Efficiency,Local Efficiency,Shortest Path Length,Assortativity,Centralization
PIDC,0.6702982202982203,0.7047619047619048,0.7167316017316018,1.6285714285714286,-0.35504201680672454,0.4945054945054945
GRNBOOST2,0.744331065759637,0.7435897435897436,0.8301020408163267,1.5274725274725274,-0.3674033149171267,0.5
PPCOR,0.5862962962962963,0.6833333333333333,0.637283950617284,1.7619047619047619,0.19329696024941634,0.32967032967032966
SINCERITIES,0.3064502164502164,0.7015873015873016,0.4833621933621934,1.6476190476190475,-0.19281744335186127,0.41208791208791207
ground truth,0.42793650793650795,0.7095238095238096,0.5937918871252205,1.6,-0.20328849028400905,0.32967032967032966
