,Clustering Coefficient,Global Efficiency,Local Efficiency,Shortest Path Length,Assortativity,Centralization
PIDC,0.5663496987680963,-0.00671140939597313,0.20704175532202151,0.017857142857142794,-0.7464934503212877,0.5000000000000001
GRNBOOST2,0.7393493005510806,0.04801239029426947,0.3979679729798539,-0.045329670329670446,-0.8073001299967208,0.5166666666666667
PPCOR,0.3700544015825915,-0.03691275167785237,0.07324462397528826,0.10119047619047611,1.9508504882857176,0.0
SINCERITIES,-0.28388858915565157,-0.011185682326621883,-0.1859737328134619,0.029761904761904656,0.05150831174710856,0.24999999999999994
