,Clustering Coefficient,Assortativity,In Centralization
GRNBOOST2,1.960291685014595,-1.1874553998641575,2.815764482431149
SINCERITIES,-0.30633632401611777,1.4418475886234206,2.8846153846153837
