,PageRank,Centrality,Betweenness,Radiality,Clustering Coefficient,Local Efficiency,Node Degrees
PIDC,-0.2576032744446551,-0.20422132228729215,-0.06645732307745769,-0.2066645798218582,-0.11766316258991294,-0.4293356559545984,-0.20422132228729215
GRNBOOST2,-0.2450355007499168,-0.061737868253875935,-0.42090829000194335,0.029585979637699857,-0.15421443992880274,-0.22503467207520564,-0.061737868253875935
PPCOR,-0.2377123379950284,-0.17817072794910643,-0.021622499104693417,-0.25696838498393415,0.3511313655049804,0.29856887771701995,-0.17817072794910643
SINCERITIES,0.23792524653568842,0.42010884830876416,0.13953510699085486,0.32379769810460113,0.37987447852047357,0.4452488279873807,0.42010884830876416
