,Clustering Coefficient,Global Efficiency,Local Efficiency,Shortest Path Length,Assortativity,Centralization
PIDC,0.24236171236171233,-0.004761904761904745,0.12293971460638131,0.02857142857142847,-0.15175352652271548,0.16483516483516486
GRNBOOST2,0.3163945578231291,0.034065934065934056,0.2363101536911062,-0.07252747252747271,-0.16411482463311763,0.17032967032967034
PPCOR,0.15835978835978837,-0.02619047619047621,0.04349206349206358,0.16190476190476177,0.3965854505334254,0.0
SINCERITIES,-0.12148629148629153,-0.007936507936507908,-0.11042969376302708,0.04761904761904745,0.010471046932147787,0.0824175824175824
