,Clustering Coefficient,Assortativity,In Centralization
GRNBOOST2,0.33966206132001103,0.8723643518707921,2.5
SINCERITIES,0.24516258925717377,1.482503905615992,9.0
