,Clustering Coefficient,Assortativity,In Centralization
GRNBOOST2,0.34540599073081557,-0.015594065849095567,0.3038194444444444
SINCERITIES,0.3210411268492174,0.05895059716392625,0.8680555555555556
ground truth,0.25783068783068785,-0.12217641448656574,0.08680555555555555
