,PageRank,Centrality,Betweenness,Radiality,Clustering Coefficient,Local Efficiency,Node Degrees
PIDC,0.2653846153846154,0.2466810756398936,0.18307692307692305,0.1760348309056859,-0.05606069130411024,-0.08471318705752703,0.2466810756398936
GRNBOOST2,0.030769230769230767,0.004241757454725705,0.1346153846153846,0.11340386612807897,-0.023079908640931224,0.1698767838504684,0.004241757454725705
PPCOR,0.03538461538461538,-0.02535058147981126,-0.1176923076923077,0.026243653058332875,-0.20278712179343697,-0.22872560505532305,-0.02535058147981126
SINCERITIES,-0.11886901547065043,-0.12936694846261523,-0.19464295035634238,-0.25474100178149317,-0.22500489158766532,-0.2035618958614248,-0.12936694846261523
