,Clustering Coefficient,Global Efficiency,Local Efficiency,Shortest Path Length,Assortativity,Centralization
PIDC,0.41326096126096123,0.6422222222222221,0.6079887519887519,1.7966666666666666,0.15603248259860872,0.23731884057971014
GRNBOOST2,0.40993783993784,0.6488888888888888,0.612799285899286,1.7533333333333334,-0.09629915685138887,0.2826086956521739
PPCOR,0.3499047619047619,0.6488888888888888,0.5085860990860991,1.7533333333333334,0.20981993812459712,0.19202898550724637
SINCERITIES,0.5833012108664282,0.6616666666666666,0.7902013300708952,1.6766666666666667,-0.2930671391583444,0.7355072463768116
ground truth,0.5005714285714286,0.6305555555555555,0.7065661375661374,1.8633333333333333,-0.1891259591989468,0.10144927536231885
