,PageRank,Out Centrality,Betweenness,Clustering Coefficient,Node In Degrees
GRNBOOST2,-0.1723076923076923,,0.053950003805402186,0.24473468269080564,-0.02025289300581235
SINCERITIES,-0.061041908961643146,,0.18296949030592985,-0.13672558036063434,-0.04357441885639628
