,Clustering Coefficient,Global Efficiency,Local Efficiency,Shortest Path Length,Assortativity,Centralization
PIDC,-0.08731046731046732,0.011666666666666603,-0.09857738557738549,-0.06666666666666665,0.3451584417975555,0.1358695652173913
GRNBOOST2,-0.09063358863358856,0.018333333333333313,-0.09376685166685139,-0.10999999999999988,0.09282680234755794,0.18115942028985504
PPCOR,-0.15066666666666667,0.018333333333333313,-0.1979800384800383,-0.10999999999999988,0.3989458973235439,0.09057971014492752
SINCERITIES,0.08272978229499961,0.03111111111111109,0.08363519250475782,-0.18666666666666654,-0.10394117995939761,0.6340579710144928
