,Clustering Coefficient,Assortativity,In Centralization
GRNBOOST2,0.08757530290012772,0.10658234863747018,0.21701388888888887
SINCERITIES,0.06321043901852952,0.181127011650492,0.78125
