,Clustering Coefficient,Global Efficiency,Local Efficiency,Shortest Path Length,Assortativity,Centralization
PIDC,1.377564416520073,-0.06169111302847281,0.7299805919454224,0.14857142857142844,5.193511632242895,1.1363636363636365
GRNBOOST2,0.8122668876916703,-0.016393442622950796,0.6256909395111182,0.03619047619047614,2.6953035509737466,0.0
PPCOR,0.7390021223423633,-0.02459016393442628,0.5698109087374793,0.0571428571428572,1.2408099972635283,0.7575757575757575
SINCERITIES,1.1903787082670105,0.021307724049968238,0.7717052427653287,-0.016563146997929552,-5.6302321424009785,3.4958677685950414
