,PageRank,Centrality,Betweenness,Radiality,Clustering Coefficient,Local Efficiency,Node Degrees
PIDC,0.003846153846153846,0.07126315857382394,-0.19846153846153847,-0.18551828150614058,0.2564991382046263,0.36694247360078847,0.07126315857382394
GRNBOOST2,0.15307692307692308,0.11911965623247026,0.08153846153846152,-0.016017980698926428,-0.18176566697886348,-0.1992300325649994,0.11911965623247026
PPCOR,0.18846153846153846,0.27385720522416523,0.09769230769230769,0.2842207357197886,-0.28037041518188865,-0.24692070823710544,0.27385720522416523
SINCERITIES,0.05001087311092552,0.06286770681628365,0.07972134682446225,0.11104444675847999,-0.01852255789133353,0.0030494463739460026,0.06286770681628365
