,Clustering Coefficient,Assortativity,In Centralization
GRNBOOST2,0.23301607870926194,0.061873201016902836,-0.043402777777777776
SINCERITIES,0.11566671934190295,0.2211326404163788,0.564236111111111
