,Clustering Coefficient,Global Efficiency,Local Efficiency,Shortest Path Length,Assortativity,Centralization
PIDC,0.3165774225774225,-0.039722222222222214,0.27817088467088485,0.2599999999999998,0.34623410881619937,0.13586956521739132
GRNBOOST2,0.1866666666666667,-0.01055555555555554,0.2384296296296296,0.06333333333333324,0.17968690339825308,0.0
PPCOR,0.16982972582972594,-0.015833333333333366,0.21713564213564213,0.10000000000000009,0.08272066648423673,0.09057971014492752
SINCERITIES,0.27356036409983775,0.013719806763285103,0.2940707362001223,-0.02898550724637672,-0.37534880949340543,0.4179841897233202
