,Clustering Coefficient,Global Efficiency,Local Efficiency,Shortest Path Length,Assortativity,Centralization
PIDC,0.5463869463869463,0.6041666666666666,0.6592370222370224,2.01,0.2795674421495315,0.2554347826086957
GRNBOOST2,0.4164761904761905,0.6333333333333333,0.6194957671957672,1.8133333333333332,0.11302023673158519,0.11956521739130435
PPCOR,0.39963924963924974,0.6280555555555555,0.5982017797017797,1.85,0.016053999817568845,0.21014492753623187
SINCERITIES,0.5033698879093615,0.657608695652174,0.6751368737662599,1.7210144927536233,-0.4420154761600733,0.5375494071146245
ground truth,0.2298095238095238,0.6438888888888888,0.38106613756613755,1.75,-0.06666666666666789,0.11956521739130435
