,Clustering Coefficient,Assortativity,In Centralization
GRNBOOST2,0.35925744251228425,-0.019905183808858147,0.078125
SINCERITIES,0.24190808314492526,0.13935425559061784,0.6857638888888888
ground truth,0.1262413638030223,-0.08177838482576098,0.12152777777777778
