,PageRank,Out Centrality,Betweenness,Clustering Coefficient,Node In Degrees
GRNBOOST2,0.1323076923076923,0.2546482304286103,0.10153846153846155,0.07480255879722052,0.07119403242210497
SINCERITIES,-0.21639441541360352,0.2738843298515452,-0.046026092671836695,-0.23385439129131055,-0.24165359504451467
