,Clustering Coefficient,Assortativity,In Centralization
GRNBOOST2,1.8457981733534106,0.7565960265506757,-0.35714285714285715
SINCERITIES,0.9162347099036473,2.704047541260804,4.642857142857142
