,Clustering Coefficient,Assortativity,In Centralization
GRNBOOST2,0.4602291574368233,0.260558309257798,0.07942708333333331
SINCERITIES,-0.03528615033950186,-0.1604896396438643,0.18570809703843727
