,Clustering Coefficient,Assortativity,In Centralization
GRNBOOST2,0.6609390996707053,0.28393891165249235,0.33984375
SINCERITIES,0.16542379189438014,-0.13710903724916995,0.44612476370510395
ground truth,0.200709942233882,0.02338060239469436,0.2604166666666667
