,PageRank,Out Centrality,Betweenness,Clustering Coefficient,Node In Degrees
GRNBOOST2,0.2063888293594916,-0.13190350813584684,0.06388225670650931,-0.18427574049954606,0.09248532404041701
SINCERITIES,0.039633350435481114,-0.15238591709031934,-0.15489940981325212,0.03376906638653395,0.14179715734254675
