,Clustering Coefficient,Global Efficiency,Local Efficiency,Shortest Path Length,Assortativity,Centralization
PIDC,1.5225348827428618,0.28821977339748556,0.7308520921663466,-0.2142311470042562,4.7992923337951146,0.15000000000000013
GRNBOOST2,0.9240172067205368,0.03542016470776366,0.3201671027751328,0.031250752957617596,3.5694726368159446,0.1658986175115208
PPCOR,0.19243051685863943,-0.04441512752858408,-0.06044074683570257,0.10204081632653063,3.9746352563244933,0.20161290322580636
SINCERITIES,-0.20467938374828606,0.018603495086229944,-0.18927943964212163,-0.009841090586432235,-1.634458962778622,0.40762463343108507
