,Clustering Coefficient,Assortativity,In Centralization
GRNBOOST2,2.2930062771904463,11.144208556274203,0.3049999999999999
SINCERITIES,-0.17580668873086436,-6.864221756762067,0.7131190926275991
