,Clustering Coefficient,Global Efficiency,Local Efficiency,Shortest Path Length,Assortativity,Centralization
PIDC,0.8662814309873133,0.8137254901960784,0.9299972358795889,1.411764705882353,0.4046583550787654,0.25833333333333336
GRNBOOST2,0.660740269831179,0.6540404040404041,0.7093337218337218,1.852813852813853,0.2736716417910445,0.2619047619047619
PPCOR,0.40950094350094346,0.6036111111111111,0.5048308358308358,1.98,0.3168250568866291,0.26992753623188404
SINCERITIES,0.27312664187664193,0.6434178743961353,0.43560503154253166,1.7789855072463767,-0.28059326230777926,0.31620553359683795
ground truth,0.34341702741702734,0.6316666666666667,0.5373060125060125,1.7966666666666666,-0.10650887573964385,0.2246376811594203
