,Clustering Coefficient,Global Efficiency,Local Efficiency,Shortest Path Length,Assortativity,Centralization
PIDC,0.5228644035702859,0.18205882352941172,0.3926912233735764,-0.3849019607843136,0.5111672308184092,0.03369565217391307
GRNBOOST2,0.3173232424141516,0.02237373737373738,0.17202770932770928,0.05614718614718628,0.3801805175306883,0.03726708074534163
PPCOR,0.06608391608391612,-0.02805555555555561,-0.03247517667517674,0.18333333333333335,0.42333393262627295,0.04528985507246375
SINCERITIES,-0.07029038554038541,0.011751207729468582,-0.10170098096348085,-0.017681159420289916,-0.1740843865681354,0.09156785243741766
