,PageRank,Centrality,Betweenness,Radiality,Clustering Coefficient,Local Efficiency,Node Degrees
PIDC,0.15414875169150047,0.17384515023759364,-0.14012471087579972,0.2559436503327318,-0.22680224632524096,-0.35220535436349665,0.17384515023759364
GRNBOOST2,0.19209042613719582,0.184971221872621,0.2841955261117368,0.22669022466446104,-0.05123835961901638,-0.04709274623541265,0.184971221872621
PPCOR,0.03769230769230769,0.04857302589919846,0.09617234261379484,0.02852719247144318,0.05347600349550066,0.1069475895420266,0.04857302589919846
SINCERITIES,-0.3022396244529847,-0.2639533919011598,-0.2826701523661008,-0.23798189892792906,0.06381618231073395,0.12802097722912859,-0.2639533919011598
