,PageRank,Centrality,Betweenness,Radiality,Clustering Coefficient,Local Efficiency,Node Degrees
PIDC,0.0,0.0,0.0,0.0,0.0,0.0,0.0
GRNBOOST2,5.828917486752459,5.828917486752459,2.331566994700984,2.331566994700984,0.0,0.0,5.828917486752459
PPCOR,0.0,0.0,0.0,0.0,2.665121668597914,2.665121668597914,0.0
SINCERITIES,0.0,0.0,0.0,0.0,2.5539432176656156,2.5539432176656156,0.0
