,PageRank,Out Centrality,Betweenness,Clustering Coefficient,Node In Degrees
GRNBOOST2,0.34642946449240786,0.06986491209921525,-0.2303682647499011,0.08466173253068085,-0.24754698409148113
SINCERITIES,-0.13064136152865274,0.2545408135426919,-0.3928241875187902,0.15273235843731567,-0.20450629272367918
