,Clustering Coefficient,Global Efficiency,Local Efficiency,Shortest Path Length,Assortativity,Centralization
PIDC,0.6576623376623377,0.5703333333333334,0.7667570947570945,2.17,0.34556574923547373,0.25
GRNBOOST2,0.5607907647907647,0.5678333333333333,0.664887445887446,2.19,0.3656957928802565,0.25
PPCOR,0.4539629452672931,0.6393280632411067,0.6591548548070287,1.8063241106719368,-0.02528748622608745,0.29653679653679654
SINCERITIES,0.6186641449509097,0.6431159420289855,0.7733923177857002,1.7282608695652173,-0.5426019698990423,0.7233201581027668
ground truth,0.415059829059829,0.6183333333333333,0.5571724349724348,1.83,-0.37306009790646893,0.34057971014492755
