,Clustering Coefficient,Assortativity,In Centralization
GRNBOOST2,1.0013018874397792,4.381575682884175,-0.0014249073810201907
SINCERITIES,0.3163927104115543,1.1971440780355296,4.506811811485561
