,Clustering Coefficient,Assortativity,In Centralization
GRNBOOST2,0.4755399796368408,0.47769076258901494,0.15082644628099173
SINCERITIES,0.31279506936558216,0.027849119407074352,0.831758034026465
ground truth,0.23761531562096735,-0.1412627743353029,0.15104166666666666
