,Clustering Coefficient,Assortativity,In Centralization
GRNBOOST2,0.23792466401587345,0.6189535369243179,-0.00021522038567492463
SINCERITIES,0.0751797537446148,0.16911189374237726,0.6807163673597983
