,PageRank,Centrality,Betweenness,Radiality,Clustering Coefficient,Local Efficiency,Node Degrees
PIDC,-0.1992690938957829,-0.1911250092617106,-0.21292208410669966,-0.14738278877439157,-0.16640938056416507,-0.09847475769016599,-0.1911250092617106
GRNBOOST2,0.031550598718644705,0.0577994075790401,0.08888936850982386,0.03229549470561814,0.16392823823425223,0.029304029848613283,0.0577994075790401
PPCOR,0.3379446640316206,0.3185733858446355,0.2994811062516393,0.3508807010382592,-0.02676580007848919,-0.2331106233217485,0.3185733858446355
SINCERITIES,-0.1883427755380135,-0.15043772977464315,-0.13193595987850312,-0.2969541079178363,0.13169391229451716,0.1920878049549608,-0.15043772977464315
