,Clustering Coefficient,Global Efficiency,Local Efficiency,Shortest Path Length,Assortativity,Centralization
PIDC,0.2426025086025087,-0.04799999999999993,0.20958465978465968,0.33999999999999986,0.7186258471419427,-0.09057971014492755
GRNBOOST2,0.1457309357309357,-0.05049999999999999,0.10771501091501112,0.3599999999999999,0.7387558907867254,-0.09057971014492755
PPCOR,0.03890311620746406,0.020994729907773402,0.10198241983459388,-0.023675889328063304,0.3477726116803815,-0.04404291360813101
SINCERITIES,0.2036043158910807,0.024782608695652186,0.21621988281326532,-0.10173913043478278,-0.16954187199257337,0.3827404479578393
