,Clustering Coefficient,Assortativity,In Centralization
GRNBOOST2,0.2766511879276799,0.17774288118075024,-0.08680555555555555
SINCERITIES,-0.026925039454653132,0.20344113501126634,0.4539881327452216
