,Clustering Coefficient,Global Efficiency,Local Efficiency,Shortest Path Length,Assortativity,Centralization
PIDC,0.6177777777777779,0.5927222222222223,0.7314920634920634,2.0733333333333333,-0.0065321244028357425,0.08514492753623189
GRNBOOST2,0.5553968253968253,0.6038888888888888,0.7186825396825398,1.99,0.09450096748018377,0.13043478260869565
PPCOR,0.48268467643467644,0.6292270531400966,0.6644574175824175,1.8804347826086956,0.11625846699027109,0.2648221343873518
SINCERITIES,0.38092465931340613,0.6557971014492753,0.5566194739947937,1.7707509881422925,-0.3210531852829492,0.461038961038961
ground truth,0.4496699966699967,0.6272222222222222,0.6642895160395159,1.8366666666666667,-0.24310961704804748,0.40217391304347827
