,Clustering Coefficient,Global Efficiency,Local Efficiency,Shortest Path Length,Assortativity,Centralization
PIDC,0.16810778110778118,-0.034499999999999975,0.0672025474525475,0.23666666666666658,0.23657749264521175,-0.3170289855072464
GRNBOOST2,0.10572682872682865,-0.023333333333333428,0.0543930236430239,0.15333333333333332,0.33761058452823123,-0.2717391304347826
PPCOR,0.033014679764679755,0.0020048309178744006,0.00016790154290158288,0.043768115942028896,0.35936808403831855,-0.13735177865612647
SINCERITIES,-0.06874533735659055,0.02857487922705304,-0.10767004204472219,-0.06591567852437419,-0.0779435682349017,0.058865047995482755
