,PageRank,Centrality,Betweenness,Radiality,Clustering Coefficient,Local Efficiency,Node Degrees
PIDC,0.11789653627920127,0.061673326172585564,0.15089635339038493,0.07434051583418114,0.1066306773254373,0.07062910073330761,0.061673326172585564
GRNBOOST2,-0.12384615384615384,-0.11772516739497604,-0.06714120815698345,-0.05962061407814878,-0.044952671188157545,0.007321781337949517,-0.11772516739497604
PPCOR,0.2091759127509146,0.22817540163979477,-0.11002392084403617,0.08973264972695427,-0.16093855063445495,-0.07494564760289464,0.22817540163979477
SINCERITIES,-0.2737154150197629,-0.3120479019502175,-0.15133538560279197,-0.31237578410943434,0.18628969537666962,0.1771555996035679,-0.3120479019502175
