,Clustering Coefficient,Assortativity,In Centralization
GRNBOOST2,1.1028625293001466,2.6916068417585226,-0.5
SINCERITIES,-0.10733594652854894,3.0807622069240304,2.6149716446124764
