,PageRank,Out Centrality,Betweenness,Clustering Coefficient,Node In Degrees
GRNBOOST2,0.19696095767305183,0.5020948117662027,0.1793636320945061,0.03841706000412896,-0.025222915866320764
SINCERITIES,0.25180905387430774,-0.05003306270969646,0.27737484250249655,0.06944749252005783,-0.039723803602357936
