,Clustering Coefficient,Assortativity,In Centralization
GRNBOOST2,0.5274994854967676,0.24377885583469505,0.08680555555555555
SINCERITIES,0.2239232581144346,0.26947710966521116,0.6275992438563327
ground truth,0.2508482975690877,0.06603597465394481,0.1736111111111111
