,Clustering Coefficient,Assortativity,In Centralization
GRNBOOST2,0.12369949654820084,0.24424658303611754,0.08680555555555558
SINCERITIES,0.06165296661416486,0.30030836256487875,0.3038194444444444
