,Clustering Coefficient,Assortativity,In Centralization
GRNBOOST2,0.3590966668603521,0.05602598408535869,0.5642361111111112
SINCERITIES,0.2970501369263161,0.11208776361411991,0.78125
ground truth,0.23539717031215124,-0.18822059895075885,0.4774305555555556
