,PageRank,Out Centrality,Betweenness,Clustering Coefficient,Node In Degrees
GRNBOOST2,-0.320754930995091,0.1810681718350696,0.06351819725445063,-0.24056675126806432,-0.31019908052091266
SINCERITIES,0.04094399955026361,-0.06939894770496212,-0.008969212830823046,0.06559288940682947,-0.0624172001738064
