,Clustering Coefficient,Global Efficiency,Local Efficiency,Shortest Path Length,Assortativity,Centralization
PIDC,0.23761995151764959,-0.031216512955643427,0.1610473210127943,0.3748616600790513,0.4835770409661312,-0.1393045360436665
GRNBOOST2,0.12914724903579378,-0.010000000000000009,0.0760333329667695,0.06000000000000005,0.12067837114363997,0.0905797101449275
PPCOR,-0.1110511841100077,-0.007222222222222352,-0.13687437725673013,0.043333333333333446,0.26821984791689724,-0.22644927536231885
SINCERITIES,0.14605615299732932,-0.0050000000000000044,0.07912902674667399,0.030000000000000027,0.02124746228642299,0.22644927536231885
