,PageRank,Centrality,Betweenness,Radiality,Clustering Coefficient,Local Efficiency,Node Degrees
PIDC,-0.061774155579958606,-0.03982013524764613,0.07019279157127487,0.059946632725934056,-0.020449040583554363,0.11383941175891392,-0.03982013524764613
GRNBOOST2,-0.4370071248370837,-0.35876949719884205,-0.5089511500708499,-0.2605078282042045,-0.32356544770183543,-0.4029711588498785,-0.35876949719884205
PPCOR,0.20923076923076922,0.19586727454414554,0.1946153846153846,0.22459242343576205,0.02627510175257038,0.11085430749588093,0.19586727454414554
SINCERITIES,0.2907692307692308,0.3825043846570487,0.041971533587592945,0.390611348893659,0.11318720903980996,0.17069401671892104,0.3825043846570487
