,Clustering Coefficient,Assortativity,In Centralization
GRNBOOST2,0.5254927082775364,1.297661278296197,0.18181818181818185
SINCERITIES,0.2619103982108587,1.5955127347323108,0.6363636363636362
