,Clustering Coefficient,Global Efficiency,Local Efficiency,Shortest Path Length,Assortativity,Centralization
PIDC,0.6830145699710917,0.6198945981554678,0.8325700869179131,2.0948616600790513,0.180294892266853,0.29004329004329005
GRNBOOST2,0.5745418674892359,0.6411111111111112,0.7475560988718883,1.78,-0.1826037775556382,0.519927536231884
PPCOR,0.3343434343434344,0.6438888888888888,0.5346483886483887,1.7633333333333334,-0.03506230078238091,0.2028985507246377
SINCERITIES,0.5914507714507714,0.6461111111111112,0.7506517926517928,1.75,-0.2820346864128552,0.6557971014492754
ground truth,0.4453946184534421,0.6511111111111112,0.6715227659051188,1.72,-0.30328214869927816,0.42934782608695654
