,Clustering Coefficient,Assortativity,In Centralization
GRNBOOST2,0.3702480494591269,0.16018982454226285,0.1538888888888889
SINCERITIES,0.025900232183791505,0.1969263737644304,0.3038194444444445
