,Clustering Coefficient,Global Efficiency,Local Efficiency,Shortest Path Length,Assortativity,Centralization
PIDC,0.49002763902763913,0.0781871345029238,0.34908527768527775,-0.11543859649122812,0.07094165757472026,0.11946987032799389
GRNBOOST2,0.3672159599659599,0.001400966183574881,0.2750552182385514,0.04550724637681158,-0.21924287731720543,0.18264163372859027
PPCOR,0.1165663225663226,-0.011666666666666714,0.07507534317534326,0.07333333333333325,-0.09650852673760629,0.1358695652173913
SINCERITIES,0.06141081141081145,-0.002777777777777879,0.012770929070929027,0.016666666666666607,-0.37797901531789446,0.1811594202898551
