,PageRank,Centrality,Betweenness,Radiality,Clustering Coefficient,Local Efficiency,Node Degrees
PIDC,4.871794871794871,4.871794871794871,0.0,4.871794871794871,4.871794871794871,0.0,4.871794871794871
GRNBOOST2,2.5539432176656156,6.384858044164038,2.5539432176656156,2.5539432176656156,0.0,0.0,2.5539432176656156
PPCOR,2.665121668597914,2.665121668597914,2.665121668597914,2.665121668597914,2.665121668597914,0.0,2.665121668597914
SINCERITIES,0.0,0.0,0.0,0.0,0.0,0.0,0.0
