,Clustering Coefficient,Assortativity,In Centralization
GRNBOOST2,0.5348191283049151,0.11769184841628103,0.3275
SINCERITIES,0.19047131102957965,0.15442839763844857,0.4774305555555556
ground truth,0.16457107884578814,-0.04249797612598182,0.1736111111111111
