,Clustering Coefficient,Assortativity,In Centralization
GRNBOOST2,2.2497759147952663,3.7693518408357387,0.8864000000000002
SINCERITIES,0.15738021750505385,4.633782398970202,1.7500000000000002
