,Clustering Coefficient,Global Efficiency,Local Efficiency,Shortest Path Length,Assortativity,Centralization
PIDC,0.7897852147852149,0.719298245614035,0.8555111555111555,1.6578947368421053,0.1988347142387266,0.2807017543859649
GRNBOOST2,0.6669735357235357,0.6425120772946861,0.7814810960644292,1.818840579710145,-0.09134982065319909,0.3438735177865613
PPCOR,0.4163238983238984,0.6294444444444445,0.581501221001221,1.8466666666666667,0.03138452992640004,0.2971014492753623
SINCERITIES,0.36116838716838723,0.6383333333333333,0.5191968068968068,1.79,-0.25008595865388816,0.3423913043478261
ground truth,0.2997575757575758,0.6411111111111112,0.5064258778258778,1.7733333333333334,0.12789305666400633,0.161231884057971
