,Clustering Coefficient,Global Efficiency,Local Efficiency,Shortest Path Length,Assortativity,Centralization
PIDC,1.6347464706744936,0.1219556690686853,0.6893116899632491,-0.06509695290858727,0.5546951447184058,0.7409816676522767
GRNBOOST2,1.225043133731973,0.002185215884258913,0.543130259100074,0.0256619810395554,-1.7142672404271984,1.1327885597548522
PPCOR,0.3888686458439795,-0.018197573656845826,0.1482454717710063,0.041353383458646566,-0.7546033323071497,0.8426966292134831
SINCERITIES,0.20486825480759985,-0.004332755632582479,0.02521776558053378,0.00939849624060147,-2.9554303038584835,1.1235955056179778
