,PageRank,Out Centrality,Betweenness,Clustering Coefficient,Node In Degrees
GRNBOOST2,0.1922077922077922,0.2459306646009829,0.022990024493585143,0.005210029582631956,0.0033935745723101766
SINCERITIES,0.023727686077798408,-0.21967643513532126,-0.05005578780976132,0.19433745663720112,-0.15595180923690824
