,PageRank,Centrality,Betweenness,Radiality,Clustering Coefficient,Local Efficiency,Node Degrees
PIDC,0.2818394542194288,0.2721668617478845,0.2345456610103488,0.28079645507517476,0.3412903272178564,0.20121310817957058,0.2721668617478845
GRNBOOST2,0.22744075336533962,0.22129310248159867,0.2322261802711973,0.21160209605497998,0.00663010641769534,-0.08765279854629969,0.22129310248159867
PPCOR,0.17076923076923078,0.15833099123696917,0.34660512278011657,0.14990331956088823,-0.1781096455547607,-0.2036573968068564,0.15833099123696917
SINCERITIES,-0.14615384615384616,-0.10579231268688687,-0.07770725283194622,0.11648260742603095,0.17066227231209585,-0.018853405155829166,-0.10579231268688687
