,PageRank,Centrality,Betweenness,Radiality,Clustering Coefficient,Local Efficiency,Node Degrees
PIDC,-0.36881634021775656,-0.3682416206195908,0.06707805144998943,-0.0013647897288507462,-0.05473889452656943,-0.10875454079072593,-0.3682416206195908
GRNBOOST2,-0.2923639215459363,-0.3032473599086231,-0.06464025103332086,-0.13099402578399227,-0.0870995000229162,0.03581745253950635,-0.3032473599086231
PPCOR,-0.24153846153846154,-0.31762883360612587,0.026153846153846153,0.06601773833877055,0.014487187425512686,-0.2509139934847552,-0.31762883360612587
SINCERITIES,-0.14923076923076922,-0.09146045288486657,-0.12196999748549232,-0.14700210376789222,0.41987279887358003,0.33609589263563694,-0.09146045288486657
