,Clustering Coefficient,Global Efficiency,Local Efficiency,Shortest Path Length,Assortativity,Centralization
PIDC,0.43646176046176044,-0.06833333333333336,0.35780784030784035,0.45999999999999996,-0.033087896553861545,0.0
GRNBOOST2,0.40167055167055166,-0.039722222222222214,0.3354773929773927,0.2566666666666668,-0.09345909040466319,0.09057971014492755
PPCOR,0.13548074148074146,-0.018055555555555602,0.10025481925481922,0.1100000000000001,0.15335765335344625,0.1358695652173913
SINCERITIES,0.07817621594092178,-0.0011111111111110628,0.08484711258240668,0.006666666666666821,-0.42011926238810743,0.3170289855072464
