,Clustering Coefficient,Global Efficiency,Local Efficiency,Shortest Path Length,Assortativity,Centralization
PIDC,1.466653736119866,-0.10585197934595529,0.7383123028312893,0.2633587786259542,-0.8006563203541642,0.0
GRNBOOST2,1.3497439378736957,-0.06153184165232357,0.6922349335438776,0.1469465648854963,-2.261510075300084,0.5617977528089889
PPCOR,0.455259437745012,-0.02796901893287443,0.20686904571536952,0.06297709923664128,3.710927173392345,0.8426966292134831
SINCERITIES,0.2626975592642137,-0.001721170395869116,0.1750762840339295,0.0038167938931298593,-10.165987498963917,1.9662921348314608
