,Clustering Coefficient,Assortativity,In Centralization
GRNBOOST2,0.30746100849601254,-0.046331248300645174,0.0003019323671497598
SINCERITIES,0.08304958001538565,0.052261296025794504,0.3038194444444445
