,Clustering Coefficient,Assortativity,In Centralization
GRNBOOST2,0.46825099433863,-0.001097448129605583,0.17391304347826086
SINCERITIES,0.2438395658580031,0.0974950961968341,0.4774305555555556
ground truth,0.16078998584261744,0.04523380017103959,0.1736111111111111
