,Clustering Coefficient,Assortativity,In Centralization
GRNBOOST2,1.9121900340047167,-1.0242616831983136,0.0017391304347826166
SINCERITIES,0.5165096543803124,1.155359395588748,1.7500000000000002
