,Clustering Coefficient,Global Efficiency,Local Efficiency,Shortest Path Length,Assortativity,Centralization
PIDC,0.7340519480519481,0.5772222222222222,0.8424372294372295,2.2066666666666666,-0.07441386340468883,0.161231884057971
GRNBOOST2,0.6992607392607393,0.6058333333333333,0.8201067821067819,2.0033333333333334,-0.13478505725549048,0.25181159420289856
PPCOR,0.4330709290709291,0.6275,0.5848842083842084,1.8566666666666667,0.11203168650261895,0.2971014492753623
SINCERITIES,0.3757664035311094,0.6444444444444445,0.5694765017117959,1.7533333333333334,-0.4614452292389347,0.4782608695652174
ground truth,0.2975901875901876,0.6455555555555555,0.4846293891293892,1.7466666666666666,-0.04132596685082729,0.161231884057971
