,PageRank,Out Centrality,Betweenness,Clustering Coefficient,Node In Degrees
GRNBOOST2,0.057889044064940956,-0.10094441221601434,-0.12726120675005465,-0.13164778931732332,-0.2887177834491631
SINCERITIES,-0.05270944814121394,0.2605162108183121,-0.20392743588869602,0.48582996854279925,-0.21733629363438875
