,Clustering Coefficient,Global Efficiency,Local Efficiency,Shortest Path Length,Assortativity,Centralization
PIDC,0.5268253968253969,0.6952380952380952,0.6932010582010582,1.6666666666666667,0.1299435028248613,0.17582417582417584
GRNBOOST2,0.5261904761904762,0.7,0.7234656084656087,1.638095238095238,-0.008403361344536512,0.17582417582417584
PPCOR,0.606931216931217,0.6865079365079365,0.7085097001763668,1.723809523809524,0.13797634691195768,0.34065934065934067
SINCERITIES,0.3755026455026455,0.6968253968253969,0.5297619047619048,1.6571428571428573,-0.2052677787532917,0.25824175824175827
ground truth,0.5131746031746032,0.6936507936507936,0.6957583774250441,1.6761904761904762,-0.2161939991779717,0.34065934065934067
