,PageRank,Centrality,Betweenness,Radiality,Clustering Coefficient,Local Efficiency,Node Degrees
PIDC,0.34078711985688726,0.23262769429910113,0.5505821364868356,0.4084679827219503,-0.3327323264333679,-0.47845601436265695,0.23262769429910113
GRNBOOST2,0.29311897316680185,0.2788123354659191,0.20572483723010648,0.22802197802197793,-0.18575300608475284,-0.3856503793160758,0.2788123354659191
PPCOR,0.09830209465959819,0.1914099807286847,-0.5062619907488708,0.14193843787544,-0.11754087934131344,-0.2795339501887859,0.1914099807286847
SINCERITIES,0.1948168785072037,0.2182010515538806,0.08407884652013047,0.21863915095866177,-0.44634824277646923,-0.5062957829178619,0.2182010515538806
