,PageRank,Out Centrality,Betweenness,Clustering Coefficient,Node In Degrees
GRNBOOST2,0.017873108119926942,0.04709735155866823,-0.03228732015003788,-0.4529992862802257,0.3669974637606704
SINCERITIES,-0.09973146458265994,-0.07586888007468785,0.24344466747589472,-0.14272982494889588,-0.2829763523208472
