,Clustering Coefficient,Global Efficiency,Local Efficiency,Shortest Path Length,Assortativity,Centralization
PIDC,0.02660068048252405,0.0022883295194507927,-0.0036755852418916077,-0.005681818181818161,1.6010504607849514,-0.48387096774193544
GRNBOOST2,0.02536343952984848,0.00915331807780317,0.039823064931114795,-0.02272727272727278,0.9611304597884845,-0.48387096774193544
PPCOR,0.18269924734508725,-0.010297482837528567,0.018327228481983274,0.02840909090909094,1.6382061825794483,0.0
SINCERITIES,-0.2682750799051449,0.004576659038901746,-0.23858350549436622,-0.011363636363636322,0.05053896253468856,-0.2419354838709677
