,Clustering Coefficient,Assortativity,In Centralization
GRNBOOST2,0.13395017426400302,0.17240303195377693,0.0
SINCERITIES,-0.09116998123538819,0.5337332041765251,0.22959183673469385
