,Clustering Coefficient,Assortativity,In Centralization
GRNBOOST2,0.4555963459755817,0.15304852307187616,0.20408163265306123
SINCERITIES,0.23047619047619047,0.5143786952946243,0.4336734693877551
ground truth,0.32164617171157867,-0.019354508881900774,0.20408163265306123
