,Clustering Coefficient,Global Efficiency,Local Efficiency,Shortest Path Length,Assortativity,Centralization
PIDC,0.013650793650793691,0.0015873015873015817,-0.0025573192239859432,-0.00952380952380949,0.346137502002833,-0.16483516483516483
GRNBOOST2,0.013015873015873036,0.006349206349206327,0.027707231040564606,-0.03809523809523818,0.20779063783343518,-0.16483516483516483
PPCOR,0.09375661375661382,-0.0071428571428571175,0.012751322751322736,0.04761904761904767,0.35417034608992937,0.0
SINCERITIES,-0.13767195767195767,0.0031746031746032743,-0.16599647266313933,-0.01904761904761898,0.01092622042468,-0.0824175824175824
