,Clustering Coefficient,Assortativity,In Centralization
GRNBOOST2,0.4164519464081066,8.907641780308792,0.0
SINCERITIES,-0.28344805333837664,27.57668548622496,1.1249999999999998
