,PageRank,Centrality,Betweenness,Radiality,Clustering Coefficient,Local Efficiency,Node Degrees
PIDC,0.25,0.25,0.42857142857142855,0.1111111111111111,0.1111111111111111,0.1111111111111111,0.25
GRNBOOST2,0.16666666666666666,0.16666666666666666,0.2727272727272727,0.07692307692307693,0.0,0.0,0.16666666666666666
PPCOR,0.0,0.06666666666666667,0.06666666666666667,0.06666666666666667,0.14285714285714285,0.14285714285714285,0.0
SINCERITIES,0.06666666666666667,0.06666666666666667,0.0,0.23076923076923078,0.14285714285714285,0.06666666666666667,0.06666666666666667
