,Clustering Coefficient,Assortativity,In Centralization
GRNBOOST2,-0.04798392125127837,0.5341149824899827,0.016974527797038633
SINCERITIES,-0.2656613672286607,0.7302443865245656,0.0033600675931318297
