,PageRank,Centrality,Betweenness,Radiality,Clustering Coefficient,Local Efficiency,Node Degrees
PIDC,0.1275779328462015,0.11818060429696067,0.15949353412474065,0.2705091299642973,-0.13089728200915518,-0.15061094475505893,0.11818060429696067
GRNBOOST2,0.21447897902960755,0.1613211822898034,0.16738629913465003,0.1584312171341577,-0.023243107486351368,-0.028101060674972356,0.1613211822898034
PPCOR,0.12832564942335545,0.1273954359988878,0.09944435357105454,0.22725188082848327,0.07627591977097974,0.11457772498773705,0.1273954359988878
SINCERITIES,0.07268696197738847,0.1364922609646794,0.07244705724873307,0.24191717130321921,-0.15293952236362293,-0.15377975098078148,0.1364922609646794
