,PageRank,Out Centrality,Betweenness,Clustering Coefficient,Node In Degrees
GRNBOOST2,0.07692307692307693,0.16666666666666666,0.2727272727272727,0.07692307692307693,0.16666666666666666
SINCERITIES,0.06666666666666667,0.06666666666666667,0.06666666666666667,0.06666666666666667,0.06666666666666667
