,PageRank,Out Centrality,Betweenness,Clustering Coefficient,Node In Degrees
GRNBOOST2,0.22942435513758414,0.005899426455676098,0.22196324970998257,-0.05118081343302329,0.15819762931171605
SINCERITIES,0.06904736741924032,0.08971083802892141,0.12559344086779006,-0.062045935725030074,0.04511545591890025
