,Clustering Coefficient,Assortativity,In Centralization
GRNBOOST2,-0.13685808250510653,1.694605186569507,0.1413510889166321
SINCERITIES,-0.757710173876855,2.3168717700050765,0.027980113426514915
