,Clustering Coefficient,Global Efficiency,Local Efficiency,Shortest Path Length,Assortativity,Centralization
PIDC,0.2732715007499715,-0.060683012259194535,0.15108328548859573,0.14606741573033707,1.5386031685061254,-0.2873563218390805
GRNBOOST2,0.30566341807956443,-0.029772329246935306,0.20320578512162013,0.0636704119850187,1.019144009677236,0.0
PPCOR,0.4833248511834033,0.09707280460345248,0.39279881465700683,-0.07169609416800435,0.8969284619343785,0.0018148820326677826
SINCERITIES,-0.6065833280589508,0.04040480953600565,-0.5636629030045723,-0.02518097437491676,-0.36372852531070976,0.0025376921928646086
