,Clustering Coefficient,Assortativity,In Centralization
GRNBOOST2,0.21133025193564392,0.3868693014420711,-0.046569785759294255
SINCERITIES,-0.15651627578007304,0.19365861299966391,0.28193870523415976
