,Clustering Coefficient,Assortativity,In Centralization
GRNBOOST2,0.4634411504842528,0.2711921404009201,0.0888468809073724
SINCERITIES,0.09559462276853582,0.07798145195851293,0.41735537190082644
ground truth,0.25211089854860885,-0.11567716104115097,0.13541666666666666
