,Clustering Coefficient,Global Efficiency,Local Efficiency,Shortest Path Length,Assortativity,Centralization
PIDC,0.5114574314574314,0.5959444444444444,0.6523860028860029,2.04,0.18860437897861654,0.2246376811594203
GRNBOOST2,0.5244688644688644,0.6155555555555555,0.681926862026862,1.8933333333333333,0.006703718558415132,0.31521739130434784
PPCOR,0.5958332672618386,0.696031746031746,0.7893802846183798,1.6523809523809523,-0.03609288723858722,0.3157894736842105
SINCERITIES,0.15803061672626892,0.6600790513833992,0.24729767012375703,1.7351778656126482,-0.477541140957335,0.31601731601731603
ground truth,0.40168764568764564,0.6344444444444445,0.5667582972582972,1.78,-0.35017317016855154,0.31521739130434784
