,Clustering Coefficient,Assortativity,In Centralization
GRNBOOST2,0.8382432221386014,3.344387932415166,-0.3438999563763268
SINCERITIES,-0.620823124589735,1.6741300638487475,2.0820089001907185
