,Clustering Coefficient,Global Efficiency,Local Efficiency,Shortest Path Length,Assortativity,Centralization
PIDC,0.10976978576978574,-0.03850000000000009,0.08562770562770572,0.26,0.538777549147168,-0.09057971014492755
GRNBOOST2,0.12278121878121878,-0.018888888888888955,0.11516856476856485,0.11333333333333329,0.35687688872696666,0.0
PPCOR,0.19414562157419296,0.061587301587301524,0.22262198736008265,-0.12761904761904774,0.3140802829299643,0.0005720823798626706
SINCERITIES,-0.24365702896137673,0.025634606938954696,-0.31946062713454015,-0.04482213438735183,-0.12736797078878348,0.0007999247129681919
