,PageRank,Out Centrality,Betweenness,Clustering Coefficient,Node In Degrees
GRNBOOST2,-0.040008698488740425,-0.008734112137986992,-0.21886468230254288,0.3395816460596236,-0.4423287902895026
SINCERITIES,-0.306908856186895,0.17902228326335126,0.3578392122378404,-0.01859200482959418,-0.3675105266837481
