,PageRank,Centrality,Betweenness,Radiality,Clustering Coefficient,Local Efficiency,Node Degrees
PIDC,-0.05424120123418029,-0.08473485834393563,-0.01580269497942582,-0.18682171945959725,0.12854661501748305,0.10196614375024154,-0.08473485834393563
GRNBOOST2,-0.21538461538461537,-0.150188404630949,-0.0503943075296285,-0.1319000605798155,0.040092548015217847,0.043302543623488524,-0.150188404630949
PPCOR,-0.3987012987012987,-0.3389253513338258,-0.3766233766233766,-0.3016117939107571,0.14019619821116502,0.3289987691525996,-0.3389253513338258
SINCERITIES,0.05831480286748093,0.08637048738948937,-0.047948597059251134,0.026925954464351518,0.009543695631459072,0.12736231987332183,0.08637048738948937
