,Clustering Coefficient,Global Efficiency,Local Efficiency,Shortest Path Length,Assortativity,Centralization
PIDC,0.112010582010582,-0.006349206349206438,0.03813051146384483,0.03809523809523818,0.08105950737550259,0.24725274725274726
GRNBOOST2,0.06556776556776567,0.08785103785103776,-0.004432234432234394,-0.23040293040293025,0.03504987686627331,0.22061272061272064
PPCOR,0.04216931216931219,0.0015873015873014706,-0.01802910052910056,-0.00952380952380949,0.02346273386555625,0.24725274725274726
SINCERITIES,-0.13061224489795908,0.04603174603174598,-0.203692365835223,-0.14432234432234425,-0.09631168035272702,0.23809523809523814
