,Clustering Coefficient,Global Efficiency,Local Efficiency,Shortest Path Length,Assortativity,Centralization
PIDC,0.18619173262972738,-0.009174311926605632,0.04829234514954548,0.02234636871508385,0.47402190182631754,3.0
GRNBOOST2,0.10899127257966328,0.12694071983062793,-0.005613430997066947,-0.13515255694026634,0.20496558428321082,2.676767676767677
PPCOR,0.07009674582233955,0.002293577981651207,-0.022833880587013376,-0.00558659217877093,0.13720598717032068,3.0
SINCERITIES,-0.21711270260082913,0.06651376146788983,-0.2579766611462651,-0.08465835840137513,-0.5632139568453056,2.8888888888888893
