,Clustering Coefficient,Global Efficiency,Local Efficiency,Shortest Path Length,Assortativity,Centralization
PIDC,0.7135978835978835,0.6857142857142857,0.8277072310405644,1.7428571428571429,-0.08994421009661314,0.32967032967032966
GRNBOOST2,0.6671550671550671,0.7799145299145299,0.7851444851444852,1.4743589743589745,-0.13595384060584242,0.30303030303030304
PPCOR,0.6437566137566136,0.6936507936507936,0.771547619047619,1.6952380952380952,-0.14754098360655948,0.32967032967032966
SINCERITIES,0.47097505668934236,0.7380952380952381,0.5858843537414966,1.5604395604395604,-0.26731539782484276,0.32051282051282054
ground truth,0.6015873015873014,0.6920634920634922,0.7895767195767196,1.7047619047619047,-0.17100371747211573,0.08241758241758242
