,PageRank,Centrality,Betweenness,Radiality,Clustering Coefficient,Local Efficiency,Node Degrees
PIDC,-0.1293805239018857,0.0,-0.0458633835325239,-0.01625565703030614,-0.14883513944689677,-0.3189324416719217,0.0
GRNBOOST2,-0.06620746337191064,-0.05330017908890262,-0.07448282947240419,0.06450841275383709,-0.05277798139692596,-0.05277798139692596,-0.05330017908890262
PPCOR,-0.15978559019436142,0.0,-0.05665476789311776,-0.10287044606407325,0.16963778593599418,0.08474271972140714,0.0
SINCERITIES,0.02212394795005243,0.11877858453639498,-0.0574585986133611,0.17386670745066682,-0.44733752888061057,-0.4468424124822087,0.11877858453639498
