,Clustering Coefficient,Assortativity,In Centralization
GRNBOOST2,0.4568039320363397,0.9703162246587492,1.915702479338843
SINCERITIES,0.1066364443130844,2.401118918372993,4.353703703703703
