,Clustering Coefficient,Assortativity,In Centralization
GRNBOOST2,0.1374037224141053,0.1629307687605563,0.14660988362287064
SINCERITIES,0.03207556539258649,0.40318417987250915,0.3331916099773242
