,Clustering Coefficient,Assortativity,In Centralization
GRNBOOST2,0.43819737320775604,-0.004984354804297479,0.2231404958677686
SINCERITIES,0.3328692161862372,0.23526905630765538,0.4097222222222222
ground truth,0.3007936507936507,-0.16791512356485377,0.07653061224489796
