,PageRank,Out Centrality,Betweenness,Clustering Coefficient,Node In Degrees
GRNBOOST2,-0.17482517482517487,,0.18881118881118883,-0.29565619799454135,0.1535737792084878
SINCERITIES,0.02766317880559448,,0.0033623751814933467,0.0,0.0
