,Clustering Coefficient,Assortativity,In Centralization
GRNBOOST2,0.09810336558865967,0.027013558595938125,0.0
SINCERITIES,0.1364193730652064,0.1696319990876885,0.6122448979591837
