,Clustering Coefficient,Assortativity,In Centralization
GRNBOOST2,0.35774357722887135,-0.10985962156664245,0.20408163265306123
SINCERITIES,0.3960595847054181,0.032758818925107944,0.8163265306122449
ground truth,0.25964021164021167,-0.13687318016258057,0.20408163265306123
