,Clustering Coefficient,Global Efficiency,Local Efficiency,Shortest Path Length,Assortativity,Centralization
PIDC,0.6302645502645502,0.7015873015873016,0.7898236331569666,1.6476190476190475,-0.12733094744773205,0.32967032967032966
GRNBOOST2,0.6569312169312168,0.6904761904761905,0.8154320987654323,1.7142857142857142,0.136356601145333,0.24725274725274726
PPCOR,0.48603174603174604,0.7079365079365079,0.6930291005291004,1.6095238095238096,-0.19241192411924266,0.16483516483516483
SINCERITIES,0.6168905168905169,0.7142857142857143,0.76998371998372,1.5714285714285714,-0.5215402362862489,0.6593406593406593
ground truth,0.44740740740740736,0.7126984126984126,0.6313315696649029,1.5809523809523809,-0.21313672922251908,0.32967032967032966
