,PageRank,Centrality,Betweenness,Radiality,Clustering Coefficient,Local Efficiency,Node Degrees
PIDC,0.0,0.0,0.0,0.0,3.6206896551724133,3.6206896551724133,0.0
GRNBOOST2,0.0,0.0,0.0,0.0,3.6206896551724133,3.6206896551724133,0.0
PPCOR,0.0,0.0,0.0,0.0,10.86206896551724,10.86206896551724,0.0
SINCERITIES,3.6206896551724133,10.86206896551724,3.6206896551724133,10.86206896551724,0.0,0.0,10.86206896551724
