,Clustering Coefficient,Assortativity,In Centralization
GRNBOOST2,0.37784349723379274,0.19736195625652087,0.0
SINCERITIES,0.5254169691335998,1.2393370190288293,3.0
