,Clustering Coefficient,Global Efficiency,Local Efficiency,Shortest Path Length,Assortativity,Centralization
PIDC,0.4087038789025544,-0.01559020044543409,0.25104409648988063,0.04216867469879517,0.40258561763516626,0.0
GRNBOOST2,0.46830652790917676,-0.03118040089086849,0.29160672132750465,0.08433734939759034,1.639761160090685,-0.24999999999999994
PPCOR,0.08632923368022717,-0.006681514476614676,0.09772603466819377,0.01807228915662658,0.0972371358933603,-0.5
SINCERITIES,0.3788115857652283,0.002227171492205048,0.21961859184772053,-0.006024096385542147,-1.4469749450914688,1.0
