,PageRank,Out Centrality,Betweenness,Clustering Coefficient,Node In Degrees
GRNBOOST2,0.20035810234584286,0.12278626683048796,0.3318468024348505,0.31831112010033547,0.29238404293363773
SINCERITIES,0.21538011224468487,-0.05487289396993125,0.3734532264536863,-0.27264584956299315,0.3112313081301866
