,Clustering Coefficient,Global Efficiency,Local Efficiency,Shortest Path Length,Assortativity,Centralization
PIDC,0.18285714285714283,-0.01111111111111096,0.15849206349206368,0.06666666666666665,0.08580578177478704,0.0
GRNBOOST2,0.20952380952380945,-0.022222222222222143,0.18410052910052943,0.1333333333333333,0.3494933303678521,-0.0824175824175824
PPCOR,0.03862433862433867,-0.004761904761904745,0.06169753086419749,0.028571428571428692,0.020724805103276428,-0.16483516483516483
SINCERITIES,0.16948310948310952,0.0015873015873016927,0.13865215031881706,-0.00952380952380949,-0.3084035070637298,0.32967032967032966
