,PageRank,Centrality,Betweenness,Radiality,Clustering Coefficient,Local Efficiency,Node Degrees
PIDC,0.15,0.31989336350507436,0.17857142857142855,0.17630861427896607,0.3309227656860833,0.4122547510666539,0.31989336350507436
GRNBOOST2,0.39999999999999997,0.42127490187596894,0.26809662179890414,0.3473544014603871,0.005390855162578571,0.05724517209881223,0.42127490187596894
PPCOR,0.5785714285714285,0.5475202108111478,0.5165328246658887,0.5467274664851467,0.4483394543544511,0.35357142857142854,0.5475202108111478
SINCERITIES,0.3931834408436951,0.470703075916182,0.26246762266779866,0.47575978134864705,-0.19529964978328576,-0.4698624018707278,0.470703075916182
