,Clustering Coefficient,Assortativity,In Centralization
GRNBOOST2,0.415801644663376,-0.22242088642392122,0.13020833333333331
SINCERITIES,0.22543832486095725,-0.18063351767425764,0.6510416666666667
