,PageRank,Centrality,Betweenness,Radiality,Clustering Coefficient,Local Efficiency,Node Degrees
PIDC,-0.1769230769230769,-0.09957102194894644,-0.28208144846824573,-0.07084632133582479,0.1309577974664776,0.2739207519859688,-0.09957102194894644
GRNBOOST2,-0.0484708606773526,-0.05340836719984701,-0.13682821262673575,0.06164004838394743,-0.11828499752601378,-0.2628341359035015,-0.05340836719984701
PPCOR,0.03846153846153846,-0.01834331087169082,-0.009999999999999998,-0.014757286004649102,-0.010087045046145573,0.021161985378991915,-0.01834331087169082
SINCERITIES,0.09510980546913264,0.0438562689039,0.10480430572668777,-0.051283396163861364,0.18149524291385238,-0.006455028555009379,0.0438562689039
