,Clustering Coefficient,Global Efficiency,Local Efficiency,Shortest Path Length,Assortativity,Centralization
PIDC,0.30404868334280105,-0.01416666666666666,0.24654825022472093,0.09333333333333327,0.009541779810981366,0.2717391304347826
GRNBOOST2,0.3755294310093072,-0.016111111111111076,0.3157429266067038,0.11333333333333329,-0.1765195346208886,0.36231884057971014
PPCOR,0.04013963813963822,-0.005555555555555536,0.026252266252266288,0.03333333333333344,0.1927300868845718,0.0452898550724638
SINCERITIES,0.28691978552848113,0.009444444444444478,0.24948111952459773,-0.05666666666666664,-0.302218320839201,0.4981884057971015
