,Clustering Coefficient,Assortativity,In Centralization
GRNBOOST2,0.5949996628818276,-0.20232720513609329,0.3038194444444444
SINCERITIES,0.4046363430794089,-0.1605398363864297,0.8246527777777778
ground truth,0.17919801821845163,0.020093681287827934,0.1736111111111111
