,PageRank,Out Centrality,Betweenness,Clustering Coefficient,Node In Degrees
GRNBOOST2,-0.1617874732081406,-0.08024638516449496,-0.401749774471949,-0.12824548238247657,0.15952978241005736
SINCERITIES,-0.02447445176645945,0.1048499475413403,0.19278853911599528,0.2181301038459715,-0.10062270948032813
