,Clustering Coefficient,Assortativity,In Centralization
GRNBOOST2,2.3203473386435127,-11.069195496728426,0.7499999999999999
SINCERITIES,1.258040279140455,-8.989568167565157,3.7500000000000004
