,Clustering Coefficient,Global Efficiency,Local Efficiency,Shortest Path Length,Assortativity,Centralization
PIDC,0.6239274712215889,0.6297222222222222,0.7721879808644515,1.8433333333333333,-0.1997628927089507,0.48188405797101447
GRNBOOST2,0.695408218888095,0.6277777777777778,0.8413826572464344,1.8633333333333333,-0.38582420714082066,0.572463768115942
PPCOR,0.36001842601842604,0.6383333333333333,0.5518919968919969,1.7833333333333334,-0.016574585635360274,0.2554347826086957
SINCERITIES,0.606798573407269,0.6533333333333333,0.7751208501643283,1.6933333333333334,-0.5115229933591331,0.7083333333333334
ground truth,0.3198787878787878,0.6438888888888888,0.5256397306397306,1.75,-0.20930467251993207,0.21014492753623187
