,Clustering Coefficient,Global Efficiency,Local Efficiency,Shortest Path Length,Assortativity,Centralization
PIDC,0.11650793650793645,-0.006349206349206438,0.07264550264550262,0.03809523809523818,0.15191213444487967,0.0824175824175824
GRNBOOST2,0.15253968253968242,-0.011111111111111183,0.12693121693121678,0.06666666666666665,0.2164659297145616,0.0824175824175824
PPCOR,-0.023544973544973535,0.011111111111111183,-0.05516754850088201,-0.06666666666666665,0.30264853256978347,0.16483516483516483
SINCERITIES,0.07231990231990237,0.015873015873015928,0.017983312983312905,-0.09523809523809512,-0.20067553157193435,0.4945054945054945
