,Clustering Coefficient,Global Efficiency,Local Efficiency,Shortest Path Length,Assortativity,Centralization
PIDC,0.6406349206349206,0.6746031746031745,0.7750264550264551,1.7523809523809524,-0.12081513828238444,0.1978021978021978
GRNBOOST2,0.6766666666666665,0.6698412698412698,0.8293121693121692,1.7809523809523808,-0.0562613430127025,0.1978021978021978
PPCOR,0.5005820105820106,0.6920634920634922,0.6472134038800704,1.6476190476190475,0.029921259842519372,0.2802197802197802
SINCERITIES,0.5964468864468865,0.6968253968253969,0.7203642653642653,1.619047619047619,-0.47340280429919845,0.6098901098901099
ground truth,0.5241269841269841,0.680952380952381,0.7023809523809524,1.7142857142857142,-0.2727272727272641,0.11538461538461539
