,Clustering Coefficient,Global Efficiency,Local Efficiency,Shortest Path Length,Assortativity,Centralization
PIDC,0.22228952150211984,-0.009324009324009454,0.10342749529190204,0.022222222222222275,0.557011159631243,0.7142857142857141
GRNBOOST2,0.29103573591762544,-0.01631701631701642,0.18071563088512219,0.03888888888888888,0.7937084089534177,0.7142857142857141
PPCOR,-0.04492226933171813,0.01631701631701642,-0.0785436283741371,-0.03888888888888888,1.109711286089241,1.4285714285714284
SINCERITIES,0.13798164282719108,0.023310023310023388,0.025603360857598033,-0.05555555555555549,-0.7358102824304492,4.285714285714286
