,Clustering Coefficient,Assortativity,In Centralization
GRNBOOST2,0.5475,0.42818857019626533,0.07653061224489796
SINCERITIES,0.3180619598266657,0.08578835016152528,0.7653061224489796
ground truth,0.27825396825396825,-0.2347382389307862,0.07653061224489796
