,PageRank,Out Centrality,Betweenness,Clustering Coefficient,Node In Degrees
GRNBOOST2,-0.012522361359570662,,0.07354334034175296,0.07594986380461113,0.11682558888178679
SINCERITIES,0.018201082414154465,,0.14551426190274663,0.12443890814120764,-0.0781918051725441
