,Clustering Coefficient,Assortativity,In Centralization
GRNBOOST2,0.9676269252709641,2.824110857040718,0.0
SINCERITIES,0.14306351791671068,1.3654638909803716,8.999999999999998
