,PageRank,Centrality,Betweenness,Radiality,Clustering Coefficient,Local Efficiency,Node Degrees
PIDC,0.2895443515428165,0.0648135799999505,0.09686196045011364,0.4111061358834537,0.14377188200609947,0.09369384578187132,0.0648135799999505
GRNBOOST2,0.48972316248599823,0.33023362155816427,0.20000811671841406,0.49261893889205643,0.19652782188021553,0.19547903546972276,0.33023362155816427
PPCOR,-0.08928571428571427,-0.31716262102955173,-0.0964285714285714,-0.12544802312833211,-0.1753039356944834,-0.03408084084864878,-0.31716262102955173
SINCERITIES,0.14669075350320637,0.17275504368951777,0.6534679285786851,0.5373664775187963,0.105364023526218,0.1474820143884892,0.17275504368951777
