,Clustering Coefficient,Assortativity,In Centralization
GRNBOOST2,0.26924603174603173,0.6629268091270515,0.0
SINCERITIES,0.03980799157269743,0.32052658909231146,0.6887755102040816
