,Clustering Coefficient,Assortativity,In Centralization
GRNBOOST2,0.2213855685156917,0.17400157267722816,0.04340277777777779
SINCERITIES,0.11341398184021911,0.09625727219362366,0.6354626128964502
