,Clustering Coefficient,Global Efficiency,Local Efficiency,Shortest Path Length,Assortativity,Centralization
PIDC,0.14358508158508165,-0.008055555555555705,0.1301914566914567,0.050000000000000044,0.05416643982698356,0.1358695652173913
GRNBOOST2,0.21875036075036086,-0.01333333333333342,0.19124891774891783,0.08000000000000007,0.14719681220941475,0.04528985507246375
PPCOR,0.0016392496392497735,-0.008888888888888946,-0.005464069264069338,0.053333333333333455,0.16922164391226382,0.0
SINCERITIES,0.227249600302232,0.025555555555555443,0.1817186368699526,-0.09999999999999987,-0.4267280067703587,0.5149868247694334
