,Clustering Coefficient,Global Efficiency,Local Efficiency,Shortest Path Length,Assortativity,Centralization
PIDC,0.46326184926184927,0.6330555555555555,0.6202244052244053,1.8166666666666667,-0.0728540514546764,0.3007246376811594
GRNBOOST2,0.5384271284271285,0.6277777777777778,0.6812818662818664,1.8466666666666667,0.020176320927754787,0.21014492753623187
PPCOR,0.3213160173160174,0.6322222222222222,0.4845688792688792,1.82,0.04220115263060386,0.16485507246376813
SINCERITIES,0.5469263679789996,0.6666666666666666,0.6717515854029011,1.6666666666666667,-0.5537484980520186,0.6798418972332015
ground truth,0.3196767676767676,0.6411111111111112,0.49003294853294854,1.7666666666666666,-0.12702049128165996,0.16485507246376813
