,PageRank,Out Centrality,Betweenness,Clustering Coefficient,Node In Degrees
GRNBOOST2,-0.3014438354806925,0.2471564320598251,0.1800622174673084,0.1145614921381618,-0.35418738974032343
SINCERITIES,-0.19400582283229983,0.08192341941228853,0.005705688908744933,0.4062251079867122,-0.3209612754391477
