,Clustering Coefficient,Assortativity,In Centralization
GRNBOOST2,1.2961558197361227,1.2290751097724917,0.25000000000000006
SINCERITIES,0.6640098249729747,0.6799215407508882,3.6602646502835534
