,Clustering Coefficient,Global Efficiency,Local Efficiency,Shortest Path Length,Assortativity,Centralization
PIDC,0.44915707396748883,-0.012564991334488965,0.2656789856298876,0.028301886792452855,0.42643859491042974,0.8241758241758241
GRNBOOST2,0.6842860754008383,-0.020797227036395277,0.39027767075964026,0.04528301886792457,1.1588430396085863,0.2747252747252746
PPCOR,0.005127834753719907,-0.01386481802426352,-0.011150411988474582,0.03018867924528309,1.3322389340868275,0.0
SINCERITIES,0.7108730545349145,0.03986135181975718,0.3708294256824535,-0.056603773584905585,-3.359520991177055,3.1238761238761232
