,Clustering Coefficient,Assortativity,In Centralization
GRNBOOST2,0.3921872307423539,0.032430425972095736,0.2170138888888889
SINCERITIES,0.2842156440668813,-0.04531387451150877,0.8090737240075614
ground truth,0.1708016622266622,-0.14157114670513243,0.1736111111111111
