,PageRank,Centrality,Betweenness,Radiality,Clustering Coefficient,Local Efficiency,Node Degrees
PIDC,0.0876923076923077,0.00819836442547847,0.19,-0.2041966232439227,-0.07462399320844947,-0.2825251029616389,0.00819836442547847
GRNBOOST2,-0.07732256346149106,-0.09156193157223885,0.059276384000125866,0.11557124444992539,-0.053767586274989385,-0.407236456312553,-0.09156193157223885
PPCOR,-0.13538461538461538,-0.0935623913735711,-0.1676923076923077,-0.03225806695241793,0.07625491719558464,-0.10157753733807563,-0.0935623913735711
SINCERITIES,-0.13164822710853694,-0.1375382167960044,-0.1333353240813321,-0.012373102425855998,0.40330499061732605,0.3163195533779642,-0.1375382167960044
