,Clustering Coefficient,Assortativity,In Centralization
GRNBOOST2,0.3680897567432618,0.33533896027656873,0.22517919029615627
SINCERITIES,0.11973440285204989,0.11303403087699557,0.47743055555555547
