,PageRank,Out Centrality,Betweenness,Clustering Coefficient,Node In Degrees
GRNBOOST2,-0.17088114247200822,-0.1244989102928168,-0.3209585678791935,-0.27534336821745103,-0.23056383127976762
SINCERITIES,-0.23396335051864045,-0.15558214678811358,-0.5258921400844613,-0.1315181175707678,-0.2338869775061026
