,Clustering Coefficient,Global Efficiency,Local Efficiency,Shortest Path Length,Assortativity,Centralization
PIDC,0.6282407407407408,0.6068840579710145,0.7126408313908313,2.068840579710145,0.5474371390652472,0.2490118577075099
GRNBOOST2,0.6867703407703408,0.6219444444444445,0.7919653679653681,1.89,-0.4372782671372021,0.2971014492753623
PPCOR,0.34831457431457424,0.6416666666666667,0.4928477633477633,1.77,-0.015346451395897145,0.3423913043478261
SINCERITIES,0.5039213139801375,0.6427777777777778,0.6663115680615682,1.7633333333333334,-0.3937834030277957,0.4782608695652174
ground truth,0.28647041847041843,0.6433333333333333,0.4559439634439634,1.76,-0.025189427536046936,0.20652173913043478
