,Clustering Coefficient,Global Efficiency,Local Efficiency,Shortest Path Length,Assortativity,Centralization
PIDC,0.34177032227032234,-0.03644927536231879,0.25669686794686797,0.308840579710145,0.5726265666012941,0.0424901185770751
GRNBOOST2,0.4002999222999224,-0.02138888888888879,0.3360214045214047,0.1299999999999999,-0.41208883960115517,0.09057971014492752
PPCOR,0.06184415584415581,-0.0016666666666665941,0.03690379990379994,0.010000000000000009,0.009842976140149791,0.13586956521739132
SINCERITIES,0.21745089550971908,-0.0005555555555555314,0.21036760461760484,0.0033333333333334103,-0.36859397549174877,0.2717391304347826
