,Clustering Coefficient,Assortativity,In Centralization
GRNBOOST2,2.4114861528814338,2.579592376475909,1.72937618147448
SINCERITIES,0.7844224111420649,0.8695134144036233,3.6666666666666656
