,Clustering Coefficient,Global Efficiency,Local Efficiency,Shortest Path Length,Assortativity,Centralization
PIDC,1.1930387929587023,-0.05665690470826755,0.5630009135506773,0.17547760210803692,22.732813827620568,0.2057416267942584
GRNBOOST2,1.397351686213487,-0.03324697754749553,0.7369796103522764,0.0738636363636363,-16.359595271128804,0.4385964912280701
PPCOR,0.21588321814994652,-0.002590673575129421,0.08093933216057483,0.005681818181818187,0.3907582308515806,0.6578947368421053
SINCERITIES,0.7590692842590082,-0.0008635578583764737,0.46138916508203653,0.0018939393939394376,-14.63288417191213,1.3157894736842104
