,Clustering Coefficient,Assortativity,In Centralization
GRNBOOST2,0.5207299683834734,0.2053420804072424,0.3553875236294896
SINCERITIES,0.2723746144922615,-0.01696284899233074,0.6076388888888888
ground truth,0.15264021164021163,-0.12999687986932632,0.13020833333333334
