,PageRank,Centrality,Betweenness,Radiality,Clustering Coefficient,Local Efficiency,Node Degrees
PIDC,0.22976510007383102,0.2629473281224414,-0.43167988498719767,0.09498915869014447,-0.15279921390063628,0.06365820219632673,0.2629473281224414
GRNBOOST2,-0.2825795341543146,-0.2839626249618079,-0.25589749793101085,-0.26017042633315957,-0.40467174207872975,-0.34245504635655705,-0.2839626249618079
PPCOR,-0.09461538461538462,-0.0031539538283902424,-0.13384615384615384,-0.01268048734117711,0.4232856753201656,0.3721826306778728,-0.0031539538283902424
SINCERITIES,-0.33999999999999997,-0.27575383094975653,-0.46728266348151165,-0.2964220738456643,-0.1239370356507878,-0.06360834581444852,-0.27575383094975653
