,PageRank,Centrality,Betweenness,Radiality,Clustering Coefficient,Local Efficiency,Node Degrees
PIDC,0.1507982332184303,0.12857325407040113,0.1992690938957829,-0.13168134105651813,0.3194356160984228,-0.047398847449990844,0.12857325407040113
GRNBOOST2,0.28307692307692306,0.211422881568031,0.20119254074805878,0.0765532282795834,-0.11162892157629457,-0.268630854200791,0.211422881568031
PPCOR,0.38461538461538464,0.3582920407952964,0.3946153846153846,0.36071216730512295,-0.5140866611962186,-0.35765164770050967,0.3582920407952964
SINCERITIES,0.25024853338479,0.14864159678679015,0.3363785250572111,0.11967900357060239,-0.09197473057439313,-0.18318462424265067,0.14864159678679015
