,Clustering Coefficient,Assortativity,In Centralization
GRNBOOST2,1.9117881258511749,1.363192161530562,-0.5
SINCERITIES,1.2646458630993243,2.8625310111350983,4.0
