,Clustering Coefficient,Global Efficiency,Local Efficiency,Shortest Path Length,Assortativity,Centralization
PIDC,0.23966233766233763,-0.01388888888888895,0.2176189995189996,0.08333333333333326,0.32959601415065265,-0.045289855072463775
GRNBOOST2,0.28656565656565663,-0.015555555555555545,0.28647142857142877,0.09666666666666668,0.19559752213044895,0.0
PPCOR,0.15019802419802425,-0.007500000000000062,0.15075040885040886,0.046666666666666634,0.10516887737816666,0.09057971014492752
SINCERITIES,0.4560250956772696,0.013333333333333308,0.4251027835288706,-0.08000000000000007,-0.3665608388327971,0.5434782608695653
