,Clustering Coefficient,Global Efficiency,Local Efficiency,Shortest Path Length,Assortativity,Centralization
PIDC,0.8850839328537171,-0.021815008726003584,0.4965076659492439,0.04681647940074902,2.2125562085570247,-0.20833333333333337
GRNBOOST2,1.0583000266453508,-0.02443280977312389,0.6535976209592285,0.05430711610486892,1.313033208497124,0.0
PPCOR,0.554688146918363,-0.011780104712041982,0.34394392863053275,0.026217228464419456,0.7059917068161982,0.41666666666666663
SINCERITIES,1.6841214564580225,0.02094240837696331,0.9698913757758484,-0.04494382022471914,-2.460698627874381,2.5000000000000004
