,Clustering Coefficient,Assortativity,In Centralization
GRNBOOST2,0.44986619926430604,0.038865284954775,0.08680555555555555
SINCERITIES,0.349883845622976,0.19930991401305193,0.8680555555555556
ground truth,0.15449826011389514,-0.10701025261940995,0.1736111111111111
