,PageRank,Out Centrality,Betweenness,Clustering Coefficient,Node In Degrees
GRNBOOST2,0.5044248160993073,0.49686223326865125,0.5561777769588161,-0.20800396744309468,0.26001879124865873
SINCERITIES,-0.31284395772871326,0.3101865010119917,-0.11394358317835941,-0.11593138660484921,-0.1700634335105879
