,Clustering Coefficient,Global Efficiency,Local Efficiency,Shortest Path Length,Assortativity,Centralization
PIDC,0.5104415584415584,0.6227777777777778,0.6559183742183743,1.8633333333333333,0.18062984873711624,0.1721014492753623
GRNBOOST2,0.5573448773448774,0.6211111111111112,0.7247708032708035,1.8766666666666667,0.04663135671691256,0.21739130434782608
PPCOR,0.420977244977245,0.6291666666666667,0.5890497835497835,1.8266666666666667,-0.04379728803536973,0.3079710144927536
SINCERITIES,0.7268043164564904,0.65,0.8634021582282453,1.7,-0.5155270042463335,0.7608695652173914
ground truth,0.27077922077922073,0.6366666666666667,0.4382993746993747,1.78,-0.14896616541353638,0.21739130434782608
