,Clustering Coefficient,Assortativity,In Centralization
GRNBOOST2,0.29536793915041093,0.14587553757418495,-0.08680555555555555
SINCERITIES,0.19538558550908083,0.30632016663246187,0.6944444444444444
