,PageRank,Centrality,Betweenness,Radiality,Clustering Coefficient,Local Efficiency,Node Degrees
PIDC,-0.42142857142857143,-0.4532787379763068,-0.08214285714285713,-0.4709000896261732,0.18337857527266035,0.1835273788289452,-0.4532787379763068
GRNBOOST2,-0.34316367590259733,-0.32645986090428986,0.03756714418984554,-0.32258489519114064,0.18173598553345388,0.11061312096510033,-0.32645986090428986
PPCOR,0.15,-0.008720046010959718,0.46071428571428563,0.021479386229420153,0.40325497287522605,0.3468139218820427,-0.008720046010959718
SINCERITIES,0.11796251359151783,0.2884380532456613,0.43291661399726755,0.3133662139522375,-0.303249591500343,-0.2731384255236812,0.2884380532456613
