,Clustering Coefficient,Global Efficiency,Local Efficiency,Shortest Path Length,Assortativity,Centralization
PIDC,0.5534920634920635,0.6968253968253969,0.6794179894179895,1.6571428571428573,-0.040409387683077,0.25824175824175827
GRNBOOST2,0.6256084656084656,0.6936507936507936,0.7866049382716047,1.6761904761904762,-0.13373083475298328,0.25824175824175827
PPCOR,0.5101587301587301,0.6968253968253969,0.7155555555555555,1.6571428571428573,0.03775322283609228,0.25824175824175827
SINCERITIES,0.46978354978354975,0.7015873015873016,0.6345518678852012,1.6285714285714286,-0.4628995433789958,0.4230769230769231
ground truth,0.4752380952380953,0.7047619047619048,0.6864708994708995,1.6095238095238096,-0.06980392156862271,0.09340659340659341
