,Clustering Coefficient,Global Efficiency,Local Efficiency,Shortest Path Length,Assortativity,Centralization
PIDC,0.07825396825396819,-0.007936507936507908,-0.0070529100529099775,0.04761904761904767,0.029394533885545707,0.16483516483516486
GRNBOOST2,0.15037037037037032,-0.011111111111111183,0.10013403880070526,0.06666666666666665,-0.06392691318436057,0.16483516483516486
PPCOR,0.03492063492063485,-0.007936507936507908,0.029084656084656046,0.04761904761904767,0.10755714440471499,0.16483516483516486
SINCERITIES,-0.005454545454545545,-0.0031746031746031633,-0.051919031585698217,0.01904761904761898,-0.3930956218103731,0.32967032967032966
