,Clustering Coefficient,Assortativity,In Centralization
GRNBOOST2,0.474747150997151,0.04947706959953044,0.07653061224489796
SINCERITIES,0.27444376611043275,0.2019130613024575,0.6122448979591837
ground truth,0.24912698412698417,0.1039230484541307,0.07653061224489796
