,Clustering Coefficient,Assortativity,In Centralization
GRNBOOST2,0.9056432311449829,-0.5239066757999453,0.0
SINCERITIES,0.1016219984044129,0.9429093382646239,7.0
