,Clustering Coefficient,Global Efficiency,Local Efficiency,Shortest Path Length,Assortativity,Centralization
PIDC,0.16466265865063445,-0.01126126126126122,-0.01027415737265198,0.02958579881656808,0.4211014685850935,1.7647058823529413
GRNBOOST2,0.3164105989757291,-0.015765765765765865,0.14586785671160135,0.041420118343195256,-0.9158069023602838,1.7647058823529413
PPCOR,0.07348029392117553,-0.01126126126126122,0.04236837440170177,0.02958579881656808,1.5408467316406846,1.7647058823529413
SINCERITIES,-0.011477500455456556,-0.004504504504504488,-0.07563180263826921,0.011834319526627177,-5.631426042789435,3.5294117647058822
