,Clustering Coefficient,Assortativity,In Centralization
GRNBOOST2,0.2256201668701668,-0.05444597885460026,0.0
SINCERITIES,0.025316781983448583,0.09799001284832681,0.5357142857142857
