,PageRank,Out Centrality,Betweenness,Clustering Coefficient,Node In Degrees
GRNBOOST2,0.3074174596627434,,-0.07334537675160319,0.11410606582263878,0.0
SINCERITIES,0.07905694150420949,,0.3593305509503651,-0.30582021413426164,0.14955201492787076
