,PageRank,Centrality,Betweenness,Radiality,Clustering Coefficient,Local Efficiency,Node Degrees
PIDC,-0.13371893800338971,-0.11963528517454627,0.1094414362909587,0.0361797651077073,0.1560147692845868,0.3405983915937785,-0.11963528517454627
GRNBOOST2,-0.08521739130434783,0.05845920400894339,-0.1060869565217391,-0.09146630212835977,-0.2611099402569519,-0.32061622999062145,0.05845920400894339
PPCOR,-0.14307692307692307,-0.19786309424210627,-0.22923076923076924,-0.17517622158533233,0.0733848171155987,0.20288739548165152,-0.19786309424210627
SINCERITIES,-0.16695518677754784,-0.13847678007380987,-0.12273952428350805,-0.17659624071069474,0.04670656309045389,0.019634264078869503,-0.13847678007380987
