,Clustering Coefficient,Assortativity,In Centralization
GRNBOOST2,0.20662375661656399,0.3831177177487755,0.3113888888888889
SINCERITIES,0.07841756172264644,0.08786055300494804,0.2604166666666667
