,Clustering Coefficient,Assortativity,In Centralization
GRNBOOST2,0.3862161642089716,0.26641532615161106,0.485
SINCERITIES,0.25800996931505404,-0.028841838592216423,0.4340277777777778
ground truth,0.1795924075924076,-0.11670239159716446,0.1736111111111111
