,Clustering Coefficient,Global Efficiency,Local Efficiency,Shortest Path Length,Assortativity,Centralization
PIDC,0.52004329004329,0.6166666666666667,0.6333290043290044,1.92,0.29458700684627886,0.161231884057971
GRNBOOST2,0.5267307923557925,0.5894323671497584,0.6242348507973509,2.2717391304347827,0.13048458627121645,0.391304347826087
PPCOR,0.33730447330447333,0.6405555555555555,0.5309256854256854,1.7766666666666666,-0.1369519234216485,0.161231884057971
SINCERITIES,0.46117282717282715,0.6294444444444445,0.6655358900358901,1.85,-0.16057669581659273,0.2971014492753623
ground truth,0.3338290598290598,0.6455555555555555,0.5177713027713029,1.7466666666666666,-0.16248410169445293,0.25181159420289856
