,PageRank,Out Centrality,Betweenness,Clustering Coefficient,Node In Degrees
GRNBOOST2,2.2203672787979967,2.2203672787979967,0.0,2.2203672787979967,2.2203672787979967
SINCERITIES,0.0,0.0,0.0,13.32560834298957,0.0
