,Clustering Coefficient,Global Efficiency,Local Efficiency,Shortest Path Length,Assortativity,Centralization
PIDC,0.5578131224093638,-0.04475043029259891,0.22318290129096396,0.09923664122137406,2.8130204972314274,-0.3597122302158274
GRNBOOST2,0.5778458371045041,-0.08693781336526231,0.20561886581240751,0.3006140059741123,1.8030606373821685,0.5539568345323741
PPCOR,0.01041075776085264,-0.007745266781411367,0.02540577777094908,0.017175572519083984,0.1571364706241662,-0.3597122302158274
SINCERITIES,0.3814639966004604,-0.024956970740103217,0.2853858189391661,0.05916030534351155,0.011739030821901754,0.17985611510791358
