,Clustering Coefficient,Assortativity,In Centralization
GRNBOOST2,1.1505149877243428,3.2828608951839526,1.7936
SINCERITIES,0.43664185348312906,0.7528599183145,1.5000000000000002
