,PageRank,Out Centrality,Betweenness,Clustering Coefficient,Node In Degrees
GRNBOOST2,-0.09034778424776166,-0.16153739911653647,-0.15344616355003832,0.14402086134369826,0.09847967305989452
SINCERITIES,-0.5221929565505147,-0.27667380183244644,-0.05055374504645716,0.3118735775306152,-0.4009896163292042
