,Clustering Coefficient,Global Efficiency,Local Efficiency,Shortest Path Length,Assortativity,Centralization
PIDC,0.18621423021423017,-0.028888888888888853,0.11555770155770151,0.17333333333333334,0.4570711085407318,-0.09057971014492755
GRNBOOST2,0.19290173252673265,-0.05612318840579711,0.10646354802604796,0.5250724637681161,0.2929686879656694,0.13949275362318841
PPCOR,0.0034754134754135246,-0.0050000000000000044,0.013154382654382513,0.030000000000000027,0.025532178272804434,-0.09057971014492755
SINCERITIES,0.12734376734376734,-0.016111111111111076,0.1477645872645872,0.1033333333333335,0.001907405877860202,0.04528985507246375
