,Clustering Coefficient,Global Efficiency,Local Efficiency,Shortest Path Length,Assortativity,Centralization
PIDC,0.18695640032482153,-0.06411111111111112,0.06999190575506331,0.44666666666666655,0.9571477007152476,-0.3623188405797101
GRNBOOST2,0.07451484188326307,-0.02833333333333332,0.04104024630340419,0.16999999999999993,0.4933788971188903,-0.40760869565217384
PPCOR,0.02275149411991534,-0.011111111111111183,-0.004931134167976414,0.06666666666666665,0.32058988840131875,-0.3623188405797101
SINCERITIES,0.09675092743513802,0.004879227053140034,-0.028780313740840224,0.025217391304347636,-0.1211894375390058,0.011857707509881465
