,PageRank,Centrality,Betweenness,Radiality,Clustering Coefficient,Local Efficiency,Node Degrees
PIDC,-0.010396618411605593,0.09651574365074954,-0.1675010744092012,0.030085630420193264,-0.05635978555332129,-0.08479475971682914,0.09651574365074954
GRNBOOST2,0.28543951287774305,0.32991930104904355,0.06770532920011156,0.14679701314690388,-0.1818884802094864,-0.27286736692731445,0.32991930104904355
PPCOR,-0.2684615384615385,-0.17004566517495484,-0.2676923076923077,-0.22355839742596725,-0.22013956848964514,-0.10362096300378017,-0.17004566517495484
SINCERITIES,0.1841534004226624,0.21977730366795045,0.2241671300991199,0.18839407762848384,-0.05554499870777545,-0.036396598947082595,0.21977730366795045
