,Clustering Coefficient,Assortativity,In Centralization
GRNBOOST2,0.6278779814077127,0.7769616831152565,-0.5
SINCERITIES,0.36107899945487604,0.5528978981334665,3.137618147448015
