,PageRank,Out Centrality,Betweenness,Clustering Coefficient,Node In Degrees
GRNBOOST2,0.44307692307692315,0.3212286509795208,0.2718146718146718,-0.10931486568062879,0.2085330588311731
SINCERITIES,-0.1878940944337172,0.13973828383463072,0.013063948749772668,-0.07331274658158651,-0.1802289357532467
