,Clustering Coefficient,Assortativity,In Centralization
GRNBOOST2,0.380049273255228,0.12933489967602316,0.08680555555555555
SINCERITIES,0.3177615831737349,0.11302657551404954,0.718336483931947
ground truth,0.23346299759308692,0.07278429293381353,0.1736111111111111
