,Clustering Coefficient,Global Efficiency,Local Efficiency,Shortest Path Length,Assortativity,Centralization
PIDC,0.6328109668109669,0.5892222222222222,0.7225829725829723,2.1533333333333333,0.6142469996128519,0.2028985507246377
GRNBOOST2,0.5203694083694085,0.625,0.6936313131313132,1.8766666666666667,0.1504781960164947,0.15760869565217392
PPCOR,0.46860606060606075,0.6422222222222221,0.6476599326599326,1.7733333333333334,-0.022310812701076904,0.2028985507246377
SINCERITIES,0.5426054939212834,0.6582125603864734,0.6238107530870688,1.7318840579710144,-0.4640901386414014,0.5770750988142292
ground truth,0.4458545664861454,0.6533333333333333,0.652591066827909,1.7066666666666668,-0.3429007011023956,0.5652173913043478
