,Clustering Coefficient,Assortativity,In Centralization
GRNBOOST2,0.1465862756621411,0.05655060674220963,-0.08680555555555555
SINCERITIES,0.08429858558064796,0.040242282580236016,0.5447253728208359
