,Clustering Coefficient,Global Efficiency,Local Efficiency,Shortest Path Length,Assortativity,Centralization
PIDC,0.28146435539005193,-0.006666666666666599,0.19716278009343025,0.06000000000000005,-0.3235209839129806,0.36231884057971014
GRNBOOST2,0.4227720906544437,0.002777777777777879,0.3405644229408933,-0.016666666666666607,-0.4630503435684288,0.4076086956521739
PPCOR,-0.015598845598845501,-0.005833333333333357,-0.06370360750360765,0.040000000000000036,0.04467635839774559,0.0
SINCERITIES,-0.005385503385503254,-0.008888888888888835,-0.062012306212306245,0.06000000000000005,-0.3452628438812021,0.09057971014492755
