,Clustering Coefficient,Assortativity,In Centralization
GRNBOOST2,2.286637036000877,-0.9914249941331347,0.25000000000000006
SINCERITIES,-0.09880925615160548,-1.7169322513935428,1.5000000000000002
