,Clustering Coefficient,Assortativity,In Centralization
GRNBOOST2,0.5967355638245939,-0.14751738152225172,0.2170138888888889
SINCERITIES,0.1636239599180776,-0.20126026974638686,0.4340277777777778
ground truth,0.18156418165076463,-0.07407629308502572,0.1736111111111111
