,PageRank,Out Centrality,Betweenness,Clustering Coefficient,Node In Degrees
GRNBOOST2,-0.041201413705251794,-0.42791455588770244,-0.42808670063227056,-0.1935713267130565,-0.013784449986469776
SINCERITIES,-0.05708384153547584,0.15797946690191617,0.23099888020204834,0.34027800569468536,0.23395869687918006
