,Clustering Coefficient,Global Efficiency,Local Efficiency,Shortest Path Length,Assortativity,Centralization
PIDC,0.6064427103684068,0.6272222222222222,0.7284912072218575,1.8633333333333333,-0.32654436152570354,0.5760869565217391
GRNBOOST2,0.7477504456327986,0.6366666666666667,0.8718928500693205,1.7866666666666666,-0.4660737211811517,0.6213768115942029
PPCOR,0.30937950937950937,0.6280555555555555,0.46762481962481955,1.8433333333333333,0.04165298078502267,0.213768115942029
SINCERITIES,0.3195928515928516,0.625,0.46931612091612096,1.8633333333333333,-0.348286221493925,0.30434782608695654
ground truth,0.32497835497835487,0.6338888888888888,0.5313284271284272,1.8033333333333332,-0.0030233776127229243,0.213768115942029
