,Clustering Coefficient,Assortativity,In Centralization
GRNBOOST2,0.4151713821738293,-0.073441088437226,0.04340277777777779
SINCERITIES,-0.01794022173268703,-0.12718397666136114,0.2604166666666667
