,PageRank,Centrality,Betweenness,Radiality,Clustering Coefficient,Local Efficiency,Node Degrees
PIDC,-0.10307692307692308,0.028464137246582536,-0.13052820184663844,0.1678676041107918,-0.03943168094956114,0.059448117003132864,0.028464137246582536
GRNBOOST2,-0.10425081939335361,-0.031121059945602346,-0.2530163649446529,0.01728160031207131,-0.08788697747669383,-0.028379388009601575,-0.031121059945602346
PPCOR,-0.19153846153846155,-0.15434762306103267,-0.23846153846153845,-0.1033476060724017,-0.18143244884309034,-0.21794379744346803,-0.15434762306103267
SINCERITIES,0.31076923076923074,0.3757745868584826,0.2508174695367769,0.513324343380878,0.1800922020145054,-0.13174114021571648,0.3757745868584826
