,PageRank,Out Centrality,Betweenness,Clustering Coefficient,Node In Degrees
GRNBOOST2,0.12259888962285731,-0.047289889371472105,-0.2934027264689085,-0.07616086424259458,-0.14020319894014388
SINCERITIES,-0.23697262418235995,0.3099557825549963,-0.052010190750032506,-0.27643340530461435,-0.26007092142403143
