,Clustering Coefficient,Global Efficiency,Local Efficiency,Shortest Path Length,Assortativity,Centralization
PIDC,0.3402810522810522,-0.033611111111111036,0.27181723831723836,0.21666666666666656,0.143420845405245,-0.045289855072463775
GRNBOOST2,0.43738198033850195,0.004296223100570984,0.34648035378470154,0.08475625823451916,0.0008111252285146198,-0.0043995859213250554
PPCOR,0.19383997483997473,0.00281400966183587,0.1866698417323418,0.036666666666666625,0.09222269070081213,0.09337944664031617
SINCERITIES,0.06334100757630162,0.013683574879227112,-0.0005052324218990378,-0.032173913043478164,-0.2732363842812564,0.23567193675889325
