,Clustering Coefficient,Global Efficiency,Local Efficiency,Shortest Path Length,Assortativity,Centralization
PIDC,0.6745194805194805,0.5994444444444444,0.7955798460798461,2.013333333333333,-0.008666666666665926,0.2210144927536232
GRNBOOST2,0.7716204085769303,0.6373517786561265,0.8702429615473093,1.8814229249011858,-0.1512763868433963,0.2619047619047619
PPCOR,0.528078403078403,0.6358695652173914,0.7104324494949495,1.8333333333333333,-0.059864821371098796,0.35968379446640314
SINCERITIES,0.39757943581472993,0.6467391304347826,0.5232573753407087,1.7644927536231885,-0.42532389635316736,0.5019762845849802
ground truth,0.3342384282384283,0.6330555555555555,0.5237626077626077,1.7966666666666666,-0.15208751207191093,0.266304347826087
