,PageRank,Centrality,Betweenness,Radiality,Clustering Coefficient,Local Efficiency,Node Degrees
PIDC,-0.21350260060262458,-0.2523955505195684,-0.09374635461163958,-0.16618377459990447,-0.015570336297324926,-0.08771317411878925,-0.2523955505195684
GRNBOOST2,-0.08919761923675391,-0.17660477974219094,0.05030040161902353,-0.17517088532302844,0.08224355440900066,0.03787803025819399,-0.17660477974219094
PPCOR,-0.3026086956521739,-0.3463729680994674,-0.060013047733110635,-0.3341463372020137,0.03996585273643017,0.29647368939267793,-0.3463729680994674
SINCERITIES,0.10224061346166495,0.11822889633279984,0.17792615377410548,0.2534789791156899,-0.05234287328261313,0.008509744032394058,0.11822889633279984
