,Clustering Coefficient,Global Efficiency,Local Efficiency,Shortest Path Length,Assortativity,Centralization
PIDC,1.0180787830844915,-0.05309346204475636,0.5189703012179095,0.1205936920222634,0.9430152643790497,-0.17006802721088438
GRNBOOST2,1.3085927391523526,0.0067864866880454336,0.6615217441061423,0.047174169703814,0.005333279619506818,-0.016520894071914493
PPCOR,0.5799452081605032,0.0044451227655151965,0.3564016196760437,0.0204081632653061,0.6063791132121804,0.3506493506493505
SINCERITIES,0.18950845332218186,0.02161512486407091,-0.000964621021835204,-0.017907558280229035,-1.7965734369568958,0.8849721706864563
