,Clustering Coefficient,Assortativity,In Centralization
GRNBOOST2,1.971911093858151,3.161733308624571,-0.43575510204081636
SINCERITIES,0.3111625033383381,3.235142663002974,1.891977315689981
