,Clustering Coefficient,Assortativity,In Centralization
GRNBOOST2,0.5470865774806122,0.14458172087099816,0.12244897959183673
SINCERITIES,0.2413663746384335,0.14949150818921805,0.6275992438563327
ground truth,0.184085781910246,-0.06688231165896687,0.2170138888888889
