,PageRank,Centrality,Betweenness,Radiality,Clustering Coefficient,Local Efficiency,Node Degrees
PIDC,0.0,0.0,0.0,0.0,0.0,2.665121668597914,0.0
GRNBOOST2,0.0,0.0,0.0,0.0,0.0,6.106896551724139,0.0
PPCOR,0.0,0.0,0.0,0.0,6.384858044164038,6.384858044164038,0.0
SINCERITIES,0.0,2.5539432176656156,2.5539432176656156,2.5539432176656156,0.0,0.0,2.5539432176656156
