,Clustering Coefficient,Assortativity,In Centralization
GRNBOOST2,0.3630007955703662,0.21146403252996504,-0.09456490929705216
SINCERITIES,0.0572805927281875,0.21637381984818493,0.4105853549674438
