,Clustering Coefficient,Assortativity,In Centralization
GRNBOOST2,1.4611340566636226,2.336112956710803,-0.3333333333333334
SINCERITIES,0.6208895794050721,0.4724358965671121,0.943801652892562
