,PageRank,Out Centrality,Betweenness,Clustering Coefficient,Node In Degrees
GRNBOOST2,0.14810540762524405,0.2898442003215721,0.03462204334096615,0.1861860261065591,0.2414921310209514
SINCERITIES,-0.39524638288595176,-0.11273835374245768,-0.27411957123837905,-0.30557696831059145,-0.4124654445486415
