,Clustering Coefficient,Assortativity,In Centralization
GRNBOOST2,0.4173611782964624,0.21302144338919266,0.1736111111111111
SINCERITIES,0.2748718148519038,-0.08411150137355033,0.506198347107438
ground truth,0.1695808390308686,-0.1594337082948447,0.2604166666666667
