,PageRank,Centrality,Betweenness,Radiality,Clustering Coefficient,Local Efficiency,Node Degrees
PIDC,0.08461538461538462,0.05742561753940836,-0.10230769230769231,0.01380517860263065,0.07123564402465386,-0.006544755662980264,0.05742561753940836
GRNBOOST2,0.2376923076923077,0.11869455014164038,0.4230769230769231,0.23427881529478553,0.33947093677306756,0.16795069337442217,0.11869455014164038
PPCOR,0.12153846153846154,0.17268133400556063,0.22923076923076924,0.28257495908875657,0.31441492975045393,0.1940327561260031,0.17268133400556063
SINCERITIES,-0.22924901185770752,-0.2736181620352381,-0.3175075737156615,-0.20095082330325853,-0.19039662699520152,-0.15091540689600072,-0.2736181620352381
