,Clustering Coefficient,Assortativity,In Centralization
GRNBOOST2,0.2477803392655938,0.37245515168403737,-0.08680555555555558
SINCERITIES,0.10529097582103522,0.07532220692129438,0.24578168044077137
