,Clustering Coefficient,Global Efficiency,Local Efficiency,Shortest Path Length,Assortativity,Centralization
PIDC,0.566063492063492,0.6094444444444445,0.7164047619047619,1.9533333333333334,0.11058074781225023,0.12318840579710146
GRNBOOST2,0.4996883116883117,0.6211111111111112,0.6878629148629146,1.8866666666666667,-0.013820722049926914,0.213768115942029
PPCOR,0.4281758241758242,0.6319444444444445,0.5910083435083434,1.8166666666666667,-0.008990768192446366,0.25905797101449274
SINCERITIES,0.5045835806705371,0.6571146245059288,0.6934886369668978,1.7786561264822134,-0.32806563039723574,0.3528138528138528
ground truth,0.3232150072150072,0.6422222222222221,0.5105618085618085,1.7533333333333334,-0.12324279020153094,0.213768115942029
