,Clustering Coefficient,Global Efficiency,Local Efficiency,Shortest Path Length,Assortativity,Centralization
PIDC,0.24284848484848487,-0.032777777777777684,0.20584295334295333,0.19999999999999996,0.23382353801378117,-0.09057971014492754
GRNBOOST2,0.1764733044733045,-0.02111111111111097,0.17730110630110607,0.1333333333333333,0.10942206815160402,0.0
PPCOR,0.10496081696081705,-0.010277777777777608,0.08044653494653486,0.06333333333333324,0.11425202200908458,0.04528985507246375
SINCERITIES,0.18136857345552992,0.014892402283706696,0.18292682840508923,0.025322793148879974,-0.2048228401957048,0.1390457368718238
