,PageRank,Out Centrality,Betweenness,Clustering Coefficient,Node In Degrees
GRNBOOST2,0.41958041958041964,0.46370070818187076,-0.18793539861238234,0.1529000603843243,-0.016766318775371096
SINCERITIES,0.347131285538463,-0.3059071729957806,-0.19958661790658866,-0.04159240814893464,0.31222177309917015
