,Clustering Coefficient,Assortativity,In Centralization
GRNBOOST2,0.12842856775338712,-0.1384702480826506,0.116503626243886
SINCERITIES,-0.22276556581819734,0.46692017557389454,0.22959183673469385
