,Clustering Coefficient,Assortativity,In Centralization
GRNBOOST2,0.4756658347099523,-0.1813997843525207,0.2644628099173554
SINCERITIES,0.12447170113836781,0.4239906393040245,0.37755102040816324
ground truth,0.34723726695656515,-0.04292953626987008,0.14795918367346939
