,Clustering Coefficient,Assortativity,In Centralization
GRNBOOST2,0.3698582496027187,-3.2255239658816293,0.7874038187517812
SINCERITIES,-0.6415370325042399,10.876431849593505,1.5517241379310343
