,Clustering Coefficient,Global Efficiency,Local Efficiency,Shortest Path Length,Assortativity,Centralization
PIDC,0.1268109668109667,-0.053650793650793616,0.008138528138528,0.37142857142857144,0.684170310453846,-0.1648351648351648
GRNBOOST2,0.2397342472342473,0.0752886002886003,0.13169672919672903,-0.07359307359307365,0.5818909429197712,-0.16513486513486514
PPCOR,0.04353054353054353,-0.030952380952380953,-0.06059163059163053,0.19999999999999996,0.5525958570299467,-0.0824175824175824
SINCERITIES,-0.2785329485329486,-0.013492063492063444,-0.34936588103254784,0.08571428571428563,-0.15829088752613807,-0.0824175824175824
