,Clustering Coefficient,Global Efficiency,Local Efficiency,Shortest Path Length,Assortativity,Centralization
PIDC,0.6557538017538016,0.62,0.795927035927036,1.9266666666666667,0.11836601218133092,0.24094202898550723
GRNBOOST2,0.5718175158175159,0.6338888888888888,0.7317248122248122,1.8366666666666667,0.08170822019254334,0.24094202898550723
PPCOR,0.4861192141192142,0.6377777777777778,0.6339416879416881,1.8133333333333332,0.13262546989382082,0.286231884057971
SINCERITIES,0.3866372053872054,0.6545893719806763,0.509708308666642,1.7681159420289856,-0.3016841267736381,0.33201581027667987
ground truth,0.4365540080834199,0.6533333333333333,0.6534881741352327,1.72,-0.22106555775724868,0.4673913043478261
