,Clustering Coefficient,Assortativity,In Centralization
GRNBOOST2,0.4079523245974171,0.25429693912829887,0.2170138888888889
SINCERITIES,0.21883652067682138,0.18387649891345056,0.44612476370510395
ground truth,0.22866106918680448,0.061453759343217805,0.13020833333333334
