,Clustering Coefficient,Assortativity,In Centralization
GRNBOOST2,0.1792912554106126,0.19284317978508106,0.08680555555555555
SINCERITIES,-0.0098245485099831,0.12242273957023275,0.31591643037177064
