,Clustering Coefficient,Assortativity,In Centralization
GRNBOOST2,0.7840917391326495,3.138020876933768,0.6666666666666666
SINCERITIES,-0.04296554960108641,1.9921114815206769,2.4262381852551984
