,PageRank,Out Centrality,Betweenness,Clustering Coefficient,Node In Degrees
GRNBOOST2,-0.25812656757542535,-0.1568820221118363,-0.09499967386892112,0.1843784284243816,0.20518915039013297
SINCERITIES,0.17209484784672693,-0.3208177940375077,-0.13782668943373963,0.1469173589855706,0.15345426289806838
