,PageRank,Centrality,Betweenness,Radiality,Clustering Coefficient,Local Efficiency,Node Degrees
PIDC,-0.10463550876380878,-0.08804966995356367,-0.09008666347698857,0.03541715012524063,-0.2585447036626412,-0.2758620740842205,-0.08804966995356367
GRNBOOST2,-0.10540488750471914,-0.07548163124569086,-0.09424889576151894,-0.024017066428106255,0.17908208929719965,0.14282966770386338,-0.07548163124569086
PPCOR,-0.10461538461538461,-0.11166643748366008,-0.003846153846153846,-0.0816366119672535,-0.015072477557034948,-0.03466872110939907,-0.11166643748366008
SINCERITIES,0.06392694215048741,-0.05964315542072854,0.11915634115124864,-0.0935379693002709,0.055701840107545336,-0.05244787305023078,-0.05964315542072854
