,Clustering Coefficient,Global Efficiency,Local Efficiency,Shortest Path Length,Assortativity,Centralization
PIDC,0.21919979367038173,-0.033333333333333326,0.1424388617918032,0.20666666666666678,0.3394315699385796,-0.22644927536231887
GRNBOOST2,0.13526350773409607,-0.019444444444444486,0.07823663808957948,0.1166666666666667,0.302773777949792,-0.22644927536231887
PPCOR,0.04956520603579434,-0.015555555555555545,-0.0195464861935446,0.09333333333333327,0.3536910276510695,-0.1811594202898551
SINCERITIES,-0.04991680269621446,0.0012560386473430274,-0.14377986546859078,0.048115942028985614,-0.08061856901638942,-0.13537549407114624
