,Clustering Coefficient,Assortativity,In Centralization
GRNBOOST2,0.33268028380833253,0.11454457486244006,0.16326530612244897
SINCERITIES,0.33501315769463147,0.10362302962455151,0.39285714285714285
ground truth,0.24120728070326702,-0.13710635122992332,0.16326530612244897
