,Clustering Coefficient,Global Efficiency,Local Efficiency,Shortest Path Length,Assortativity,Centralization
PIDC,0.5305291005291004,0.7238095238095238,0.7196693121693123,1.5904761904761904,-0.15471311475409597,0.2032967032967033
GRNBOOST2,0.4657671957671958,0.726984126984127,0.6892089947089948,1.5714285714285714,-0.0015329586101188572,0.2032967032967033
PPCOR,0.5776767676767677,0.7301587301587302,0.7647731281064615,1.5523809523809524,-0.2422229602568363,0.36813186813186816
SINCERITIES,0.4838624338624337,0.7222222222222222,0.6203527336860671,1.6,-0.2567567567567591,0.2857142857142857
ground truth,0.4375661375661375,0.7285714285714285,0.6490476190476192,1.561904761904762,-0.15220447284345093,0.2032967032967033
