,Clustering Coefficient,Assortativity,In Centralization
GRNBOOST2,0.3792298592246704,1.8354432441306252,0.0
SINCERITIES,0.388901515401454,1.755785772832498,1.4062500000000002
