,Clustering Coefficient,Global Efficiency,Local Efficiency,Shortest Path Length,Assortativity,Centralization
PIDC,0.21245465538089472,-0.006535947712418277,0.10880818456020208,0.018292682926829205,-0.016482051176152274,0.0
GRNBOOST2,0.06444981862152377,-0.0021786492374727593,0.06187739463601516,0.006097560975609735,0.9899282946060622,0.0
PPCOR,0.32020446300978367,0.0021786492374729115,0.17830049084634533,-0.006097560975609735,-0.5914312880014596,0.810810810810811
SINCERITIES,0.10580411124546539,-0.008714596949891037,-0.04421075514252335,0.02439024390243908,-0.6869199173985171,0.4054054054054053
