,Clustering Coefficient,Assortativity,In Centralization
GRNBOOST2,0.09147300310506551,0.2516509260923634,0.0
SINCERITIES,0.09380587699136445,0.24072938085447482,0.22959183673469388
