,Clustering Coefficient,Global Efficiency,Local Efficiency,Shortest Path Length,Assortativity,Centralization
PIDC,0.09296296296296291,-0.004761904761904745,0.07062169312169309,0.02857142857142847,-0.0025086419106450375,0.0
GRNBOOST2,0.028201058201058282,-0.0015873015873015817,0.040161375661375565,0.00952380952380949,0.15067151423333208,0.0
PPCOR,0.14011063011063019,0.0015873015873016927,0.11572550905884227,-0.00952380952380949,-0.09001848741338536,0.16483516483516486
SINCERITIES,0.046296296296296224,-0.006349206349206327,-0.02869488536155207,0.03809523809523818,-0.10455228391330815,0.0824175824175824
