,PageRank,Out Centrality,Betweenness,Clustering Coefficient,Node In Degrees
GRNBOOST2,-0.075,-0.4424161199536015,-0.5357142857142856,-0.48968787114111145,-0.18217429111642797
SINCERITIES,-0.04860645536593736,0.15068549703801765,0.23813874102755675,0.27931971802258976,-0.07610821328752822
