,PageRank,Centrality,Betweenness,Radiality,Clustering Coefficient,Local Efficiency,Node Degrees
PIDC,0.125,0.1366226368559996,0.1928571428571428,0.273459509410425,-0.016260700012185932,-0.16726296958855097,0.1366226368559996
GRNBOOST2,0.0035714285714285704,-0.027030419750387228,-0.08579091897564933,0.008287644176335148,-0.09082685851737622,-0.1815742397137746,-0.027030419750387228
PPCOR,-0.2071428571428571,-0.10355631121397667,-0.1464285714285714,-0.15750294552177527,-0.5817717115470966,-0.5062611806797853,-0.10355631121397667
SINCERITIES,-0.3857142857142856,-0.33493603952601975,-0.41785714285714276,-0.37720422712513646,-0.1517665334470687,0.008936554059963471,-0.33493603952601975
