,Clustering Coefficient,Assortativity,In Centralization
GRNBOOST2,0.3024950368230762,0.24076998399505264,0.0024616949445983305
SINCERITIES,-0.12075577389093703,0.5328458384639179,0.04594912413494809
