,Clustering Coefficient,Assortativity,In Centralization
GRNBOOST2,1.156769114453386,0.9801838364377227,0.015560343353510435
SINCERITIES,-0.4617812943180706,2.169235838742133,0.2904438463838694
