,PageRank,Out Centrality,Betweenness,Clustering Coefficient,Node In Degrees
GRNBOOST2,0.12047652096318771,0.3381848174663455,0.3190557984526804,-0.019715796706455818,0.40135459925172723
SINCERITIES,-0.2121411829324442,0.30980492473765825,-0.1772271172856667,-0.1257890540663954,-0.3280544992086981
