,PageRank,Centrality,Betweenness,Radiality,Clustering Coefficient,Local Efficiency,Node Degrees
PIDC,-0.30000000000000004,-0.35393277660205924,-0.2877476491004741,-0.3169731122118967,-0.1280071693921632,-0.15816817687459261,-0.35393277660205924
GRNBOOST2,-0.050769230769230775,-0.11349117591969764,-0.008847855520469124,0.17698706825412258,0.2557252692966583,0.009237875973010883,-0.11349117591969764
PPCOR,0.21538461538461537,0.22763742278059648,0.07232160164557372,0.3605789981499718,0.2917080573344373,0.21311791123216936,0.22763742278059648
SINCERITIES,-0.05270244375235957,-0.041958794723721334,-0.048874351491662436,-0.042744024117402336,-0.2175281515905116,-0.22042415396353282,-0.041958794723721334
