,PageRank,Out Centrality,Betweenness,Clustering Coefficient,Node In Degrees
GRNBOOST2,0.2123076923076923,,-0.09615384615384616,-0.2552535611039403,0.09885739689050803
SINCERITIES,0.05087141442460533,,-0.05014605355414703,-0.20925747737302225,-0.059354691276573716
