,Clustering Coefficient,Global Efficiency,Local Efficiency,Shortest Path Length,Assortativity,Centralization
PIDC,0.09062914862914861,-0.008888888888888835,0.04368619528619544,0.05333333333333323,0.3420513821484185,0.09057971014492754
GRNBOOST2,0.06755266955266959,-0.0016666666666667052,0.10506382876382891,0.010000000000000009,0.07458447427375457,0.04528985507246376
PPCOR,-0.01759307359307344,0.007222222222222241,0.0021518037518037936,-0.043333333333333446,0.08327871403228526,0.22644927536231885
SINCERITIES,0.04599247811012508,-0.0033333333333332993,0.02841605148663995,0.020000000000000018,-0.10764709925723025,0.3170289855072464
