,Clustering Coefficient,Assortativity,In Centralization
GRNBOOST2,0.9292403113738053,1.214898741945226,0.5000000000000001
SINCERITIES,0.2628042928992875,-0.9218403972887332,5.0
