,Clustering Coefficient,Assortativity,In Centralization
GRNBOOST2,0.4463815710063254,0.18380920004481732,0.13020833333333334
SINCERITIES,0.2921836957348835,0.006486280288173083,0.5208333333333334
ground truth,0.2313768628898588,0.08298763124646846,0.08680555555555555
