,Clustering Coefficient,Global Efficiency,Local Efficiency,Shortest Path Length,Assortativity,Centralization
PIDC,0.20393015085493119,-0.013876843018213273,0.07076512597204719,0.029795158286778343,3.0107951759935383,0.8333333333333334
GRNBOOST2,0.15200436394807432,-0.0026019080659150646,0.170187745324833,0.005586592178770954,0.6565053879828993,0.41666666666666663
PPCOR,-0.039587243244647,0.011274934952298381,0.003485601402593108,-0.02420856610800751,0.7330335837162445,2.0833333333333335
SINCERITIES,0.10349046792406173,-0.005203816131829956,0.04602976866963912,0.011173184357541908,-0.9475283073486769,2.916666666666667
