,Clustering Coefficient,Global Efficiency,Local Efficiency,Shortest Path Length,Assortativity,Centralization
PIDC,0.535041847041847,0.6316666666666667,0.6610269360269361,1.8433333333333333,0.22844306203559508,0.19927536231884058
GRNBOOST2,0.511965367965368,0.6388888888888888,0.7224045695045695,1.8,-0.03902384583906887,0.1539855072463768
PPCOR,0.42681962481962493,0.6477777777777778,0.6194925444925444,1.7466666666666666,-0.030329606080538186,0.3351449275362319
SINCERITIES,0.49040517652282345,0.6372222222222222,0.6457567922273806,1.81,-0.2212554193700537,0.4257246376811594
ground truth,0.44441269841269837,0.6405555555555555,0.6173407407407406,1.79,-0.11360832011282344,0.10869565217391304
