,Clustering Coefficient,Assortativity,In Centralization
GRNBOOST2,0.21500470811646663,0.10082156879834886,0.04340277777777779
SINCERITIES,0.06080683284502472,-0.07650135095829538,0.4340277777777778
