,PageRank,Out Centrality,Betweenness,Clustering Coefficient,Node In Degrees
GRNBOOST2,-0.473637365178064,,0.30812061224188114,-0.03700457467338197,-0.6789753982600356
SINCERITIES,0.25029355262034036,,0.07403357184525707,-0.0711032740866419,0.3486914479688737
