,Clustering Coefficient,Assortativity,In Centralization
GRNBOOST2,0.3173762073518171,0.16493080411320962,0.07653061224489796
SINCERITIES,0.3594745994745995,0.12073889403699235,0.8418367346938775
ground truth,0.1838095238095238,-0.026756720794497108,0.15306122448979592
