,Clustering Coefficient,Assortativity,In Centralization
GRNBOOST2,0.13356668354229329,0.19168752490770674,-0.07653061224489796
SINCERITIES,0.17566507566507567,0.14749561483148946,0.6887755102040816
