,Clustering Coefficient,Global Efficiency,Local Efficiency,Shortest Path Length,Assortativity,Centralization
PIDC,0.2847396268448898,-0.008948545861297664,0.13999748403937493,0.02409638554216873,0.16172012127010335,0.9374999999999999
GRNBOOST2,0.24728487886382625,-0.015659955257270795,0.13732427587508228,0.04216867469879517,0.9946986607142679,0.46875000000000006
PPCOR,0.36090225563909767,-0.011185682326621883,0.19552159008711487,0.030120481927710878,0.39361702127656734,0.46875000000000006
SINCERITIES,0.8592849645481223,0.0,0.45153026047450057,0.0,-4.166032925722932,2.812499999999999
