,PageRank,Centrality,Betweenness,Radiality,Clustering Coefficient,Local Efficiency,Node Degrees
PIDC,0.049999999999999996,0.14776124107348743,0.2719145674693581,0.11590616635082915,-0.3203778655974191,-0.3629032258064516,0.14776124107348743
GRNBOOST2,-0.1357142857142857,-0.08966380785116952,0.005366734884263648,-0.11229358446908975,0.15063917816246755,0.014362680238601594,-0.08966380785116952
PPCOR,-0.36785714285714277,-0.35845369015575745,-0.26118109770083087,-0.3228931904017227,0.17864204781352855,0.20161290322580644,-0.35845369015575745
SINCERITIES,0.16636878141217307,0.24919825765428263,0.14916386169494442,0.24919825765428263,-0.25570786918868355,-0.07143149126379583,0.24919825765428263
