,Clustering Coefficient,Global Efficiency,Local Efficiency,Shortest Path Length,Assortativity,Centralization
PIDC,0.10820105820105813,-0.006349206349206438,0.07850970017636694,0.03809523809523818,0.017023170660010037,0.16483516483516483
GRNBOOST2,0.09396825396825398,-0.011111111111111183,0.07701058201058186,0.06666666666666665,0.10470512218044407,0.08241758241758243
PPCOR,0.13714285714285712,-0.007936507936507908,0.10964726631393285,0.04761904761904767,0.04143337066068925,0.08241758241758243
SINCERITIES,0.32652828652828647,0.0,0.2532153032153033,0.0,-0.43852978165502376,0.4945054945054944
