,Clustering Coefficient,Global Efficiency,Local Efficiency,Shortest Path Length,Assortativity,Centralization
PIDC,0.48820105820105814,0.7031746031746031,0.6393033509700178,1.619047619047619,-0.0882399872347216,0.34065934065934067
GRNBOOST2,0.473968253968254,0.6984126984126984,0.6378042328042327,1.6476190476190475,-0.0005580357142875574,0.25824175824175827
PPCOR,0.5171428571428571,0.7015873015873016,0.6704409171075837,1.6285714285714286,-0.06382978723404238,0.25824175824175827
SINCERITIES,0.7065282865282865,0.7095238095238096,0.8140089540089541,1.5809523809523809,-0.5437929395497554,0.6703296703296703
ground truth,0.38,0.7095238095238096,0.5607936507936508,1.5809523809523809,-0.10526315789473163,0.17582417582417584
