,Clustering Coefficient,Assortativity,In Centralization
GRNBOOST2,0.7266581228984867,7.164088842573338,-0.5
SINCERITIES,0.9556908261571474,5.512469781492206,4.499999999999999
