,Clustering Coefficient,Global Efficiency,Local Efficiency,Shortest Path Length,Assortativity,Centralization
PIDC,0.3625740925740927,-0.1159484126984126,0.3452908387908387,1.2000000000000002,0.8218531285143795,-0.13586956521739132
GRNBOOST2,0.1420026640026641,-0.03833333333333333,0.12683052133052125,0.27,0.7974908064846054,-0.13586956521739132
PPCOR,0.20659607059607066,-0.025555555555555554,0.20306413956413943,0.16999999999999993,0.45566805521633447,0.0
SINCERITIES,-0.18141946941946938,-0.016111111111111076,-0.25385841935841935,0.1033333333333335,-0.017606847322708008,0.04528985507246375
