,Clustering Coefficient,Global Efficiency,Local Efficiency,Shortest Path Length,Assortativity,Centralization
PIDC,1.1154582987573127,-0.19324735449735436,0.7771816610063471,0.6304728546409808,2.2308736520423365,-0.4285714285714286
GRNBOOST2,0.43687084447449603,-0.06388888888888888,0.28547051980624605,0.14185639229422067,2.1647435121996637,-0.4285714285714286
PPCOR,0.6355923000481506,-0.04259259259259259,0.45705737757172665,0.08931698774080557,1.236885062781272,0.0
SINCERITIES,-0.5581365488179268,-0.026851851851851793,-0.571385295678041,0.05429071803852899,-0.047792787330217246,0.1428571428571428
