,Clustering Coefficient,Assortativity,In Centralization
GRNBOOST2,0.16960785036155435,0.604310212898121,0.0
SINCERITIES,-0.12497336344318755,-0.20044872589013807,0.17361111111111113
