,PageRank,Centrality,Betweenness,Radiality,Clustering Coefficient,Local Efficiency,Node Degrees
PIDC,-0.4864244742726644,-0.3007072800438921,-0.02167206032070963,0.04027114650819665,-0.022088746223544002,0.18134330556670697,-0.3007072800438921
GRNBOOST2,-0.1023667671036694,-0.1015995585086961,-0.028885038086106568,-0.11964322365730609,-0.3379248603087892,-0.3238135854152726,-0.1015995585086961
PPCOR,0.10923076923076921,0.10305887681721178,0.2913460596726571,0.06306855729347223,-0.11747631165308416,-0.1429951717518761,0.10305887681721178
SINCERITIES,-0.016929589556345936,-0.032872987507149815,0.017743507008891636,0.01372784802627639,0.141950686204928,0.054895526295433004,-0.032872987507149815
