,Clustering Coefficient,Assortativity,In Centralization
GRNBOOST2,0.36893639088572544,0.39788085198641804,0.16493055555555555
SINCERITIES,0.07435517708098355,-0.406878086801841,0.3385416666666667
ground truth,0.1993285405241711,-0.20642936091170294,0.16493055555555555
