,Clustering Coefficient,Global Efficiency,Local Efficiency,Shortest Path Length,Assortativity,Centralization
PIDC,0.6876190476190477,0.48405158730158737,0.7895767195767195,3.1033333333333335,0.45345345345345284,0.18115942028985507
GRNBOOST2,0.4670476190476191,0.5616666666666666,0.571116402116402,2.1733333333333333,0.4290911314236787,0.18115942028985507
PPCOR,0.5316410256410257,0.5744444444444444,0.6473500203500202,2.0733333333333333,0.08726838015540775,0.3170289855072464
SINCERITIES,0.14362548562548563,0.5838888888888889,0.19042746142746142,2.006666666666667,-0.3860065223836347,0.36231884057971014
ground truth,0.325044955044955,0.6,0.44428588078588077,1.9033333333333333,-0.3683996750609267,0.3170289855072464
