,Clustering Coefficient,Assortativity,In Centralization
GRNBOOST2,0.8508959625929096,2.9274431225730804,0.0
SINCERITIES,-0.6269717478216972,-0.9710281764418047,1.0526315789473686
