,PageRank,Out Centrality,Betweenness,Clustering Coefficient,Node In Degrees
GRNBOOST2,-0.13659100664779109,0.19719037580844517,0.3748730619209019,-0.06185800528918609,-0.41449662084579847
SINCERITIES,-0.2926322504331798,-0.060310306401112616,-0.28392213746928735,-0.004087145591440919,-0.3106891209917482
