,Clustering Coefficient,Assortativity,In Centralization
GRNBOOST2,-0.7648618699385709,7.800628650599182,0.5628541615034743
SINCERITIES,-0.9786066309775903,-2.348131574158057,8.927142442857688
