,Clustering Coefficient,Assortativity,In Centralization
GRNBOOST2,-0.34366649029904056,0.2826420553823117,0.0030892651125714026
SINCERITIES,-0.43970593837871347,-0.0850804164837609,0.048997256465173125
