,PageRank,Centrality,Betweenness,Radiality,Clustering Coefficient,Local Efficiency,Node Degrees
PIDC,0.11655011655011654,0.1191588785046729,0.08004509582863585,0.13507109004739337,0.06800445930880714,0.06800445930880714,0.1191588785046729
GRNBOOST2,0.11313591495823842,0.10892586989409984,0.09239940387481371,0.09077380952380952,0.07714915503306392,0.0851221317542561,0.10892586989409984
PPCOR,0.10463378176382661,0.10960960960960961,0.09970238095238096,0.08676470588235294,0.05722460658082976,0.03865073787772312,0.10877719429857464
SINCERITIES,0.06633291614518148,0.07035175879396985,0.06367041198501873,0.03902439024390244,0.04797047970479705,0.04926108374384237,0.07035175879396985
