,PageRank,Centrality,Betweenness,Radiality,Clustering Coefficient,Local Efficiency,Node Degrees
PIDC,0.19865156915419482,0.20735249479542694,0.2188363659032169,0.1967892915025601,-0.034537203484377235,-0.025588929638129542,0.20735249479542694
GRNBOOST2,0.11134330896237644,0.07852480009952435,0.09823229664175083,0.08648359506017922,0.018007650124637425,0.019468260932908567,0.07852480009952435
PPCOR,0.2532975160498068,0.26912689435276504,0.22719510604085366,0.1886551418304539,-0.06180886671477043,-0.12131074877784151,0.26912689435276504
SINCERITIES,0.024141944003245857,0.0754056238612663,-0.0023869254821937487,-0.14226168661177155,-0.03166084776971607,-0.029465447001119256,0.0754056238612663
