,Clustering Coefficient,Assortativity,In Centralization
GRNBOOST2,0.5379586719637757,583126406609.0874,1.0
SINCERITIES,-0.039814906102920045,13275756363685.973,7.0
