,Clustering Coefficient,Global Efficiency,Local Efficiency,Shortest Path Length,Assortativity,Centralization
PIDC,0.6026684670678478,0.6583333333333333,0.7626923190328765,1.71,-0.2554354186096834,0.5018115942028986
GRNBOOST2,0.5684968364968365,0.6288888888888888,0.7657582787582788,1.8966666666666667,0.10095890547362701,0.32065217391304346
PPCOR,0.4235224775224774,0.6505555555555556,0.578519943019943,1.7566666666666666,-0.017733499904716277,0.2753623188405797
SINCERITIES,0.5096037557214027,0.6616666666666666,0.7154838103073398,1.69,-0.3307931316434997,0.592391304347826
ground truth,0.5455555555555556,0.6311111111111112,0.731494708994709,1.8733333333333333,-0.05373831775704866,0.04891304347826087
