,PageRank,Centrality,Betweenness,Radiality,Clustering Coefficient,Local Efficiency,Node Degrees
PIDC,0.08040007842513248,-0.045107502655231155,-0.061562143841257945,-0.18131271684620265,-0.18661572698579626,-0.14101081296341086,-0.045107502655231155
GRNBOOST2,0.11963839421156078,-0.12146493332725906,-0.14087763989640303,-0.13536386283651308,-0.09788785129929956,-0.09257473653368728,-0.12146493332725906
PPCOR,-0.03615384615384615,-0.25649697077026806,-0.13999999999999999,-0.16730455966804716,-0.009870465706457549,-0.12480747933199418,-0.25649697077026806
SINCERITIES,-0.22850548605037654,-0.2666815005251936,-0.17776069034163236,-0.13650714970219557,0.01163473453715099,-0.0038624997818140325,-0.2666815005251936
