,Clustering Coefficient,Assortativity,In Centralization
GRNBOOST2,0.14879512502774883,0.001740036706914609,0.08680555555555555
SINCERITIES,-0.01101248895184831,0.039614572626196706,0.6076388888888888
