,PageRank,Out Centrality,Betweenness,Clustering Coefficient,Node In Degrees
GRNBOOST2,0.15514925376592473,,-0.45803647421115823,-0.015740581787951863,0.24652195854103748
SINCERITIES,-0.15358616369132788,,-0.09766504768063923,0.002531164930324199,-0.3310918965851509
