,Clustering Coefficient,Assortativity,In Centralization
GRNBOOST2,0.4253872366198605,0.001740036706917593,0.1736111111111111
SINCERITIES,0.26557962264026336,0.03961457262619969,0.6944444444444444
ground truth,0.27659211159211167,2.9839785802756208e-15,0.08680555555555555
