,Clustering Coefficient,Global Efficiency,Local Efficiency,Shortest Path Length,Assortativity,Centralization
PIDC,0.05711291151229225,0.027222222222222148,0.031197610038167456,-0.16333333333333333,-0.20169710085263473,0.4528985507246377
GRNBOOST2,0.022941280941280895,-0.0022222222222223476,0.03426356976356981,0.023333333333333428,0.15469722323067567,0.2717391304347826
PPCOR,-0.12203307803307817,0.019444444444444375,-0.152974765974766,-0.1166666666666667,0.03600481785233238,0.22644927536231885
SINCERITIES,-0.035951799834152864,0.030555555555555447,-0.016010898687369268,-0.18333333333333335,-0.27705481388645103,0.5434782608695652
