,Clustering Coefficient,Global Efficiency,Local Efficiency,Shortest Path Length,Assortativity,Centralization
PIDC,-0.08792796798577117,0.02368421052631581,-0.03968558458304654,-0.04821428571428576,0.6896713967151165,0.0
GRNBOOST2,0.0052043332390154925,0.012280701754386131,0.016141168989455095,-0.02499999999999998,1.3076950409546106,0.49999999999999994
PPCOR,-0.20233196105806125,0.03070175438596498,-0.11816404322365857,-0.06250000000000001,2.2614447184426885,1.5
SINCERITIES,-0.257511691287814,0.027192982456140397,-0.20288378950627597,-0.05357142857142862,-1.2003956081040537,3.4999999999999996
