,PageRank,Centrality,Betweenness,Radiality,Clustering Coefficient,Local Efficiency,Node Degrees
PIDC,0.2053846153846154,0.15661106929916233,0.3223076923076923,0.3486527241094421,0.22755946403803215,0.16731794323672533,0.15661106929916233
GRNBOOST2,0.24846153846153846,0.05634421322011635,0.13538461538461538,0.06883065285539999,0.1376449885400017,0.04809135003040048,0.05634421322011635
PPCOR,0.30538461538461537,0.487259623834071,0.20615384615384616,0.36167723287594283,-0.1360524041708519,-0.13300128512212467,0.487259623834071
SINCERITIES,0.022307692307692306,0.16392063557207145,-0.037314868934152395,0.23299761498592117,-0.5880388897897266,-0.6172806917309449,0.16392063557207145
