,Clustering Coefficient,Assortativity,In Centralization
GRNBOOST2,0.14133677739036582,0.31250275987713166,0.0
SINCERITIES,-0.0574384049789155,0.048803878720054525,0.21701388888888887
