,Clustering Coefficient,Global Efficiency,Local Efficiency,Shortest Path Length,Assortativity,Centralization
PIDC,0.5209523809523811,0.6483333333333333,0.7191306878306877,1.7766666666666666,-0.02510134081695828,0.09057971014492754
GRNBOOST2,0.5741471861471862,0.6411111111111112,0.7609365079365082,1.82,0.02488832163369533,0.1358695652173913
PPCOR,0.4556077256077257,0.6527777777777778,0.6603621563621563,1.75,0.10203362972092585,0.22644927536231885
SINCERITIES,0.42409046509046505,0.6505555555555556,0.5969198415963122,1.7666666666666666,-0.17798191821993894,0.4076086956521739
ground truth,0.5711746031746031,0.6333333333333333,0.7488492063492064,1.8666666666666667,-0.08088632678797932,0.09057971014492754
