,Clustering Coefficient,Global Efficiency,Local Efficiency,Shortest Path Length,Assortativity,Centralization
PIDC,-0.05022222222222206,0.015000000000000013,-0.0297185185185187,-0.09000000000000008,0.05578498597102104,0.0
GRNBOOST2,0.002972582972583071,0.007777777777777883,0.012087301587301869,-0.046666666666666634,0.10577464842167464,0.04528985507246376
PPCOR,-0.11556687756687739,0.019444444444444486,-0.08848704998705004,-0.1166666666666667,0.18291995650890516,0.1358695652173913
SINCERITIES,-0.14708413808413806,0.01722222222222225,-0.1519293647528942,-0.10000000000000009,-0.09709559143195963,0.31702898550724634
