,PageRank,Out Centrality,Betweenness,Clustering Coefficient,Node In Degrees
GRNBOOST2,-0.10615384615384615,,0.015384615384615384,0.09003173446102265,0.06241624531779739
SINCERITIES,-0.08009805915746909,,-0.05802520707806545,-0.4515939105608452,-0.0282830645291181
