,PageRank,Centrality,Betweenness,Radiality,Clustering Coefficient,Local Efficiency,Node Degrees
PIDC,2.665121668597914,6.662804171494785,6.662804171494785,2.665121668597914,2.665121668597914,2.665121668597914,6.662804171494785
GRNBOOST2,2.665121668597914,2.665121668597914,2.665121668597914,0.0,2.665121668597914,2.665121668597914,2.665121668597914
PPCOR,6.662804171494785,2.665121668597914,2.665121668597914,2.665121668597914,0.0,2.665121668597914,2.665121668597914
SINCERITIES,0.0,0.0,2.665121668597914,0.0,0.0,0.0,0.0
