,Clustering Coefficient,Assortativity,In Centralization
GRNBOOST2,0.4948986758333174,4.297793547672191,0.0
SINCERITIES,-0.20112380578433064,0.6711908565124179,2.5
