,Clustering Coefficient,Assortativity,In Centralization
GRNBOOST2,0.4269240789776674,0.23979038865436966,0.08680555555555555
SINCERITIES,0.22814889660838605,-0.02390849250270749,0.3038194444444444
ground truth,0.28558730158730156,-0.07271237122276202,0.08680555555555555
