,Clustering Coefficient,Assortativity,In Centralization
GRNBOOST2,0.221312956819704,-0.9062287347389165,1.8571428571428572
SINCERITIES,-0.17762621783226554,-1.3764269408821705,4.069943289224954
