,Clustering Coefficient,Assortativity,In Centralization
GRNBOOST2,0.42224328285192136,0.018071048805732917,0.31746031746031744
SINCERITIES,0.2843184489077,-0.07254279444278293,0.5633270321361059
ground truth,0.34572898002444996,0.19271414068497902,0.1111111111111111
