,PageRank,Centrality,Betweenness,Radiality,Clustering Coefficient,Local Efficiency,Node Degrees
PIDC,-0.022193219893495042,-0.0008839780948274772,0.013224713717058406,0.21773537961990966,-0.171693916160622,-0.1406598298526922,-0.0008839780948274772
GRNBOOST2,0.005385651186372511,0.03404197947917273,0.04798774546455544,0.10590778892450695,0.11778443676711946,0.08775674273724668,0.03404197947917273
PPCOR,0.06732063982965639,0.18231877779421268,-0.025348365547809525,0.12074683080995684,0.3265005964396744,0.16750601045564323,0.18231877779421268
SINCERITIES,-0.02434782608695652,0.027164334802446396,-0.020974618126534398,0.06487005353858719,0.023501016134554624,-0.08603334917047208,0.027164334802446396
