,Clustering Coefficient,Global Efficiency,Local Efficiency,Shortest Path Length,Assortativity,Centralization
PIDC,0.20098974049641424,-0.10974446987032802,0.0020188019914718835,0.301432617024821,1.6359883263141666,-0.5782567947516402
GRNBOOST2,0.11743161439451366,-0.12271929824561391,0.051366363954820714,0.3352490421455938,0.9956382316793064,-0.6443298969072165
PPCOR,-0.07672623917676738,-0.06622807017543861,-0.08003734512841852,0.14942528735632185,0.8128951796226275,-0.32216494845360827
SINCERITIES,-0.1733503744158586,-0.01315789473684206,-0.15417878422753908,0.0557221389305347,0.3897328255213462,-0.37582005623242737
