,Clustering Coefficient,Assortativity,In Centralization
GRNBOOST2,0.0765143028274714,-0.1746430918792461,0.20634920634920634
SINCERITIES,-0.061410531116749933,-0.26525693512776194,0.4522159210249948
