,PageRank,Out Centrality,Betweenness,Clustering Coefficient,Node In Degrees
GRNBOOST2,-0.19417750141322784,0.3439097220515636,0.5808216725802248,-0.013896775816746315,-0.40212932913762345
SINCERITIES,0.3586125435363432,-0.47332277380060583,-0.09472415163142422,-0.03245480364509075,0.14359689422035843
