,Clustering Coefficient,Global Efficiency,Local Efficiency,Shortest Path Length,Assortativity,Centralization
PIDC,0.69483941983942,0.5638285024154589,0.7520720020720021,2.2644927536231885,0.2930260147445128,0.2964426877470356
GRNBOOST2,0.6464963924963925,0.5556111111111112,0.789110149110149,2.3233333333333333,-0.0020096463022503995,0.25
PPCOR,0.5341652661064424,0.5913888888888889,0.6904842047930285,2.0,-0.08620689655172387,0.47644927536231885
SINCERITIES,0.47826282513782514,0.625,0.634836845253512,1.8369565217391304,-0.2811752207831222,0.43873517786561267
ground truth,0.5785556665556666,0.6333333333333333,0.7505567765567766,1.74,-0.4607411844219343,0.7028985507246377
