,Clustering Coefficient,Global Efficiency,Local Efficiency,Shortest Path Length,Assortativity,Centralization
PIDC,0.1162837532837534,-0.0695048309178744,0.0015152255152255378,0.5244927536231885,0.7537671991664471,-0.4064558629776021
GRNBOOST2,0.06794072594072587,-0.07772222222222214,0.038553372553372434,0.5833333333333333,0.45873153811968387,-0.4528985507246377
PPCOR,-0.044390400449224154,-0.04194444444444445,-0.06007257176374803,0.26,0.3745342878702104,-0.22644927536231885
SINCERITIES,-0.10029284141784145,-0.008333333333333304,-0.11571993130326452,0.09695652173913039,0.1795659636388121,-0.264163372859025
