,PageRank,Out Centrality,Betweenness,Clustering Coefficient,Node In Degrees
GRNBOOST2,-0.16583302497238858,0.13441708490839127,0.22147192650244663,-0.25361398284054115,0.09544084097939276
SINCERITIES,0.08381284358036309,-0.04400518253639116,-0.31628169566582676,0.23384151340206022,0.14515593941536098
