,Clustering Coefficient,Assortativity,In Centralization
GRNBOOST2,-0.20715179090575528,-62.40885910610406,-0.23364485981308417
SINCERITIES,-0.5975240770398493,-8.419880724907427,2.3364485981308407
