,Clustering Coefficient,Assortativity,In Centralization
GRNBOOST2,0.35888063080939486,-0.1700981070934439,0.1423611111111111
SINCERITIES,0.18217965489578702,-0.02055253402420612,0.6197916666666666
ground truth,0.4526473374006641,0.0027699278177362534,0.1857638888888889
