,PageRank,Centrality,Betweenness,Radiality,Clustering Coefficient,Local Efficiency,Node Degrees
PIDC,-0.08230769230769232,-0.0836756578129474,-0.07800797861840522,-0.1017544168969544,-0.3255768919074077,-0.32760506514111226,-0.0836756578129474
GRNBOOST2,0.048461538461538466,0.04882815852764722,-0.055995826235983946,0.055598907530238016,-0.26658988591138416,-0.2248421555567539,0.04882815852764722
PPCOR,-0.10615384615384615,-0.13686064306155543,-0.21896298948829584,-0.1987602950057182,-0.19624570122218007,-0.1402096206276605,-0.13686064306155543
SINCERITIES,0.11542901970235867,0.08331730217133508,0.13857816550145358,0.04059081086187559,0.23152867009441835,0.21412049941062752,0.08331730217133508
