,Clustering Coefficient,Global Efficiency,Local Efficiency,Shortest Path Length,Assortativity,Centralization
PIDC,0.5734494394494395,0.6616666666666666,0.7665306545306544,1.7566666666666666,0.06456516631887249,0.2391304347826087
GRNBOOST2,0.4703578643578642,0.6783333333333333,0.7016453583453582,1.6566666666666667,-0.17096973859368003,0.28442028985507245
PPCOR,0.48918947718947725,0.6677777777777778,0.69651776001776,1.72,0.1512325180714762,0.28442028985507245
SINCERITIES,0.3270229144780229,0.6755555555555556,0.48538994393406154,1.6733333333333333,-0.5954006662270254,0.46557971014492755
ground truth,0.6639377771986468,0.6816666666666666,0.8318239610630918,1.6366666666666667,-0.4378103072385177,0.6920289855072463
