,Clustering Coefficient,Global Efficiency,Local Efficiency,Shortest Path Length,Assortativity,Centralization
PIDC,-0.09048833774920728,-0.020000000000000018,-0.06529330653243737,0.11999999999999988,0.5023754735573902,-0.45289855072463764
GRNBOOST2,-0.19357991284078258,-0.0033333333333332993,-0.13017860271773352,0.020000000000000018,0.2668405686448377,-0.4076086956521739
PPCOR,-0.17474830000916952,-0.01388888888888884,-0.13530620104533175,0.08333333333333326,0.589042825309994,-0.4076086956521739
SINCERITIES,-0.3369148627206239,-0.006111111111111067,-0.3464340171290302,0.036666666666666625,-0.15759035898850765,-0.2264492753623188
