,Clustering Coefficient,Assortativity,In Centralization
GRNBOOST2,-0.09376670659126923,-0.17286803491118014,-0.04340277777777779
SINCERITIES,-0.27046768250487707,-0.023322461841942373,0.43402777777777773
