,Clustering Coefficient,Global Efficiency,Local Efficiency,Shortest Path Length,Assortativity,Centralization
PIDC,0.7216428016428018,0.5858333333333333,0.7990419950419949,2.183333333333333,0.22134411947728735,0.23731884057971014
GRNBOOST2,0.6079244829244829,0.6373792270531401,0.7606612523279191,1.8876811594202898,0.24486833474908767,0.32806324110671936
PPCOR,0.4206291486291488,0.6361111111111112,0.5503333333333333,1.83,0.4229637526652446,0.19202898550724637
SINCERITIES,0.5453829754696629,0.6419444444444444,0.6757224256078744,1.7966666666666666,-0.3395778788501572,0.5090579710144928
ground truth,0.4318985458985459,0.6488888888888888,0.6332791005291007,1.7533333333333334,-0.11274550618448949,0.37318840579710144
