,Clustering Coefficient,Assortativity,In Centralization
GRNBOOST2,0.5753767369388427,9.205394999126618,1.0325141776937614
SINCERITIES,0.6570132064039832,-3.18928567126828,3.333333333333333
