,Clustering Coefficient,Assortativity,In Centralization
GRNBOOST2,0.12783841986427824,0.4082331997666374,0.13444195022054187
SINCERITIES,0.14597658324440677,-0.14143578789126002,0.4340277777777778
