,Clustering Coefficient,Global Efficiency,Local Efficiency,Shortest Path Length,Assortativity,Centralization
PIDC,0.2897442557442559,-0.06305555555555553,0.16576289451289417,0.4299999999999997,0.33408962566177686,-0.1358695652173913
GRNBOOST2,0.17602593702593694,-0.011509661835748752,0.1273821517988184,0.1343478260869564,0.3576138409335772,-0.04512516469038208
PPCOR,-0.01126939726939713,-0.012777777777777666,-0.0829457671957674,0.07666666666666666,0.5357092588497341,-0.18115942028985507
SINCERITIES,0.11348442957111693,-0.00694444444444442,0.042443325078773686,0.043333333333333224,-0.22683237266566775,0.13586956521739135
