,PageRank,Out Centrality,Betweenness,Clustering Coefficient,Node In Degrees
GRNBOOST2,-0.09088932591463858,0.35651022096714274,0.004367803488876922,-0.11218671589782023,-0.11770418878959192
SINCERITIES,-0.04096457013632897,0.3180407808273785,0.17491750083027494,-0.07527511213325219,-0.15605452750043228
