,PageRank,Centrality,Betweenness,Radiality,Clustering Coefficient,Local Efficiency,Node Degrees
PIDC,-0.13661730196166405,0.11409173234993694,-0.2498561924706703,-0.15344427244582043,-0.12060305111626615,0.24489038007846722,0.11409173234993694
GRNBOOST2,0.020869565217391303,0.04285724636468571,-0.06521739130434781,-0.22056592519162996,0.2135840014816968,0.4956446463138315,0.04285724636468571
PPCOR,-0.021538461538461538,0.039116446462215994,-0.21461538461538462,-0.3097709961483447,0.18775369683972296,0.4942241047362341,0.039116446462215994
SINCERITIES,-0.14310444580932674,-0.06810663682164787,-0.25509813354221267,-0.09994205325716513,0.1615521880896825,0.31747260165907476,-0.06810663682164787
