,Clustering Coefficient,Assortativity,In Centralization
GRNBOOST2,0.35002053404639244,0.4525803679006903,0.2646502835538752
SINCERITIES,0.36815869742652096,-0.09708861975720717,0.5642361111111112
ground truth,0.2221821141821142,0.04434716813405285,0.13020833333333334
