,Clustering Coefficient,Assortativity,In Centralization
GRNBOOST2,0.46792564574513523,0.1037240721349063,0.13043478260869565
SINCERITIES,0.20542624042624041,0.32343392197334103,0.4791666666666667
ground truth,0.25545877450999055,-0.05736422585190807,0.13194444444444445
