,Clustering Coefficient,Global Efficiency,Local Efficiency,Shortest Path Length,Assortativity,Centralization
PIDC,0.6729841269841269,0.5713888888888888,0.7921164021164023,2.2733333333333334,-0.08242373355723435,0.12318840579710146
GRNBOOST2,0.4796906796906797,0.638888888888889,0.6804061100936102,1.826086956521739,-0.00360876897133201,0.25691699604743085
PPCOR,0.452970177970178,0.643719806763285,0.660255631713965,1.7971014492753623,-0.001320422535214778,0.20948616600790515
SINCERITIES,0.3447425907425907,0.6266666666666667,0.4477645687645688,1.8466666666666667,-0.25874348391685487,0.3496376811594203
ground truth,0.4323338883338883,0.6322222222222222,0.6166157916157917,1.8133333333333332,-0.37476380236103907,0.3496376811594203
