,PageRank,Out Centrality,Betweenness,Clustering Coefficient,Node In Degrees
GRNBOOST2,0.1456838477579135,-0.21588868698744523,-0.35280686781330417,-0.13096537991401708,0.08257651255801535
SINCERITIES,-0.2222551557064955,-0.01067555187679859,-0.20984684871788115,-0.022406819787456646,-0.2693383107108023
