,Clustering Coefficient,Assortativity,In Centralization
GRNBOOST2,0.21246687123514468,0.16108829798681437,-0.001509661835748799
SINCERITIES,-0.050032534083750135,0.3807981478252491,0.3472222222222222
