,Clustering Coefficient,Assortativity,In Centralization
GRNBOOST2,0.8317070793230298,2.808166511349446,-0.011441647597254054
SINCERITIES,-0.19585365262837526,6.6382513172638395,2.631578947368421
