,PageRank,Centrality,Betweenness,Radiality,Clustering Coefficient,Local Efficiency,Node Degrees
PIDC,-0.22854945901067014,-0.22846200928271254,0.012894535212327692,-0.03619126837134879,0.06000803074835163,0.04372953269351818,-0.22846200928271254
GRNBOOST2,-0.1252173913043478,-0.07373167328328611,0.10869565217391304,-0.005919786453790196,0.3224118103265107,0.4344797973772284,-0.07373167328328611
PPCOR,-0.08,-0.047170436414641706,0.07043478260869565,0.032470634943549966,0.16314067999797077,0.2224157166087864,-0.047170436414641706
SINCERITIES,-0.4089336575231533,-0.4245310940875805,-0.37923754136527243,-0.3358454168983252,-0.14144606133874887,-0.26779643051023105,-0.4245310940875805
