,Clustering Coefficient,Global Efficiency,Local Efficiency,Shortest Path Length,Assortativity,Centralization
PIDC,0.2406502386502386,-0.060833333333333406,0.1755006105006106,0.4600000000000002,0.2923400688038047,-0.22644927536231885
GRNBOOST2,0.04735679135679138,0.00666666666666671,0.06379031847781846,0.012753623188405783,0.37115503338970707,-0.09272068511198944
PPCOR,0.020636289636289717,0.011497584541062755,0.04363984009817323,-0.016231884057970936,0.37344337982582426,-0.14015151515151514
SINCERITIES,-0.08759129759129758,-0.005555555555555536,-0.1688512228512229,0.03333333333333344,0.1160203184441842,0.0
