,Clustering Coefficient,Global Efficiency,Local Efficiency,Shortest Path Length,Assortativity,Centralization
PIDC,0.678888888888889,0.7031746031746031,0.7618518518518518,1.6571428571428573,0.0159535895576485,0.15384615384615385
GRNBOOST2,0.5924867724867725,0.7079365079365079,0.7191534391534391,1.6285714285714286,-0.1698176342646832,0.23626373626373626
PPCOR,0.5607936507936508,0.7111111111111111,0.7112125220458554,1.6095238095238096,-0.08342630469815254,0.31868131868131866
SINCERITIES,0.3819576719576719,0.7079365079365079,0.49390652557319226,1.6285714285714286,-0.28574397339983676,0.31868131868131866
ground truth,0.4966666666666667,0.7174603174603175,0.6887301587301587,1.5714285714285714,-0.09823427008206911,0.15384615384615385
