,PageRank,Out Centrality,Betweenness,Clustering Coefficient,Node In Degrees
GRNBOOST2,-0.04110814867583197,-0.016932573281614953,0.20541374149458744,-0.08086282743867855,0.3416352784461141
SINCERITIES,0.28982777008780164,0.3462832544495509,-0.08504865111251245,-0.10053924776274428,0.153850705709517
