,Clustering Coefficient,Global Efficiency,Local Efficiency,Shortest Path Length,Assortativity,Centralization
PIDC,0.3668903803131992,-0.019911504424778844,0.10616885611123901,0.05454545454545463,1.1624035028134294,0.0
GRNBOOST2,0.19292638755726,-0.013274336283185948,0.044173004532534275,0.036363636363636376,-0.7287005250083323,0.5357142857142856
PPCOR,0.1291147331415788,-0.008849557522123862,0.032643210161071405,0.024242424242424298,0.1507413387562748,1.0714285714285712
SINCERITIES,-0.23095770746777478,-0.013274336283185948,-0.2828736780108064,0.036363636363636376,-1.9088013089639086,1.0714285714285712
