,PageRank,Centrality,Betweenness,Radiality,Clustering Coefficient,Local Efficiency,Node Degrees
PIDC,-0.05540663517177352,-0.09715351939480209,0.20448636095023992,0.2411750536286575,0.1067877238759591,-0.023403108139155023,-0.09715351939480209
GRNBOOST2,0.6928571428571427,0.6583331074197988,0.4075068651343343,0.5781308731355758,-0.11780651756442892,-0.36493797212992807,0.6583331074197988
PPCOR,0.4678571428571427,0.5051269382747597,0.3142857142857143,0.3789893699878903,0.08794287999813195,0.03243374865704012,0.5051269382747597
SINCERITIES,0.3178571428571428,0.23313434263531282,0.2984809056027799,0.23664781339672794,-0.030548376538832772,0.01608579730793425,0.23313434263531282
