,Clustering Coefficient,Assortativity,In Centralization
GRNBOOST2,0.8427148657566711,1.3973502368715918,0.6
SINCERITIES,-0.2439681312800998,0.926694514098437,3.0
