,Clustering Coefficient,Assortativity,In Centralization
GRNBOOST2,0.49691552552768065,0.03673990152641528,0.20408163265306123
SINCERITIES,0.20387526054192717,-0.006777991010081611,0.5102040816326531
ground truth,0.26966490299823626,-0.09246226154456323,0.12755102040816327
