,Clustering Coefficient,Global Efficiency,Local Efficiency,Shortest Path Length,Assortativity,Centralization
PIDC,0.18222222222222229,-0.014285714285714346,0.07312169312169303,0.08571428571428585,0.11418785963971761,0.0
GRNBOOST2,0.0958201058201058,-0.009523809523809601,0.030423280423280352,0.05714285714285716,-0.07158336418261407,0.0824175824175824
PPCOR,0.06412698412698414,-0.006349206349206327,0.02248236331569664,0.03809523809523818,0.014807965383916571,0.1648351648351648
SINCERITIES,-0.11470899470899482,-0.009523809523809601,-0.1948236331569665,0.05714285714285716,-0.18750970331776765,0.1648351648351648
