,Clustering Coefficient,Assortativity,In Centralization
GRNBOOST2,0.2272506225294444,0.1292021630709785,0.07653061224489796
SINCERITIES,-0.06578964245630908,0.08568427053448162,0.38265306122448983
