,Clustering Coefficient,Assortativity,In Centralization
GRNBOOST2,0.4757202548807109,0.0335179897274017,0.28061224489795916
SINCERITIES,0.3883231583231583,0.0718210363535578,0.8163265306122449
ground truth,0.43497959953596826,-0.020967483678445187,0.20408163265306123
