,Clustering Coefficient,Global Efficiency,Local Efficiency,Shortest Path Length,Assortativity,Centralization
PIDC,0.5333333333333333,0.6880952380952381,0.6496119929453263,1.7142857142857142,0.11182882519176375,0.25824175824175827
GRNBOOST2,0.658042328042328,0.6857142857142857,0.8222266313932981,1.723809523809524,0.032908318154220156,0.25824175824175827
PPCOR,0.4870899470899471,0.6936507936507936,0.6245546737213404,1.6761904761904762,-0.083403185247276,0.34065934065934067
SINCERITIES,0.6613431013431014,0.7063492063492064,0.8245326278659612,1.6,-0.3504924173765934,0.5879120879120879
ground truth,0.6971672771672772,0.7047619047619048,0.8441269841269842,1.6095238095238096,-0.4177379983726596,0.5879120879120879
