,PageRank,Out Centrality,Betweenness,Clustering Coefficient,Node In Degrees
GRNBOOST2,0.30563014885075074,0.2953023408189852,0.23941495090444445,0.007200722988883947,0.38615936978774473
SINCERITIES,0.30091311254031666,-0.25048266308888045,0.3640728218472825,-0.0018083448741266829,0.41566443797744773
