,Clustering Coefficient,Assortativity,In Centralization
GRNBOOST2,0.0936610714346244,2.598569968691979,0.3749999999999999
SINCERITIES,-0.10726121699174535,4.4253531541980236,3.0
