,Clustering Coefficient,Global Efficiency,Local Efficiency,Shortest Path Length,Assortativity,Centralization
PIDC,-0.1638339438339439,-0.01666666666666672,-0.19451499118165783,0.10476190476190461,0.5295668235644234,-0.32967032967032966
GRNBOOST2,-0.03912494912494924,-0.01904761904761909,-0.021900352733686068,0.11428571428571432,0.4506463165268798,-0.32967032967032966
PPCOR,-0.21007733007733015,-0.011111111111111183,-0.21957231040564373,0.06666666666666665,0.3343348131253836,-0.24725274725274726
SINCERITIES,-0.03582417582417585,0.0015873015873015817,-0.019594356261023016,-0.00952380952380949,0.0672455809960662,0.0
