,Clustering Coefficient,Assortativity,In Centralization
GRNBOOST2,0.04074065534474264,0.05448547340584689,0.07653061224489793
SINCERITIES,-0.046656441212809985,0.09278852003200298,0.6122448979591837
