,PageRank,Centrality,Betweenness,Radiality,Clustering Coefficient,Local Efficiency,Node Degrees
PIDC,0.2607142857142857,0.22999089769236775,0.528429962572887,0.2079948786953557,0.18239834782707645,0.12635893703449386,0.22999089769236775
GRNBOOST2,0.38214285714285706,0.34372265604078034,0.49099472676260464,0.3851084216892175,0.29743434099513927,0.3278688524590163,0.34372265604078034
PPCOR,0.4535714285714285,0.4525668009171825,0.6618900896390768,0.4353376985113845,0.09855737402219931,0.0884512559241457,0.4525668009171825
SINCERITIES,0.0929401622236201,0.013011961631930672,0.14945872902635687,-0.003746606175284276,0.1681829301387512,0.13248726115986148,0.013011961631930672
