,Clustering Coefficient,Global Efficiency,Local Efficiency,Shortest Path Length,Assortativity,Centralization
PIDC,0.7567520199099148,0.7729044834307992,0.8044411728622256,1.5380116959064327,0.03232547298708868,0.2777777777777778
GRNBOOST2,0.7041140677504313,0.7063492063492063,0.7995088875770694,1.6277056277056277,-0.24275604997233508,0.3619047619047619
PPCOR,0.4327763347763348,0.6224444444444445,0.5410378140378139,1.9733333333333334,0.21912365255141433,0.3170289855072464
SINCERITIES,0.18552602952602956,0.6477777777777778,0.2887041847041847,1.78,-0.3245803205209525,0.2717391304347826
ground truth,0.46431746031746035,0.6488888888888888,0.6893492063492063,1.7733333333333334,-0.018181818181811273,0.09057971014492754
