,PageRank,Out Centrality,Betweenness,Clustering Coefficient,Node In Degrees
GRNBOOST2,0.38661153542635357,,0.16515625455189067,-0.23670547627816038,0.4238765921826135
SINCERITIES,0.27279211868296344,,-0.09152086306448588,0.1827315876998075,0.0813948480568215
