,Clustering Coefficient,Assortativity,In Centralization
GRNBOOST2,0.15062170128753338,-0.10867918527721428,0.2456044167436134
SINCERITIES,-0.13939571539571538,0.023071289088633283,0.3038194444444444
