,Clustering Coefficient,Assortativity,In Centralization
GRNBOOST2,0.38278043144626356,-0.1024678853397154,0.33240997229916897
SINCERITIES,0.09276301476301478,0.02928258902613216,0.390625
ground truth,0.23215873015873018,0.006211299937498878,0.08680555555555555
