,Clustering Coefficient,Global Efficiency,Local Efficiency,Shortest Path Length,Assortativity,Centralization
PIDC,0.29243455959245446,0.12401559454191036,0.11509196651301934,-0.2353216374269007,0.05050729116889996,0.18719806763285024
GRNBOOST2,0.23979660743297093,0.057460317460317434,0.11015968122786313,-0.14562770562770577,-0.2245742317905238,0.27132505175983435
PPCOR,-0.031541125541125536,-0.02644444444444438,-0.14831139231139234,0.19999999999999996,0.2373054707332256,0.22644927536231885
SINCERITIES,-0.27879143079143076,-0.0011111111111110628,-0.4006450216450216,0.006666666666666599,-0.30639850233914123,0.18115942028985504
