,PageRank,Centrality,Betweenness,Radiality,Clustering Coefficient,Local Efficiency,Node Degrees
PIDC,-0.1529674024093398,-0.09370555475218662,-0.3497831297407943,-0.0556804277192902,-0.3542126502530474,-0.3327476391767095,-0.09370555475218662
GRNBOOST2,0.1981931112365895,0.16057948228282817,0.06964920327745605,0.2060833585363231,-0.018450191191260592,0.01301273453041346,0.16057948228282817
PPCOR,0.07769230769230769,0.05231807912674313,-0.21307692307692308,0.16007391618014194,-0.10480441020055288,-0.0971798766565136,0.05231807912674313
SINCERITIES,-0.07270629101602889,-0.06908893324242422,0.004232397389086484,0.254681412949462,0.1827315876998075,0.040670805919283494,-0.06908893324242422
