,Clustering Coefficient,Assortativity,In Centralization
GRNBOOST2,0.648787582463736,-17.49701131337999,2.8293628808864266
SINCERITIES,-0.6004327957014952,3.7144058926131116,3.5
