,Clustering Coefficient,Global Efficiency,Local Efficiency,Shortest Path Length,Assortativity,Centralization
PIDC,0.6298159870889043,0.19111992309540982,0.1669574222367593,-0.13270017148133498,2.777901014290553,2.066666666666667
GRNBOOST2,0.5164496878256929,0.08855185909980427,0.15980243425718707,-0.08212088663216491,-12.351582748483501,2.995428571428571
PPCOR,-0.06793008714244868,-0.040753424657534155,-0.21514696897505628,0.11278195488721801,13.051800890332368,2.5
SINCERITIES,-0.6004327957014952,-0.0017123287671232132,-0.5811931281778618,0.0037593984962405627,-16.85191762865917,1.9999999999999998
