,Clustering Coefficient,Global Efficiency,Local Efficiency,Shortest Path Length,Assortativity,Centralization
PIDC,0.38231918953320243,-0.13411026445540103,0.24353972714074834,0.3752276867030965,2.0194131440721215,-0.46583850931677023
GRNBOOST2,0.3794024647926657,-0.08740475123263117,0.2092424243447766,0.2058287795992713,2.000862354336792,-0.46583850931677023
PPCOR,-0.06873145784274082,-0.0291349170775436,-0.10565351946222734,0.05828779599271403,1.3957036920682098,-0.46583850931677023
SINCERITIES,-0.35952412287411184,-0.007074230701771295,-0.2847128299155169,0.0433990654945751,0.7359728885105572,0.002823263692828767
