,Clustering Coefficient,Global Efficiency,Local Efficiency,Shortest Path Length,Assortativity,Centralization
PIDC,0.6319047619047617,0.5366111111111111,0.7832804232804232,2.5166666666666666,0.3364545401999892,0.15579710144927536
GRNBOOST2,0.6305714285714287,0.5655555555555555,0.7616772486772487,2.2066666666666666,0.33033190241859367,0.15579710144927536
PPCOR,0.4257142857142856,0.6016666666666667,0.5633306878306876,1.9366666666666668,0.13060092911733978,0.15579710144927536
SINCERITIES,0.29278314278314277,0.6153381642512078,0.45054486408653077,1.9094202898550725,-0.08714143123725211,0.2924901185770751
ground truth,0.4571337551337551,0.6197222222222222,0.6298796943796945,1.83,-0.3300472847112766,0.2916666666666667
