,Clustering Coefficient,Global Efficiency,Local Efficiency,Shortest Path Length,Assortativity,Centralization
PIDC,0.17477100677100665,-0.08311111111111102,0.15340072890072876,0.6866666666666665,0.6665018249112658,-0.13586956521739132
GRNBOOST2,0.17343767343767358,-0.054166666666666696,0.13179755429755424,0.3766666666666665,0.6603791871298703,-0.13586956521739132
PPCOR,-0.03141946941946949,-0.01805555555555549,-0.06654900654900686,0.10666666666666669,0.46064821382861637,-0.13586956521739132
SINCERITIES,-0.16435061235061232,-0.004384057971014377,-0.17933483029316372,0.07942028985507243,0.2429058534740245,0.0008234519104083904
