,Clustering Coefficient,Assortativity,In Centralization
GRNBOOST2,1.0334906320522843,22.49971816987708,-0.5555555555555556
SINCERITIES,-0.3681835799807223,4.690242831708666,1.746313799621928
