,Clustering Coefficient,Assortativity,In Centralization
GRNBOOST2,0.4921801396990322,0.2607454057696844,0.06944444444444445
SINCERITIES,0.1529230029230029,0.06313712638408527,0.42911153119092627
ground truth,0.24203708241444086,0.011095682249667093,0.15625
