,Clustering Coefficient,Assortativity,In Centralization
GRNBOOST2,0.2501430572845913,0.24964972352001732,-0.08680555555555555
SINCERITIES,-0.08911407949143796,0.05204144413441817,0.27286153119092627
