,PageRank,Centrality,Betweenness,Radiality,Clustering Coefficient,Local Efficiency,Node Degrees
PIDC,0.13081955566267314,0.23007839692170517,0.14481032427168092,0.09677459976575503,-0.16180173805850523,0.05773324029286202,0.23007839692170517
GRNBOOST2,0.11280082221691302,0.17895818110234912,0.28042455642313524,0.1925095115524023,0.3434906848602342,0.13978709357285396,0.17895818110234912
PPCOR,-0.24307692307692308,-0.21891646440169588,-0.2263280116368442,-0.1815367600490822,-0.30864441473488285,-0.09955655471789628,-0.21891646440169588
SINCERITIES,-0.33739130434782605,-0.30468167274332447,-0.2700348432055749,-0.1953469648340162,-0.20753064798598947,0.1363935240786914,-0.30468167274332447
