,PageRank,Out Centrality,Betweenness,Clustering Coefficient,Node In Degrees
GRNBOOST2,0.2927486109163915,0.18582490696362117,0.6334072677435556,0.38140658372068936,0.01680630311871844
SINCERITIES,-0.3638572571497821,-0.3187018469343132,-0.09400826446280991,-0.1325885947777761,-0.4578101199467771
