,PageRank,Centrality,Betweenness,Radiality,Clustering Coefficient,Local Efficiency,Node Degrees
PIDC,-0.4472135954999579,-0.4472135954999579,-0.23570226039551587,-0.4472135954999579,0.4472135954999579,0.4472135954999579,-0.4472135954999579
GRNBOOST2,0.316227766016838,0.316227766016838,0.2721655269759087,0.316227766016838,-0.9486832980505139,-0.9486832980505139,0.316227766016838
PPCOR,-0.6909217801308503,-0.33563850846315924,0.10171668390084186,0.08559302610356441,0.40003556029699877,0.5231552474475615,-0.33563850846315924
SINCERITIES,-0.45454545454545453,-0.6078431372549018,-0.8051941355399507,-0.9624354790229065,0.7525121326622726,0.7452413135250995,-0.6078431372549018
