,PageRank,Out Centrality,Betweenness,Clustering Coefficient,Node In Degrees
GRNBOOST2,0.19999999999999998,0.5443310539518174,-0.05555555555555556,-0.7999999999999999,-0.2721655269759087
SINCERITIES,0.7818181818181817,-0.06030226891555272,-0.19565217391304346,0.35527985620321373,0.420084025208403
