,Clustering Coefficient,Global Efficiency,Local Efficiency,Shortest Path Length,Assortativity,Centralization
PIDC,0.2499999999999999,0.30952380952380953,0.30208333333333337,-0.976190476190476,-0.30303030303031697,0.047619047619047616
GRNBOOST2,0.0,0.22619047619047628,-0.03125,-0.8095238095238095,-0.35064935064935254,0.38095238095238093
PPCOR,0.06249999999999989,0.017857142857142905,0.06249999999999989,-0.1785714285714286,-0.05050505050505433,0.0
SINCERITIES,-0.3452380952380953,0.1071428571428572,-0.32886904761904767,-0.47619047619047605,-5.551115123125783e-15,-0.019047619047619035
