,Clustering Coefficient,Global Efficiency,Local Efficiency,Shortest Path Length,Assortativity,Centralization
PIDC,0.4285714285714284,0.5098039215686275,0.4915254237288136,-0.4555555555555555,-0.833333333333376,0.16666666666666666
GRNBOOST2,0.0,0.3725490196078433,-0.05084745762711864,-0.37777777777777777,-0.9642857142857245,1.3333333333333333
PPCOR,0.10714285714285694,0.029411764705882432,0.1016949152542371,-0.08333333333333336,-0.1388888888889001,0.0
SINCERITIES,-0.5918367346938777,0.17647058823529424,-0.5351089588377724,-0.22222222222222215,-1.526556658859598e-14,-0.06666666666666662
