,Clustering Coefficient,Global Efficiency,Local Efficiency,Shortest Path Length,Assortativity,Centralization
PIDC,0.8333333333333333,0.9166666666666666,0.9166666666666667,1.1666666666666667,-0.6666666666666787,0.3333333333333333
GRNBOOST2,0.5833333333333334,0.8333333333333334,0.5833333333333334,1.3333333333333333,-0.7142857142857143,0.6666666666666666
PPCOR,0.6458333333333333,0.625,0.6770833333333333,1.9642857142857142,-0.4141414141414161,0.2857142857142857
SINCERITIES,0.23809523809523808,0.7142857142857143,0.2857142857142857,1.6666666666666667,-0.3636363636363673,0.26666666666666666
ground truth,0.5833333333333334,0.6071428571428571,0.6145833333333334,2.142857142857143,-0.36363636363636176,0.2857142857142857
