,Clustering Coefficient,Assortativity,In Centralization
GRNBOOST2,0.14014423076923077,-0.23724674672291657,0.3718820861678005
SINCERITIES,0.0006121358799930365,0.1719598288848724,0.177437641723356
