,Clustering Coefficient,Assortativity,In Centralization
GRNBOOST2,0.4375,-0.5882352941176472,0.5555555555555556
SINCERITIES,0.29796790511076227,-0.17902871850985821,0.3611111111111111
ground truth,0.29735576923076923,-0.3509885473947306,0.1836734693877551
