,Clustering Coefficient,Assortativity,In Centralization
GRNBOOST2,0.471301535974131,-0.6759387121999251,2.0246913580246915
SINCERITIES,0.002058597623905442,0.4899300280914352,0.9660493827160492
