,Clustering Coefficient,Assortativity,In Centralization
GRNBOOST2,1.6441970704586435,-3.0447179426133117,0.38278572868373295
SINCERITIES,0.2975421036748977,-0.06749025457206298,1.8292682926829267
