,Clustering Coefficient,Global Efficiency,Local Efficiency,Shortest Path Length,Assortativity,Centralization
PIDC,0.7366618566618567,0.6833333333333333,0.7951210517877185,1.723809523809524,-0.40679447266372,0.5164835164835165
GRNBOOST2,0.6774221809936096,0.7271062271062272,0.7521069538926682,1.5824175824175823,-0.4043545878693614,0.4358974358974359
PPCOR,0.42804232804232806,0.6968253968253969,0.5205996472663139,1.638095238095238,-0.0543406229290925,0.2692307692307692
SINCERITIES,0.44931216931216933,0.6984126984126984,0.6050749559082893,1.6285714285714286,-0.2687149475737636,0.2692307692307692
ground truth,0.4211111111111111,0.6936507936507936,0.5757407407407408,1.6571428571428573,-0.12210733628754337,0.2692307692307692
