,PageRank,Out Centrality,Betweenness,Clustering Coefficient,Node In Degrees
GRNBOOST2,0.04553422044199251,0.22951162341868642,0.31179892703917605,-0.4182783261088412,0.01111301679864954
SINCERITIES,-0.22684616742072009,-0.13876189136289777,0.03388154635894692,0.7334525939177101,-0.3994296601303941
