,Clustering Coefficient,Global Efficiency,Local Efficiency,Shortest Path Length,Assortativity,Centralization
PIDC,0.3155507455507456,-0.01031746031746028,0.21938031104697775,0.06666666666666665,-0.2846871363761766,0.24725274725274732
GRNBOOST2,0.2563110698824985,0.03345543345543356,0.17636621315192746,-0.0747252747252749,-0.282247251581818,0.16666666666666669
PPCOR,0.006931216931216955,0.0031746031746032743,-0.05514109347442686,-0.019047619047619202,0.06776671335845087,0.0
SINCERITIES,0.028201058201058227,0.004761904761904745,0.029334215167548527,-0.028571428571428692,-0.14660761128622019,0.0
