,Clustering Coefficient,Global Efficiency,Local Efficiency,Shortest Path Length,Assortativity,Centralization
PIDC,0.7493289472181294,-0.014874141876430153,0.38104010281559336,0.04022988505747125,-2.3314498950806986,0.9183673469387758
GRNBOOST2,0.6086542556576482,0.04823094525611703,0.30632922194287815,-0.04509283819628658,-2.3114684192043184,0.6190476190476192
PPCOR,0.01645935419022496,0.004576659038901746,-0.09577417329105983,-0.01149425287356331,0.5549765920605378,0.0
SINCERITIES,0.06696821208694566,0.006864988558352379,0.05095038980532713,-0.0172413793103449,-1.200645397267389,0.0
