,Clustering Coefficient,Assortativity,In Centralization
GRNBOOST2,0.6163370271086611,-0.316048266781652,0.2892561983471074
SINCERITIES,0.30244464441093655,0.14413630489436893,0.5918367346938775
ground truth,0.2330904280904281,0.15456814859154475,0.20918367346938777
