,Clustering Coefficient,Assortativity,In Centralization
GRNBOOST2,0.383246599018233,-0.47061641537319676,0.08007252487771965
SINCERITIES,0.06935421632050845,-0.010431843697175813,0.3826530612244898
