,PageRank,Centrality,Betweenness,Radiality,Clustering Coefficient,Local Efficiency,Node Degrees
PIDC,-0.41502749771638875,-0.45446265938069214,-0.05810637262999718,-0.36123763816957966,-0.06279770540338649,-0.1420765453456413,-0.45446265938069214
GRNBOOST2,-0.24835164835164836,-0.2349689234685244,-0.22693578717304924,-0.16759414553929866,-0.17614806159664584,-0.14855912350309508,-0.2349689234685244
PPCOR,-0.457142857142857,-0.41841402981617914,-0.3806972029544439,-0.34849877939281865,-0.02800453890987577,-0.06030625046371388,-0.41841402981617914
SINCERITIES,-0.15,-0.11102205505657683,0.09830209465959819,-0.19005760465760174,0.6391724783369385,0.6283753620789647,-0.11102205505657683
