,Clustering Coefficient,Assortativity,In Centralization
GRNBOOST2,0.4659285783854956,-0.08053317582717107,0.35714285714285715
SINCERITIES,0.32140963017317503,-0.14443680657264063,0.6632653061224489
ground truth,0.2686987682389981,-0.16461237450848243,0.6632653061224489
