,Clustering Coefficient,Global Efficiency,Local Efficiency,Shortest Path Length,Assortativity,Centralization
PIDC,0.826825396825397,0.6571428571428571,0.9031613756613758,1.8761904761904762,-0.1420523138833046,0.18681318681318682
GRNBOOST2,0.6661423761423761,0.6857142857142857,0.7884495751162419,1.7047619047619047,-0.12749045112005772,0.4340659340659341
PPCOR,0.5387830687830688,0.6904761904761905,0.7066666666666667,1.6761904761904762,-0.25189873417721476,0.2692307692307692
SINCERITIES,0.5284992784992785,0.6952380952380952,0.6580479397146064,1.6476190476190475,-0.530936743864501,0.5164835164835165
ground truth,0.4312554112554113,0.7015873015873016,0.6504160654160653,1.6095238095238096,-0.2817270345948888,0.5164835164835165
