,Clustering Coefficient,Global Efficiency,Local Efficiency,Shortest Path Length,Assortativity,Centralization
PIDC,0.39556998556998574,-0.04444444444444451,0.25274531024531044,0.2666666666666666,0.13967472071158418,-0.3296703296703297
GRNBOOST2,0.23488696488696487,-0.015873015873015928,0.13803350970017658,0.09523809523809512,0.15423658347483107,-0.08241758241758246
PPCOR,0.10752765752765753,-0.011111111111111183,0.05625060125060133,0.06666666666666665,0.029828300417674036,-0.24725274725274732
SINCERITIES,0.09724386724386719,-0.006349206349206438,0.007631874298541064,0.03809523809523796,-0.24920970926961217,0.0
