,Clustering Coefficient,Assortativity,In Centralization
GRNBOOST2,0.19722981014649754,0.08407919868131136,-0.3061224489795918
SINCERITIES,0.052710861934176956,0.0201755679358418,0.0
