,Clustering Coefficient,Assortativity,In Centralization
GRNBOOST2,0.7340182891016032,0.5107708271165166,-0.4615384615384615
SINCERITIES,0.1961708357639083,0.12256410246243156,0.0
