,PageRank,Out Centrality,Betweenness,Clustering Coefficient,Node In Degrees
GRNBOOST2,-0.19999999999999998,0.022130162087163417,0.33695061104813906,0.008064516129032258,-0.33706830752709843
SINCERITIES,-0.07905694150420949,-0.4047029380926649,-0.0765437860012612,-0.26415190296635,-0.10024647035944886
