,PageRank,Centrality,Betweenness,Radiality,Clustering Coefficient,Local Efficiency,Node Degrees
PIDC,0.012601673613391167,-0.09761306357816471,-0.1722177948142937,-0.1839815711167102,-0.11997714938568256,-0.15635627086248002,-0.09761306357816471
GRNBOOST2,-0.11974982440351052,-0.12770409055347026,-0.0411449674460213,-0.16183664267927003,-0.1488264543561392,-0.14721747244566633,-0.12770409055347026
PPCOR,-0.20196612175517445,-0.24443021205461157,-0.2414512400024098,-0.3215543458216136,0.32080673421099787,0.2585282442948287,-0.24443021205461157
SINCERITIES,-0.3845538770046368,-0.3674992655910494,-0.6055825072456196,-0.3160092634257209,-0.47771669685468265,-0.44284876919184296,-0.3674992655910494
