,Clustering Coefficient,Assortativity,In Centralization
GRNBOOST2,0.5775744246849182,4.019390520419103,2.0000000000000004
SINCERITIES,-0.26113366458846193,1.8968346584298958,5.999999999999999
