,Clustering Coefficient,Global Efficiency,Local Efficiency,Shortest Path Length,Assortativity,Centralization
PIDC,0.5604648684648684,0.6322222222222222,0.7120071040071041,1.8733333333333333,0.3371767311575792,0.22644927536231885
GRNBOOST2,0.5645945165945165,0.6375,0.7192204647204651,1.8466666666666667,0.2273730684326717,0.22644927536231885
PPCOR,0.5052185592185592,0.65,0.7123171791171791,1.7666666666666666,-0.13752582914153536,0.22644927536231885
SINCERITIES,0.48185619506052935,0.6555555555555556,0.6733794808562611,1.7333333333333334,-0.37999850128770946,0.5434782608695652
ground truth,0.6047619047619047,0.6188888888888888,0.7932142857142856,1.9533333333333334,-0.12781954887223296,0.04528985507246377
