,PageRank,Centrality,Betweenness,Radiality,Clustering Coefficient,Local Efficiency,Node Degrees
PIDC,-0.021157915375034867,-0.03495221802628551,-0.11809963672974007,-0.4125322894195548,0.0628410685905183,0.12098020372964907,-0.03495221802628551
GRNBOOST2,-0.16887863362982372,-0.0349864278984525,-0.1434891351797819,-0.23047636857950515,0.20378560779894653,0.04704841820476285,-0.0349864278984525
PPCOR,-0.04461538461538461,0.028138330394167636,-0.08692307692307692,-0.10902601634350773,-0.0027586563035896738,0.10232531995087354,0.028138330394167636
SINCERITIES,0.22153846153846157,0.35609524309219037,0.3534169105635705,0.4683206814439492,0.2538944275985513,0.17773486310331807,0.35609524309219037
