,Clustering Coefficient,Assortativity,In Centralization
GRNBOOST2,0.47702845698805857,0.3793252065071129,0.13020833333333334
SINCERITIES,0.22341910618396507,0.11266909321965954,0.3038194444444444
ground truth,0.30238095238095236,-0.12562972690742272,0.043402777777777776
