,Clustering Coefficient,Assortativity,In Centralization
GRNBOOST2,0.1746475046071062,0.5049549334145356,0.08680555555555557
SINCERITIES,-0.07896184619698729,0.23829882012708226,0.26041666666666663
