,PageRank,Out Centrality,Betweenness,Clustering Coefficient,Node In Degrees
GRNBOOST2,-0.17349490607528587,,0.1609240398862445,0.09148274941467387,0.0
SINCERITIES,0.35135513897833515,,0.37557411430665655,0.27335679761152176,0.32368237742724526
