,Clustering Coefficient,Global Efficiency,Local Efficiency,Shortest Path Length,Assortativity,Centralization
PIDC,-0.044297036297036296,0.01333333333333342,-0.08120718170718155,-0.08000000000000007,0.46499628002981214,0.18115942028985507
GRNBOOST2,-0.040167388167388185,0.018611111111111134,-0.07399382099382057,-0.10666666666666669,0.35519261730490465,0.18115942028985507
PPCOR,-0.09954334554334554,0.0311111111111112,-0.08089710659710658,-0.18666666666666676,-0.009706280269302398,0.18115942028985507
SINCERITIES,-0.12290570970137538,0.036666666666666736,-0.11983480485802456,-0.21999999999999997,-0.2521789524154765,0.49818840579710144
