,Clustering Coefficient,Global Efficiency,Local Efficiency,Shortest Path Length,Assortativity,Centralization
PIDC,-0.07324706789273719,0.021543985637343048,-0.10237735649712218,-0.04095563139931744,3.637912073172918,4.0
GRNBOOST2,-0.0664185158673348,0.03007181328545785,-0.09328352038842756,-0.054607508532423216,2.7788598883254654,4.0
PPCOR,-0.16459923278820918,0.050269299820466934,-0.10198644685812627,-0.09556313993174066,-0.07593736916568757,4.0
SINCERITIES,-0.2032299136794396,0.05924596050269312,-0.15107494534104854,-0.11262798634812285,-1.9729294512496822,11.0
