,Clustering Coefficient,Assortativity,In Centralization
GRNBOOST2,-0.5342427979454917,0.2950524547127338,0.007242489140141711
SINCERITIES,-0.6091135915017306,-0.06465354823606814,0.05489610440291736
