,PageRank,Centrality,Betweenness,Radiality,Clustering Coefficient,Local Efficiency,Node Degrees
PIDC,-0.037980250809261026,-0.004515505508435266,0.07421587423551754,0.07730371335122362,-0.09438538621013699,-0.09787308476167209,-0.004515505508435266
GRNBOOST2,0.15646516431573892,0.16682907244351927,0.12432539183600701,0.15645545842909372,-0.012027948163832047,-0.01287512476287052,0.16682907244351927
PPCOR,-0.2023634852288939,-0.2122455745520651,-0.048005340619059214,-0.15016202335378773,-0.04695350111200293,-0.15752980579786766,-0.2122455745520651
SINCERITIES,0.013883015097912878,0.0019418349008561242,0.019946873094373763,0.09440632546262698,-0.04412839003828844,-0.044575021048317065,0.0019418349008561242
