,Clustering Coefficient,Assortativity,In Centralization
GRNBOOST2,-0.8611510914353787,7.114623970476118,2.0340821851387934
SINCERITIES,-0.9818360418652886,-1.5589962961145716,15.417791568453577
