,PageRank,Centrality,Betweenness,Radiality,Clustering Coefficient,Local Efficiency,Node Degrees
PIDC,1.4400277246352615,1.5672855628476725,1.8266185706874754,1.9753900281237722,0.9463749625061504,0.9013156627225116,1.5833043788034826
GRNBOOST2,1.8271864048009547,1.9193357678937024,1.9812233983744472,1.9039209100803751,0.9765852249255699,0.892543975864924,1.9193357678937024
PPCOR,0.4426811992573712,0.48273458611558817,0.6174470152719441,0.496122444446464,0.9765852249255699,1.4370852197784247,0.469365117700002
SINCERITIES,0.8533473284676174,0.9970559655225988,1.1062117062364918,1.2908133265614576,1.1062117062364918,1.033309142565507,0.9970559655225988
