,PageRank,Out Centrality,Betweenness,Clustering Coefficient,Node In Degrees
GRNBOOST2,0.091441111923921,0.5525494276795005,0.408876298394712,0.04996481351161154,0.09948415622697127
SINCERITIES,0.0544464609800363,0.04968383017163505,0.0641025641025641,0.05253623188405797,0.07592592592592592
