,PageRank,Out Centrality,Betweenness,Clustering Coefficient,Node In Degrees
GRNBOOST2,0.09998534111207426,0.032509413523284875,0.040106415342979346,-0.03354073177506656,0.1586076536841005
SINCERITIES,0.09252889981675702,-0.027715556499749945,-0.006218069595314431,-0.04957754184110874,0.13260421053297888
