,Clustering Coefficient,Global Efficiency,Local Efficiency,Shortest Path Length,Assortativity,Centralization
PIDC,0.3661037545781253,0.06226818910166638,-0.021764643513845758,-0.03404434953192131,-0.8907787332843935,-0.13876157971721118
GRNBOOST2,,,,,,
PPCOR,-0.3331292921982175,-0.014667817083692719,-0.33114069337776736,0.032504780114722735,0.8068176378523093,-0.5972696245733788
SINCERITIES,0.18355585272937613,0.02693476385189646,0.04784735249764515,-0.029428880206168486,-0.7325179711687859,0.198883028234564
