,Clustering Coefficient,Assortativity,In Centralization
GRNBOOST2,,,
SINCERITIES,0.35669577432138366,-0.09363901141780434,0.718336483931947
ground truth,0.2737744539332999,-0.1355431116271278,0.5208333333333334
