,Clustering Coefficient,Assortativity,In Centralization
GRNBOOST2,,,
SINCERITIES,0.08292132038808375,0.04190410020932345,0.19750315059861367
