,PageRank,Out Centrality,Betweenness,Clustering Coefficient,Node In Degrees
GRNBOOST2,,,,,
SINCERITIES,-0.3140844112840828,0.029582272011411906,-0.4279849039206608,-0.3153312796287446,-0.5780317258032162
