,Clustering Coefficient,Global Efficiency,Local Efficiency,Shortest Path Length,Assortativity,Centralization
PIDC,0.654252164947352,0.683982683982684,0.6741577272994385,1.683982683982684,-0.46067139247215155,0.45714285714285713
GRNBOOST2,,,,,,
PPCOR,0.3193766233766235,0.6344444444444445,0.460949062049062,1.8,-0.047067161379083754,0.213768115942029
SINCERITIES,0.566826623811918,0.6612318840579711,0.7221313204769086,1.6920289855072463,-0.4221125678068992,0.6363636363636364
ground truth,0.47891835649730397,0.6438888888888888,0.6891569833675096,1.7433333333333334,-0.24364109050028204,0.5307971014492754
