,Clustering Coefficient,Global Efficiency,Local Efficiency,Shortest Path Length,Assortativity,Centralization
PIDC,0.1753338084500481,0.04009379509379518,-0.014999256068071176,-0.05935064935064949,-0.2170303019718695,-0.07365424430641826
GRNBOOST2,,,,,,
PPCOR,-0.15954173312068048,-0.009444444444444366,-0.22820792131844764,0.05666666666666664,0.19657392912119828,-0.3170289855072464
SINCERITIES,0.08790826731461399,0.01734299516908222,0.03297433710939901,-0.05130434782608706,-0.17847147730661717,0.10556653491436097
