,Clustering Coefficient,Assortativity,In Centralization
GRNBOOST2,,,
SINCERITIES,0.30288187665707483,0.30915698854988294,0.37920604914933825
