,Clustering Coefficient,Assortativity,In Centralization
GRNBOOST2,0.08968201335159182,0.18007742383554529,0.03347666180375246
SINCERITIES,-0.03887233902956016,0.39316873257031404,0.08575138116248679
