,PageRank,Out Centrality,Betweenness,Clustering Coefficient,Node In Degrees
GRNBOOST2,0.060240963855421686,0.15789473684210525,0.2571428571428571,0.023255813953488372,0.07317073170731707
SINCERITIES,0.034482758620689655,0.30434782608695654,0.21212121212121213,0.043478260869565216,0.061946902654867256
