,PageRank,Out Centrality,Betweenness,Clustering Coefficient,Node In Degrees
GRNBOOST2,0.10898973881678117,-0.060794111519867106,-0.0939142101643619,-0.08430807729926774,0.1797403524310867
SINCERITIES,-0.015706050442027535,0.10068598367020887,0.10112847315341883,-0.03379683043087982,0.0025027051757173474
