,PageRank,Centrality,Betweenness,Radiality,Clustering Coefficient,Local Efficiency,Node Degrees
PIDC,0.07936507936507936,0.10270270270270271,0.05699481865284974,0.05699481865284974,0.0625,0.0625,0.0851063829787234
GRNBOOST2,0.009900990099009901,0.02,0.030303030303030304,0.030303030303030304,0.02,0.02,0.02
PPCOR,0.02857142857142857,0.02857142857142857,0.07462686567164178,0.043478260869565216,0.02857142857142857,0.09090909090909091,0.02857142857142857
SINCERITIES,0.05263157894736842,0.05263157894736842,0.05263157894736842,0.043478260869565216,0.043478260869565216,0.034482758620689655,0.043478260869565216
