,Clustering Coefficient,Assortativity,In Centralization
GRNBOOST2,2.0048701897423147,1.2266955317772275,5.784452359560013
SINCERITIES,-0.8690036141404107,2.6782831362524164,14.817032295773185
