,Clustering Coefficient,Assortativity,In Centralization
GRNBOOST2,4.0249379512693135,1.4888833131750594,0.5061224489795918
SINCERITIES,1.1662895093100953,-0.7600723484810938,4.6875
