,Clustering Coefficient,Assortativity,In Centralization
GRNBOOST2,0.6747386335099643,0.13636360444332604,0.20918367346938777
SINCERITIES,0.29088502932252935,0.013145413123045464,0.7899305555555556
ground truth,0.1342780030427089,0.054789070954623216,0.1388888888888889
