,PageRank,Out Centrality,Betweenness,Clustering Coefficient,Node In Degrees
GRNBOOST2,-0.2321428571428571,-0.07472642699653942,0.14157364316300292,-0.09131606166123127,-0.19512195121951215
SINCERITIES,-0.2795929530679474,0.09375089886325447,-0.004770112519859201,0.059730290396367194,-0.07199812343988307
