,PageRank,Centrality,Betweenness,Radiality,Clustering Coefficient,Local Efficiency,Node Degrees
PIDC,0.2692307692307692,0.2887335399091953,0.19230769230769232,0.29775280898876405,-0.093535164139724,0.12171798674461572,0.2887335399091953
GRNBOOST2,-0.24804186939788575,-0.2587034414077007,0.1962503693326398,-0.2400281726460812,0.18030636299971473,-0.11520851317630838,-0.2587034414077007
PPCOR,-0.33461538461538465,-0.3267228159118399,0.048461538461538466,-0.20909521609005735,0.051767549733832,-0.1344376361991235,-0.3267228159118399
SINCERITIES,0.2553846153846154,0.224450731933729,0.07307692307692308,0.061172804589670185,-0.05800008273789156,-0.03695848109271116,0.224450731933729
