,Clustering Coefficient,Global Efficiency,Local Efficiency,Shortest Path Length,Assortativity,Centralization
PIDC,0.4838423798423799,0.21782051282051285,0.4796025271025271,-0.4956410256410255,-0.30833489421221366,0.07855731225296442
GRNBOOST2,0.3345405242905244,-0.030205314009661755,0.26844065656565647,0.2546376811594202,0.25858417903537906,0.0900856389986825
PPCOR,0.14956487956487968,-0.020000000000000018,0.12047373737373729,0.1266666666666667,0.225598512558915,0.09057971014492755
SINCERITIES,0.2541327561327561,0.002777777777777879,0.3279810004810005,-0.016666666666666607,-0.24054720129432766,0.4981884057971015
