,Clustering Coefficient,Assortativity,In Centralization
GRNBOOST2,0.5404606304672555,0.08157453348870283,0.07029478458049887
SINCERITIES,0.15660702627982045,-0.04164365783157775,0.6510416666666667
