,Clustering Coefficient,Global Efficiency,Local Efficiency,Shortest Path Length,Assortativity,Centralization
PIDC,0.7416028416028416,0.8461538461538461,0.8708014208014208,1.3076923076923077,-0.29205175600739475,0.26515151515151514
GRNBOOST2,0.5923009860509861,0.5981280193236715,0.6596395502645501,2.0579710144927534,0.274867317240198,0.2766798418972332
PPCOR,0.40732534132534143,0.6083333333333333,0.511672631072631,1.93,0.2418816507637339,0.27717391304347827
SINCERITIES,0.5118932178932178,0.6311111111111112,0.7191798941798941,1.7866666666666666,-0.22426406308950875,0.6847826086956522
ground truth,0.25776046176046175,0.6283333333333333,0.39119889369889366,1.8033333333333332,0.016283138204818925,0.18659420289855072
