,Clustering Coefficient,Global Efficiency,Local Efficiency,Shortest Path Length,Assortativity,Centralization
PIDC,0.08353811538577723,0.012952977110750878,-0.12841975953221862,0.002712254458781948,0.2065245043764635,0.2510425354462052
GRNBOOST2,0.24845514245244263,0.006071118820468426,0.05727695386445085,-0.013232514177693815,-0.16316007882207104,0.4587155963302753
PPCOR,-0.39499663030988963,-0.0026019080659150646,-0.3684025631507013,0.005671077504725903,1.2280016704965278,-0.4587155963302752
SINCERITIES,0.12055810131498822,0.017346053772766636,0.05440831577741463,-0.03780718336483931,-0.8127500469418341,0.8027522935779818
