,PageRank,Centrality,Betweenness,Radiality,Clustering Coefficient,Local Efficiency,Node Degrees
PIDC,-0.21787345590064078,-0.20565677781817557,0.07576020778876152,-0.17325762952652218,-0.017845193395118954,-0.05173952343385323,-0.20565677781817557
GRNBOOST2,-0.09155607016833268,-0.10733883482943575,0.010169537767279987,-0.1473952599610005,-0.08170125420691492,-0.06738538346453513,-0.10733883482943575
PPCOR,-0.18384615384615385,-0.17200471042036647,-0.15656857377525799,-0.184496803103779,-0.15410793754222657,-0.11209002437532148,-0.17200471042036647
SINCERITIES,-0.0019460409730629883,-0.009147478862514874,0.00317720862716286,-0.012293414928034752,-0.08617711439722064,-0.055574308378336115,-0.009147478862514874
