,Clustering Coefficient,Assortativity,In Centralization
GRNBOOST2,0.8289596506146052,-5.119008785605093,0.3124999999999999
SINCERITIES,0.22741303011196504,1.3604733176155461,5.0
