,Clustering Coefficient,Assortativity,In Centralization
GRNBOOST2,0.24149008243970355,-0.32746004181694843,0.04340277777777776
SINCERITIES,0.06624929373689548,0.08702869405694307,0.6944444444444444
