,Clustering Coefficient,Global Efficiency,Local Efficiency,Shortest Path Length,Assortativity,Centralization
PIDC,0.04411148165559953,0.008297101449275424,-0.09206722693609959,0.0047826086956521685,0.0859514826736823,0.09914361001317523
GRNBOOST2,0.13119429864940713,0.0038888888888889417,0.04106323145951618,-0.023333333333333428,-0.0679040520167451,0.1811594202898551
PPCOR,-0.20857409257409254,-0.0016666666666667052,-0.2641166944166945,0.010000000000000009,0.5110704157049367,-0.18115942028985504
SINCERITIES,0.06365952176478507,0.011111111111111072,0.0390066355375277,-0.06666666666666665,-0.3382507649088287,0.31702898550724645
