,Clustering Coefficient,Assortativity,In Centralization
GRNBOOST2,0.5328071353995896,-0.2634906181391102,0.18229166666666666
SINCERITIES,0.3575663466967815,0.1509981177347813,0.8333333333333334
ground truth,0.291317052959886,0.06396942367783824,0.1388888888888889
