,Clustering Coefficient,Global Efficiency,Local Efficiency,Shortest Path Length,Assortativity,Centralization
PIDC,0.5721516636957814,0.648852657004831,0.6248569229880504,1.7681159420289856,-0.3302290714604921,0.49407114624505927
GRNBOOST2,0.659234480689589,0.6444444444444445,0.7579873813836662,1.74,-0.48408460615091947,0.5760869565217391
PPCOR,0.31946608946608934,0.6388888888888888,0.4528074555074555,1.7733333333333334,0.09488986157076236,0.213768115942029
SINCERITIES,0.591699703804967,0.6516666666666666,0.7559307854616777,1.6966666666666668,-0.7544313190430031,0.7119565217391305
ground truth,0.5280401820401819,0.6405555555555555,0.71692414992415,1.7633333333333334,-0.4161805541341744,0.39492753623188404
