,PageRank,Out Centrality,Betweenness,Clustering Coefficient,Node In Degrees
GRNBOOST2,-0.3619563447003428,0.006537197860913198,-0.2249941772509237,0.010192652457622105,-0.41182010637958355
SINCERITIES,-0.17643520501118184,0.13348808819060312,-0.24761966016070855,-0.24327239405926399,-0.12747837145815075
