,PageRank,Out Centrality,Betweenness,Clustering Coefficient,Node In Degrees
GRNBOOST2,-0.4793606333573816,,-0.42099082300693663,0.44335430124171016,-0.5276552269575707
SINCERITIES,-0.4114375202411105,,-0.18636037050702642,-0.09467075167797395,-0.21961464797983293
