,Clustering Coefficient,Assortativity,In Centralization
GRNBOOST2,1.0806464292636326,-141299988658266.25,4.0
SINCERITIES,0.2741963803713581,-89587671995503.44,8.999999999999998
