,Clustering Coefficient,Global Efficiency,Local Efficiency,Shortest Path Length,Assortativity,Centralization
PIDC,0.2811884411884412,0.01904761904761909,0.15863654863654852,-0.11428571428571432,-0.5341641076912172,0.5769230769230769
GRNBOOST2,0.19489399489399506,0.012698412698412653,0.07463462463462445,-0.07619047619047614,-0.535895881911853,0.49450549450549447
PPCOR,-0.06380952380952387,0.0174603174603174,-0.12947971781305134,-0.10476190476190483,-0.3056072222474328,0.24725274725274726
SINCERITIES,0.304004884004884,0.01904761904761909,0.17004477004476992,-0.11428571428571432,-0.6910176692519697,0.5769230769230769
