,Clustering Coefficient,Global Efficiency,Local Efficiency,Shortest Path Length,Assortativity,Centralization
PIDC,0.5231799112484288,0.027397260273972667,0.21132159354600835,-0.06779661016949155,-71.57799043070342,6.999999999999999
GRNBOOST2,0.36262025039343443,0.01826484018264834,0.09942165249467168,-0.04519774011299432,-71.81004817626886,6.0
PPCOR,-0.11872415829887786,0.025114155251141464,-0.1724814397143128,-0.062146892655367277,-40.951367781201945,3.0
SINCERITIES,0.565632241355809,0.027397260273972667,0.22651861811715188,-0.06779661016949155,-92.59636767986783,6.999999999999999
