,Clustering Coefficient,Assortativity,In Centralization
GRNBOOST2,0.29040228646719524,-0.44789490722096104,0.30612244897959184
SINCERITIES,0.07368483682043003,-0.2839763995566357,0.6887755102040816
