,Clustering Coefficient,Global Efficiency,Local Efficiency,Shortest Path Length,Assortativity,Centralization
PIDC,0.8186487586487586,0.7142857142857143,0.9093243793243794,1.5714285714285714,-0.541626794258373,0.6593406593406593
GRNBOOST2,0.7323543123543125,0.7079365079365079,0.8253224553224553,1.6095238095238096,-0.5433585684790088,0.5769230769230769
PPCOR,0.47365079365079354,0.7126984126984126,0.6212081128747795,1.5809523809523809,-0.3130699088145886,0.32967032967032966
SINCERITIES,0.8414652014652014,0.7142857142857143,0.9207326007326008,1.5714285714285714,-0.6984803558191255,0.6593406593406593
ground truth,0.5374603174603174,0.6952380952380952,0.7506878306878308,1.6857142857142857,-0.007462686567155806,0.08241758241758242
