,PageRank,Centrality,Betweenness,Radiality,Clustering Coefficient,Local Efficiency,Node Degrees
PIDC,-0.2846921637660083,-0.43878996118488167,-0.21291214605313086,-0.4762229929869888,-0.3602643739834354,-0.2628202283204139,-0.43878996118488167
GRNBOOST2,-0.3378017434666193,-0.6019292654288461,-0.19407036321657062,-0.5510630085975856,0.04243017044965735,0.11935000223781256,-0.6019292654288461
PPCOR,-0.457142857142857,-0.7373633501503365,-0.5022343381699471,-0.719099997234045,-0.01921053210289662,-0.0894605819370375,-0.7373633501503365
SINCERITIES,-0.04464700977364077,-0.23414645289542352,-0.036596252735569997,-0.28379521685354525,-0.006520506636966263,-0.006360273141434805,-0.23414645289542352
