,Clustering Coefficient,Assortativity,In Centralization
GRNBOOST2,0.5591324451973539,-0.44789490722095787,0.3826530612244898
SINCERITIES,0.34241499555058874,-0.2839763995566325,0.7653061224489796
ground truth,0.2687301587301587,3.1698155921596995e-15,0.07653061224489796
