,Clustering Coefficient,Assortativity,In Centralization
GRNBOOST2,0.5966053534861246,0.19843441388985805,0.2766439909297052
SINCERITIES,0.39080272758992635,-0.07527669151403431,0.8246527777777778
ground truth,0.13395073982170755,-0.18536243549916004,0.13020833333333334
