,Clustering Coefficient,Global Efficiency,Local Efficiency,Shortest Path Length,Assortativity,Centralization
PIDC,1.2257850027543953,-0.10400348128807667,0.5628008396838486,0.2892249527410208,3.481947325572205,1.041666666666667
GRNBOOST2,1.7772504052129796,-0.05422106179286342,0.932987445983073,0.13421550094517953,-0.17683550983388407,2.4305555555555554
PPCOR,0.70458580556423,-0.018711923411662282,0.3359443019823357,0.041587901701323204,0.8569884816771081,1.041666666666667
SINCERITIES,1.1560253397010998,0.005221932114882627,0.6822966711148541,-0.011342155009451805,-2.1016511849679365,4.166666666666667
