,Clustering Coefficient,Assortativity,In Centralization
GRNBOOST2,0.46265461366441707,0.3837968493890181,0.14643565759637187
SINCERITIES,0.2568519877682188,0.11008574398512573,0.6944444444444444
