,Clustering Coefficient,Assortativity,In Centralization
GRNBOOST2,3.4539160760158865,2.0705211838390913,1.1246258503401358
SINCERITIES,1.9175107812774794,0.5938945703247656,5.333333333333333
