,PageRank,Centrality,Betweenness,Radiality,Clustering Coefficient,Local Efficiency,Node Degrees
PIDC,0.021542604745490045,-0.075197060194211,0.12738120267411493,-0.0902045835823176,0.030941805220748624,0.039521970498531456,-0.075197060194211
GRNBOOST2,-0.03154452837732471,-0.06156983944898394,0.009059472241688139,0.08532192559707795,-0.1936610656266238,-0.26113524608901584,-0.06156983944898394
PPCOR,-0.013846153846153848,-0.010627863953528658,-0.048461538461538466,0.017502950252061222,0.2651610056130021,0.39599769830646186,-0.010627863953528658
SINCERITIES,0.253125605759508,0.29115637050267934,0.17253675393274154,0.2864106553492732,-0.15076446963212092,-0.21416257930385071,0.29115637050267934
