,Clustering Coefficient,Global Efficiency,Local Efficiency,Shortest Path Length,Assortativity,Centralization
PIDC,0.3102208902208901,-0.06638888888888894,0.23427195397195405,0.51,0.5747517084636137,0.13586956521739132
GRNBOOST2,0.44978540413834517,-0.03461111111111115,0.388366144095556,0.23666666666666658,-0.029189560292201322,0.31702898550724634
PPCOR,0.1783161283161283,-0.011944444444444424,0.1398404595404597,0.07333333333333325,0.14145980622972582,0.13586956521739132
SINCERITIES,0.29256615898721167,0.0033333333333334103,0.2840133899239166,-0.020000000000000018,-0.3469115113498723,0.5434782608695652
