,PageRank,Out Centrality,Betweenness,Clustering Coefficient,Node In Degrees
GRNBOOST2,-0.2795706087962183,-0.010821881908009888,-0.34331795160804773,0.1278341516728464,-0.2889058292992068
SINCERITIES,0.2995521063458007,0.0005964226498330873,0.2214719265024466,-0.266499917291123,0.12524714708664134
