,Clustering Coefficient,Global Efficiency,Local Efficiency,Shortest Path Length,Assortativity,Centralization
PIDC,0.5633002553002552,0.5719444444444444,0.6505328005328005,2.2733333333333334,0.40968553866761825,0.266304347826087
GRNBOOST2,0.7028647692177102,0.6037222222222222,0.8046269906564024,2.0,-0.19425573008819672,0.447463768115942
PPCOR,0.4313954933954934,0.6263888888888889,0.5561013061013061,1.8366666666666667,-0.023606363566269568,0.266304347826087
SINCERITIES,0.5456455240665767,0.6416666666666667,0.7002742364847631,1.7433333333333334,-0.5119776811458677,0.6739130434782609
ground truth,0.25307936507936507,0.6383333333333333,0.41626084656084644,1.7633333333333334,-0.1650661697959954,0.13043478260869565
