,Clustering Coefficient,Assortativity,In Centralization
GRNBOOST2,-0.661564256667113,0.46919857774991414,0.005833523531074613
SINCERITIES,-0.7167369771633475,0.14625106173769853,0.06710127851242284
