,PageRank,Out Centrality,Betweenness,Clustering Coefficient,Node In Degrees
GRNBOOST2,0.08025122121423586,0.5668016194331984,0.40344514959202177,0.03268845897264843,0.20373250388802489
SINCERITIES,0.12175102599179206,0.10363391655450875,0.04859335038363171,0.055341055341055344,0.13573407202216067
