,PageRank,Out Centrality,Betweenness,Clustering Coefficient,Node In Degrees
GRNBOOST2,0.22594017451145185,0.048867993459233094,0.038562297110739975,-0.05823067719477171,0.3419177358360853
SINCERITIES,0.4512121791907203,-0.037271529061416224,-0.009641662768413096,-0.0007646648232074197,0.468523604864238
