,PageRank,Centrality,Betweenness,Radiality,Clustering Coefficient,Local Efficiency,Node Degrees
PIDC,0.08700673440763323,0.17984105707252865,0.06992874433865058,0.20691443946521418,-0.034566796692969866,-0.04073945460409333,0.17984105707252865
GRNBOOST2,0.30704768999697885,0.3516255560943259,0.2513979446166594,0.3208505369262221,-0.055221805571101075,-0.07316144031449695,0.3516255560943259
PPCOR,-0.3978393212008928,-0.4109135866369668,-0.36324388633766796,-0.40848056120052817,0.07073416728999507,0.07121649772550433,-0.4109135866369668
SINCERITIES,0.04042885265921681,0.06565385817238065,0.08670387257662171,0.1690598904080644,-0.0006500005580817644,-0.0003196457439349466,0.06565385817238065
