,Clustering Coefficient,Assortativity,In Centralization
GRNBOOST2,-0.9162219949754696,7.324685955872608,3.1850891208918934
SINCERITIES,-0.9926325016372889,2.28313372789582,36.637128666640386
