,Clustering Coefficient,Assortativity,In Centralization
GRNBOOST2,0.44779758336395153,0.2897438909494167,0.1285444234404537
SINCERITIES,0.1534198709786945,0.19725344217534668,0.5208333333333334
ground truth,0.26449507379844456,-0.005094355219481057,0.2170138888888889
