,Clustering Coefficient,Assortativity,In Centralization
GRNBOOST2,0.18330250956550698,0.29483824616889776,-0.0884694654484352
SINCERITIES,-0.11107520281975006,0.20234779739482775,0.3038194444444445
