,Clustering Coefficient,Global Efficiency,Local Efficiency,Shortest Path Length,Assortativity,Centralization
PIDC,0.2872121212121214,-0.10638888888888887,0.19169264069264058,0.8300000000000003,0.22885818482437742,-0.4981884057971015
GRNBOOST2,0.19187878787878804,-0.05166666666666675,0.06248100048100058,0.3300000000000003,0.348700443438004,-0.4981884057971015
PPCOR,0.04439538239538238,-0.026666666666666727,-0.012730158730158925,0.16000000000000014,0.08001420682168969,-0.5434782608695653
SINCERITIES,-0.22363547563547564,-0.018888888888888844,-0.3177495837495838,0.11333333333333351,-0.07068881651937844,-0.27173913043478265
