,Clustering Coefficient,Global Efficiency,Local Efficiency,Shortest Path Length,Assortativity,Centralization
PIDC,0.7561500721500723,0.5441666666666667,0.862100048100048,2.546666666666667,0.01842906299629145,0.161231884057971
GRNBOOST2,0.660816738816739,0.5988888888888888,0.732888407888408,2.046666666666667,0.13827132160991804,0.161231884057971
PPCOR,0.5133333333333333,0.6238888888888888,0.6576772486772485,1.8766666666666667,-0.13041491500639626,0.11594202898550725
SINCERITIES,0.2453024753024753,0.6316666666666667,0.35265782365782367,1.83,-0.2811179383474644,0.38768115942028986
ground truth,0.46893795093795093,0.6505555555555556,0.6704074074074075,1.7166666666666666,-0.21042912182808596,0.6594202898550725
