,Clustering Coefficient,Assortativity,In Centralization
GRNBOOST2,0.6930280663948795,57.87547853777889,-0.4076672967863894
SINCERITIES,-0.41995187745686957,39.72000158548822,1.4000000000000001
