,PageRank,Out Centrality,Betweenness,Clustering Coefficient,Node In Degrees
GRNBOOST2,0.14093083949543278,0.23716592912776807,-0.32941014709928007,0.190309980854244,0.02621604491336662
SINCERITIES,-0.23804202023961243,0.37713418700097207,-0.17997339720308356,-0.05604951584703961,-0.07365656839198945
