,PageRank,Centrality,Betweenness,Radiality,Clustering Coefficient,Local Efficiency,Node Degrees
PIDC,0.08625342682220935,0.2104387916534459,-0.10672333512855801,-0.19586727454414554,0.31729516583216155,0.37268654425133224,0.2104387916534459
GRNBOOST2,0.14274722103191687,0.1299989406741053,-0.21396963349488793,0.13536915179453748,-0.037051334291781896,0.02273605783889587,0.1299989406741053
PPCOR,-0.016153846153846154,-0.026250092709362526,-0.22538461538461538,-0.0837957196241582,0.04857364589466978,-0.06809001857056675,-0.026250092709362526
SINCERITIES,-0.027702964728566083,-0.026136619764765764,0.14274722103191687,0.013135681340576877,-0.1825383163719529,-0.17650527328673346,-0.026136619764765764
