,PageRank,Centrality,Betweenness,Radiality,Clustering Coefficient,Local Efficiency,Node Degrees
PIDC,0.08705526116578349,0.09869931140015302,0.06686478454680535,0.09035687167805619,0.07888805409466566,0.08295625942684766,0.09869931140015302
GRNBOOST2,0.10165184243964422,0.1377952755905512,0.0946969696969697,0.10305343511450382,0.06839186691312385,0.05990220048899755,0.1377952755905512
PPCOR,0.0182031708749266,0.023008849557522124,0.016412661195779603,0.02120141342756184,0.053462940461725394,0.07037037037037037,0.023008849557522124
SINCERITIES,0.06392199349945829,0.073224043715847,0.07088331515812432,0.06855277475516866,0.06047516198704104,0.06047516198704104,0.07205240174672489
