,Clustering Coefficient,Assortativity,In Centralization
GRNBOOST2,-0.7122202937476404,0.37709725819805234,0.006006239917661555
SINCERITIES,-0.7665701963006792,0.09893583439408896,0.0705402179804534
