,Clustering Coefficient,Assortativity,In Centralization
GRNBOOST2,-0.920176228804733,280.2746510814466,4.041096050500705
SINCERITIES,-0.9903953573611576,73.53330171839018,47.46060766637726
