,PageRank,Out Centrality,Betweenness,Clustering Coefficient,Node In Degrees
GRNBOOST2,0.11436359756283415,0.050341919830910346,0.047032376637700817,-0.04043227510766405,0.17683715140379172
SINCERITIES,0.2747226039131718,-0.03623493065348337,-0.01112239583665447,0.004797316138120285,0.28526685299475346
