,PageRank,Centrality,Betweenness,Radiality,Clustering Coefficient,Local Efficiency,Node Degrees
PIDC,0.04925018815926355,0.1038206972691694,0.03496426956477475,0.10408180949490904,-0.044734008693503295,-0.047305727259088236,0.1038206972691694
GRNBOOST2,0.1647717119913811,0.1871692401807498,0.1067303137434673,0.14273889309808666,-0.017368233431390313,-0.03543168320729488,0.1871692401807498
PPCOR,-0.2425523286846632,-0.24818439958790386,-0.15464509012663122,-0.22589926340690153,0.006195330593252092,0.0073734373304538,-0.24818439958790386
SINCERITIES,0.03149706025669424,0.04044143612251636,0.0350111740901788,0.12477079404363037,0.0007221610089340925,0.0006685098818575803,0.04044143612251636
