,PageRank,Out Centrality,Betweenness,Clustering Coefficient,Node In Degrees
GRNBOOST2,1.5776209677031032,10.465555089253256,5.86590885779444,0.7573128430033126,2.150391470160368
SINCERITIES,1.0254802055053516,0.36729444627273217,0.9855244582389949,1.146314118609253,1.1869175681977018
