,PageRank,Centrality,Betweenness,Radiality,Clustering Coefficient,Local Efficiency,Node Degrees
PIDC,0.039292548421241025,0.1300763388464948,0.04593690619154107,0.1610209050736667,-0.007690892699411807,-0.00028789405085014047,0.1300763388464948
GRNBOOST2,0.13874860881394938,0.14849119984779455,0.0618002241631024,0.13055534516316195,0.027313228425406767,0.030765799782162026,0.14849119984779455
PPCOR,-0.06626918750457325,-0.07691666646228291,-0.015732787664085132,-0.09956925540528459,-0.10517668936700758,-0.1093868776851554,-0.07691666646228291
SINCERITIES,-0.02537790333359976,-0.040021442148202,-0.02405142725539429,0.045113970024637774,-0.06333338530064425,-0.06288086443292006,-0.040021442148202
