,Clustering Coefficient,Assortativity,In Centralization
GRNBOOST2,-0.3103718094151271,0.24479618674212253,0.004612713283950151
SINCERITIES,-0.4423999713235803,-0.10469304339689861,0.0584595975800762
