,PageRank,Out Centrality,Betweenness,Clustering Coefficient,Node In Degrees
GRNBOOST2,0.09057568011803926,0.02641780652751834,0.03400149408154014,0.032517012998877375,0.14661319137313814
SINCERITIES,0.020018516316356146,-0.018026101110844146,-0.013223596409224433,-0.06531737234469936,0.03161566105718925
