,Clustering Coefficient,Assortativity,In Centralization
GRNBOOST2,-0.6885555474580884,6.906257179274215,2.0290257056639303
SINCERITIES,-0.9814581904979668,-2.953628862452716,25.715022575859145
