,PageRank,Out Centrality,Betweenness,Clustering Coefficient,Node In Degrees
GRNBOOST2,0.08318264014466546,0.5498059508408797,0.3092896174863388,0.03993055555555555,0.1144186046511628
SINCERITIES,0.05410821643286573,0.01937984496124031,0.052,0.06048387096774194,0.06262626262626263
