,Clustering Coefficient,Global Efficiency,Local Efficiency,Shortest Path Length,Assortativity,Centralization
PIDC,0.818390977443609,0.6338888888888888,0.8865371762740185,1.7433333333333334,-0.7113725409541056,0.6539855072463768
GRNBOOST2,0.8409943039416723,0.6361111111111112,0.9197467912204754,1.73,-0.7718678578848948,0.6992753623188406
PPCOR,0.34748118548118545,0.6108333333333333,0.5012011692011691,1.8866666666666667,-0.09554798948411865,0.2916666666666667
SINCERITIES,0.6107433679444549,0.6485507246376812,0.8043698174812305,1.7028985507246377,-0.39945773833188314,0.766798418972332
ground truth,0.2786031746031746,0.6130555555555556,0.41716455026455024,1.87,-0.051282051282051044,0.15579710144927536
