,PageRank,Out Centrality,Betweenness,Clustering Coefficient,Node In Degrees
GRNBOOST2,0.20557082790263645,0.07113455286530487,0.056330594502441905,-0.28446696436018276,-0.07462503005773642
SINCERITIES,-0.09784039285957712,-0.26897610203074535,0.1375301953727409,0.009831786540865159,-0.1688558012212366
