,Clustering Coefficient,Assortativity,In Centralization
GRNBOOST2,0.5241316694907667,0.09101804334461958,-0.1736111111111111
SINCERITIES,0.13556103684990806,0.11656293952376232,0.6385081915563957
