,PageRank,Centrality,Betweenness,Radiality,Clustering Coefficient,Local Efficiency,Node Degrees
PIDC,0.11494744340275533,0.17052431684915903,-0.107097288025012,0.0763958526452918,-0.2799326071064239,-0.20934626007198137,0.17052431684915903
GRNBOOST2,-0.18377325330117017,-0.21903908724657434,-0.15032476482422316,-0.31118219872825686,-0.37782601535291827,-0.10168793393305142,-0.21903908724657434
PPCOR,-0.51,-0.4360407782015127,-0.49624928788718137,-0.4096422977577484,0.22654937145448087,0.18946559222427276,-0.4360407782015127
SINCERITIES,-0.10869565217391304,-0.11731909483150922,-0.015893760778446238,-0.11101407188267938,-0.115206987525286,0.06114440857184399,-0.11731909483150922
