,Clustering Coefficient,Global Efficiency,Local Efficiency,Shortest Path Length,Assortativity,Centralization
PIDC,1.937479009739481,0.03398278205709095,1.1251498376643212,-0.06773618538324422,-12.871764548605123,3.197674418604651
GRNBOOST2,2.018609910456094,0.03760761214318087,1.2047577883528364,-0.07486631016042787,-14.051423228755516,3.488372093023256
PPCOR,0.247226224094957,-0.0036248300860897377,0.2014471720651382,0.008912655971479468,-0.8631857949403222,0.8720930232558141
SINCERITIES,1.1921622709947963,0.0578987805598786,0.9281835356602786,-0.08935906378361626,-6.789425897471757,3.9217758985200843
