,Clustering Coefficient,Global Efficiency,Local Efficiency,Shortest Path Length,Assortativity,Centralization
PIDC,0.5397878028404344,0.02083333333333326,0.4693726260094683,-0.1266666666666667,-0.6600904896720545,0.49818840579710144
GRNBOOST2,0.5623911293384978,0.023055555555555607,0.5025822409559252,-0.14000000000000012,-0.7205858066028437,0.5434782608695652
PPCOR,0.06887801087801088,-0.0022222222222222365,0.08403661893661885,0.016666666666666607,-0.0442659382020676,0.13586956521739132
SINCERITIES,0.33214019334128037,0.03549516908212558,0.38720526721668025,-0.1671014492753624,-0.3481756870498321,0.6110013175230566
