,Clustering Coefficient,Assortativity,In Centralization
GRNBOOST2,0.7114119703825587,0.025746476039096723,0.05555555555555555
SINCERITIES,0.32284133774170004,0.05129137221823948,0.8676748582230623
ground truth,0.18728030089179198,-0.06527156730552285,0.22916666666666666
