,Clustering Coefficient,Assortativity,In Centralization
GRNBOOST2,2.7986481599770756,1.3944516288169204,-0.7575757575757576
SINCERITIES,0.7238403409455936,1.785814931915991,2.7862175631551813
