,PageRank,Out Centrality,Betweenness,Clustering Coefficient,Node In Degrees
GRNBOOST2,-0.37140138377525134,0.027022713898112935,-0.18321657851361764,-0.09789944803124803,-0.4739154818575283
SINCERITIES,-0.15247668320363186,-0.06044944852988297,-0.15669093894266853,0.18302693000440912,-0.33406804456554323
