,Clustering Coefficient,Global Efficiency,Local Efficiency,Shortest Path Length,Assortativity,Centralization
PIDC,0.2936543576249459,-0.08256038647342978,0.19922825214001705,0.764782608695652,0.6798815224998168,-0.18115942028985504
GRNBOOST2,0.11250160297219125,-0.006666666666666599,0.07783501574678064,0.039999999999999813,-0.0903689353213302,-0.18115942028985504
PPCOR,-0.06313342866284027,-0.006666666666666599,-0.08787860396683905,0.039999999999999813,0.1815194223000915,-0.2717391304347826
SINCERITIES,0.436723902411882,0.009444444444444478,0.3312561807331631,-0.05666666666666664,-0.3494530288419728,0.27173913043478265
