,Clustering Coefficient,Assortativity,In Centralization
GRNBOOST2,0.5292772265015244,0.8345483160961535,-0.1666666666666667
SINCERITIES,1.066140932549186,1.1391596104775823,0.4999999999999999
