,Clustering Coefficient,Assortativity,In Centralization
GRNBOOST2,0.11811623478059041,0.12199396603094546,-0.08680555555555558
SINCERITIES,0.23792550745202817,0.16652193305536017,0.26041666666666663
