,Clustering Coefficient,Global Efficiency,Local Efficiency,Shortest Path Length,Assortativity,Centralization
PIDC,0.6778642653642654,0.5596618357487924,0.7780525030525031,2.5181159420289854,0.45981875839342917,0.30434782608695654
GRNBOOST2,0.4967115107115107,0.6355555555555555,0.6566592666592667,1.7933333333333332,-0.31043169942771787,0.30434782608695654
PPCOR,0.3210764790764792,0.6355555555555555,0.49094564694564696,1.7933333333333332,-0.03854334180629619,0.213768115942029
SINCERITIES,0.8209338101512015,0.6516666666666666,0.9100804316456491,1.6966666666666668,-0.5695157929483605,0.7572463768115942
ground truth,0.38420990773931946,0.6422222222222221,0.578824250912486,1.7533333333333334,-0.22006276410638767,0.4855072463768116
