,Clustering Coefficient,Assortativity,In Centralization
GRNBOOST2,0.7807135932981141,0.17420390634464794,0.4545454545454544
SINCERITIES,0.1795977624724347,1.1397542892692656,0.3636363636363635
