,Clustering Coefficient,Assortativity,In Centralization
GRNBOOST2,0.17336592458178948,0.02983333463020535,0.21701388888888884
SINCERITIES,0.0398816318956611,0.19518891293235646,0.17361111111111105
