,Clustering Coefficient,Global Efficiency,Local Efficiency,Shortest Path Length,Assortativity,Centralization
PIDC,0.3423135644312115,0.21047619047619048,0.2506038743391683,-0.4476190476190476,0.0991416365654828,-0.1522137283006848
GRNBOOST2,0.2676066417242887,0.0011111111111111738,0.1954945244298184,-0.006666666666666821,-0.038964596358109005,0.1358695652173913
PPCOR,0.04124167335932055,-0.018611111111111134,0.007301935537229465,0.11333333333333329,0.1493692084058357,-0.2717391304347826
SINCERITIES,0.1371434867162421,-0.006111111111111067,0.04819111972765211,0.036666666666666625,-0.18918338151616104,0.09057971014492755
