,PageRank,Out Centrality,Betweenness,Clustering Coefficient,Node In Degrees
GRNBOOST2,-0.39978790216442306,-0.07100090439533221,-0.26467360339683527,0.2530493755075608,-0.46626477253376447
SINCERITIES,-0.3144949909138676,0.16705414053936643,-0.23360413073064287,-0.0071511536735003245,-0.35389134438953995
