,Clustering Coefficient,Assortativity,In Centralization
GRNBOOST2,0.39542677515492664,-0.14142192167376397,0.6944444444444444
SINCERITIES,0.26194248246879825,0.023933656628387145,0.6510416666666666
ground truth,0.22206085057313715,-0.17125525630396932,0.4774305555555556
