,Clustering Coefficient,Assortativity,In Centralization
GRNBOOST2,0.3413816864970234,0.011513055693213056,0.2708333333333333
SINCERITIES,0.4570953613390529,-0.10234612926640874,0.8350694444444444
ground truth,0.169815392015392,-0.1604001004306694,0.140625
