,PageRank,Centrality,Betweenness,Radiality,Clustering Coefficient,Local Efficiency,Node Degrees
PIDC,-0.20911536500314523,-0.17146396136127193,-0.2076999433764589,-0.15693665825381437,0.023402425553082994,0.005371550259736006,-0.17146396136127193
GRNBOOST2,-0.013089515206058167,-0.003552398491194688,0.47688808536585664,0.39549485797577955,0.010636250317959742,-0.1749858095510466,-0.003552398491194688
PPCOR,0.07461538461538461,0.003738695979656024,0.24769230769230768,0.13354099999642086,0.03919675686120898,-0.02387370750312178,0.003738695979656024
SINCERITIES,-0.18325704569369244,-0.17824177908783687,-0.1870816203334907,-0.1478016061965582,0.13376858678356462,0.16116119804859616,-0.17824177908783687
