,Clustering Coefficient,Global Efficiency,Local Efficiency,Shortest Path Length,Assortativity,Centralization
PIDC,0.47637125837125843,0.18761904761904757,0.42176023236023236,-0.4419047619047618,-0.1727823957277952,0.2048494983277592
GRNBOOST2,0.29852125652125655,-0.036388888888888915,0.2621584637584637,0.24,0.13388895739112786,0.13586956521739132
PPCOR,0.01644444444444454,-0.0022222222222222365,0.004638095238095219,0.01333333333333342,0.12084679804249832,0.0
SINCERITIES,0.4544199101178506,0.016111111111111076,0.41033660039426617,-0.09666666666666668,-0.4807685756737061,0.588768115942029
