,PageRank,Out Centrality,Betweenness,Clustering Coefficient,Node In Degrees
GRNBOOST2,-0.043548459347750194,0.10469028505031086,0.02251193750694822,-0.0068501971057658975,-0.19267613633730013
SINCERITIES,-0.28032231250525025,-0.12077809056945547,-0.2391788727978175,0.0986660957269179,-0.5282957028679374
