,Clustering Coefficient,Assortativity,In Centralization
GRNBOOST2,0.17156629448163138,0.17191315612388247,0.13020833333333331
SINCERITIES,0.28727996932366084,0.05805397116426067,0.6944444444444444
