,Clustering Coefficient,Global Efficiency,Local Efficiency,Shortest Path Length,Assortativity,Centralization
PIDC,1.526054575276583,0.2993920972644376,0.8926052526117025,-0.2436974789915966,-1.8830352619147928,1.4497041420118344
GRNBOOST2,0.9563123746994389,-0.05806737588652486,0.5548271359248319,0.1323529411764706,1.4591627051270435,0.9615384615384618
PPCOR,0.052679751855995424,-0.0035460992907801643,0.0098159756515429,0.007352941176470636,1.317025273581809,0.0
SINCERITIES,1.4557334657492418,0.025709219858155972,0.868428497397818,-0.05330882352941178,-5.239562612850752,4.166666666666668
