,Clustering Coefficient,Assortativity,In Centralization
GRNBOOST2,1.0103106228797014,1.0717771102530538,0.9259259259259258
SINCERITIES,1.6917192600398785,0.3619322619399085,4.938271604938271
