,Clustering Coefficient,Global Efficiency,Local Efficiency,Shortest Path Length,Assortativity,Centralization
PIDC,0.7885299885299886,0.8142857142857143,0.8942649942649943,1.3714285714285714,-0.2645397829750732,0.34615384615384615
GRNBOOST2,0.6106799866799867,0.5902777777777778,0.7346632256632256,2.0533333333333332,0.04213157014384985,0.27717391304347827
PPCOR,0.3286031746031747,0.6244444444444445,0.47714285714285715,1.8266666666666667,0.029089410795220313,0.14130434782608695
SINCERITIES,0.7665786402765807,0.6427777777777778,0.8828413622990281,1.7166666666666666,-0.5725259629209841,0.730072463768116
ground truth,0.31215873015873014,0.6266666666666667,0.4725047619047619,1.8133333333333332,-0.091757387247278,0.14130434782608695
