,Clustering Coefficient,Assortativity,In Centralization
GRNBOOST2,0.07222024969951968,-0.04760973737211739,-0.2604166666666667
SINCERITIES,0.29676799493079165,-0.01517023153201359,0.3038194444444444
