,Clustering Coefficient,Assortativity,In Centralization
GRNBOOST2,0.30945711968728395,-3.5703500285213825,-0.5
SINCERITIES,1.2716235309175905,-1.1376461953499715,0.5833333333333333
