,Clustering Coefficient,Assortativity,In Centralization
GRNBOOST2,0.30559749360491273,-0.06094449082536197,0.2604166666666667
SINCERITIES,0.5301452388361847,-0.02850498498525817,0.8246527777777778
ground truth,0.23337724390539305,-0.01333475345324458,0.5208333333333334
