,PageRank,Centrality,Betweenness,Radiality,Clustering Coefficient,Local Efficiency,Node Degrees
PIDC,-0.07568642938526651,-0.22312174399100845,-0.2634900491349059,-0.2375508612772633,-0.3055911513278073,-0.381023080689333,-0.22312174399100845
GRNBOOST2,-0.15307692307692308,-0.19113303832070652,0.03923076923076923,-0.13332100454584467,0.09322261953053636,-0.02907760931970676,-0.19113303832070652
PPCOR,0.13153846153846155,0.12398653323407106,0.09769230769230769,-0.05026342474026971,0.13662920415364976,0.25740671393625986,0.12398653323407106
SINCERITIES,-0.19672771383222715,-0.21900555522166107,-0.19678439810500226,-0.1669259692997978,-0.12397316738145497,-0.19012650382057955,-0.21900555522166107
