,Clustering Coefficient,Global Efficiency,Local Efficiency,Shortest Path Length,Assortativity,Centralization
PIDC,0.3164238251092472,-0.02280412823891098,0.21005796439044522,0.2996706192358365,0.5093636771956469,-0.18626482213438733
GRNBOOST2,-0.015114375820258097,-0.01333333333333342,-0.05122290128172491,0.08333333333333326,0.014571979080731934,-0.2717391304347826
PPCOR,-0.07180701651289884,0.0,-0.07058725914608266,0.0,0.20553737021421142,-0.2717391304347826
SINCERITIES,0.3270148572654967,0.01388888888888884,0.2778820790841251,-0.08333333333333348,-0.3070176811043349,0.2717391304347826
