,PageRank,Out Centrality,Betweenness,Clustering Coefficient,Node In Degrees
GRNBOOST2,-0.09061377586651707,0.13975968722702486,-0.15115158040379517,0.13271620741441667,0.09934465883553893
SINCERITIES,-0.18023115806586237,-0.05704442056687381,-0.3727101187736079,-0.04793197111094207,-0.21719796133100144
