,Clustering Coefficient,Global Efficiency,Local Efficiency,Shortest Path Length,Assortativity,Centralization
PIDC,0.8192538884887564,-0.03584928456772032,0.3633530176237319,0.16803959957149708,2.8757260093389903,-0.4196660482374768
GRNBOOST2,-0.039132676430264836,-0.020960698689956463,-0.08860409461819893,0.04672897196261678,0.08226935120446123,-0.6122448979591837
PPCOR,-0.18591576496699616,0.0,-0.12210007695230309,0.0,1.1604069702620645,-0.6122448979591837
SINCERITIES,0.8466751620737056,0.021834061135371098,0.48067347635101665,-0.046728971962616904,-1.7333366519960116,0.6122448979591837
