,Clustering Coefficient,Global Efficiency,Local Efficiency,Shortest Path Length,Assortativity,Centralization
PIDC,0.7026579700492744,0.6133069828722002,0.788167830559135,2.08300395256917,0.3322384310694597,0.25757575757575757
GRNBOOST2,0.3711197691197691,0.6227777777777778,0.5268869648869648,1.8666666666666667,-0.1625532670454553,0.1721014492753623
PPCOR,0.3144271284271284,0.6361111111111112,0.5075226070226071,1.7833333333333334,0.028412124088024168,0.1721014492753623
SINCERITIES,0.7132490022055239,0.65,0.8559919452528149,1.7,-0.48414292723052216,0.7155797101449275
ground truth,0.3862341449400272,0.6361111111111112,0.5781098661686898,1.7833333333333334,-0.17712524612618724,0.4438405797101449
