,Clustering Coefficient,Global Efficiency,Local Efficiency,Shortest Path Length,Assortativity,Centralization
PIDC,0.6312169312169312,0.6257142857142858,0.6720899470899472,2.019047619047619,0.4354863813229556,0.3131868131868132
GRNBOOST2,0.6734920634920634,0.6444444444444445,0.7483509700176367,1.8952380952380952,-0.07446393762183207,0.3956043956043956
PPCOR,0.5129251700680273,0.6923076923076923,0.6414399092970521,1.7032967032967032,-0.0037593984962414804,0.21794871794871795
SINCERITIES,0.5918274318274317,0.6777777777777778,0.7178985212318546,1.6761904761904762,-0.39631085576050756,0.6428571428571429
ground truth,0.35555555555555546,0.6730158730158731,0.5360582010582011,1.7047619047619047,-0.2113891285591097,0.14835164835164835
