,Clustering Coefficient,Assortativity,In Centralization
GRNBOOST2,0.4994474641248835,-0.08716014010513516,0.5102040816326531
SINCERITIES,0.33888057929724597,0.15087977293975802,0.7397959183673469
ground truth,0.20937600525835823,0.024276596854657766,0.20408163265306123
