,Clustering Coefficient,Assortativity,In Centralization
GRNBOOST2,0.2900714588665253,-0.11143673695979292,0.30612244897959184
SINCERITIES,0.12950457403888774,0.12660317608510024,0.5357142857142857
