,PageRank,Centrality,Betweenness,Radiality,Clustering Coefficient,Local Efficiency,Node Degrees
PIDC,-0.33482663285687775,-0.1559170631096822,-0.007287437447865928,-0.25775203787408507,-0.04617846665964481,-0.028751691738664428,-0.1559170631096822
GRNBOOST2,0.06810079585960212,-0.05520454374175989,0.08516182437707137,-0.24044713073766244,0.40096926878410627,0.17196154588579915,-0.05520454374175989
PPCOR,0.09010989010989012,0.052571737565406416,0.3080309894763904,0.003370863118577904,-0.28252645984200436,-0.2961371163788688,0.052571737565406416
SINCERITIES,-0.5469171084697645,-0.42262823310737446,-0.432843655349805,-0.3518391183225255,0.049738013235706,-0.0770614268937603,-0.42262823310737446
