,Clustering Coefficient,Assortativity,In Centralization
GRNBOOST2,1.385409271270571,-4.590294827028543,1.5
SINCERITIES,0.6185263391527905,5.2150298018731505,2.625
