,PageRank,Out Centrality,Betweenness,Clustering Coefficient,Node In Degrees
GRNBOOST2,-0.02617435124285944,-0.031024593890761804,-0.15915880439067553,0.35125673653900047,0.03165823396198924
SINCERITIES,-0.1840013829827521,0.19685335045361568,-0.2539981054929051,0.10233541611000282,-0.18071192735219632
