,Clustering Coefficient,Global Efficiency,Local Efficiency,Shortest Path Length,Assortativity,Centralization
PIDC,0.2756613756613758,-0.04730158730158729,0.13603174603174606,0.3142857142857143,0.6468755098820653,0.16483516483516483
GRNBOOST2,0.3179365079365079,-0.02857142857142858,0.2122927689594356,0.19047619047619047,0.13692519093727765,0.24725274725274723
PPCOR,0.15736961451247183,0.019291819291819223,0.10538170823885096,-0.00146520146520146,0.20762973006286822,0.0695970695970696
SINCERITIES,0.23627187627187624,0.004761904761904745,0.18184032017365348,-0.02857142857142847,-0.18492172720139785,0.4945054945054945
