,Clustering Coefficient,Global Efficiency,Local Efficiency,Shortest Path Length,Assortativity,Centralization
PIDC,0.7752976190476196,-0.0702830188679245,0.2537630163351922,0.18435754189944134,3.060117207972607,1.1111111111111112
GRNBOOST2,0.8941964285714288,-0.04245283018867926,0.39602559673625154,0.11173184357541899,0.6477399848828551,1.6666666666666665
PPCOR,0.44260204081632715,0.02866473149492007,0.19658631848337194,-0.0008594757198109123,0.9822157434402297,0.46913580246913583
SINCERITIES,0.6645146520146521,0.007075471698113182,0.33921749506806004,-0.01675977653631279,-0.8747929870465836,3.3333333333333335
