,Clustering Coefficient,Global Efficiency,Local Efficiency,Shortest Path Length,Assortativity,Centralization
PIDC,1.0921428198023944,-0.08700854700854704,0.6254305505997888,0.2209302325581396,4.743108660070517,-0.5291005291005292
GRNBOOST2,0.9224737309843692,-0.046581196581196686,0.661291649024752,0.11046511627906974,1.1527271258899523,-0.39682539682539686
PPCOR,0.5779674034993177,-0.060683760683760773,0.4040248282631838,0.14534883720930233,3.185368916656677,-0.2645502645502646
SINCERITIES,0.2896397736823267,0.011705685618729115,0.20339722356838427,0.00480283114256821,-0.20704114042293917,-0.13419913419913423
