,PageRank,Out Centrality,Betweenness,Clustering Coefficient,Node In Degrees
GRNBOOST2,0.1992690938957829,-0.1345922165678622,-0.07467284737678193,-0.3975677170396163,0.1742710450611717
SINCERITIES,0.11009301435490448,0.42332439077261874,-0.2599928219600749,-0.2693571165266154,0.10503257681558274
