,PageRank,Centrality,Betweenness,Radiality,Clustering Coefficient,Local Efficiency,Node Degrees
PIDC,-0.21478066410435218,-0.12913654774684943,-0.11703563067917648,-0.1961776289590613,-0.3757482769811361,-0.3902393137000873,-0.12913654774684943
GRNBOOST2,-0.18,-0.24200435611761556,-0.10232737254107771,-0.3182394296665183,-0.5040515261248122,-0.6623636865935542,-0.24200435611761556
PPCOR,0.1476923076923077,0.09561829694416339,0.3127524581800608,0.12835033936897894,0.32740297649204636,0.28351025718163864,0.09561829694416339
SINCERITIES,0.09999999999999999,0.07065889757529256,-0.02695652173913043,0.0015463189730803187,-0.2925395176081752,-0.43286901027484503,0.07065889757529256
