,Clustering Coefficient,Assortativity,In Centralization
GRNBOOST2,1.678468962277877,4.9072683563783155,0.0
SINCERITIES,0.24657810472727706,5.121765076380915,4.139357277882798
