,Clustering Coefficient,Assortativity,In Centralization
GRNBOOST2,0.26278117928437517,0.3194849849568078,0.0
SINCERITIES,0.03860427961563509,0.3334496749608187,0.35931920814954843
