,Clustering Coefficient,Assortativity,In Centralization
GRNBOOST2,0.4193412260830664,0.2543805395189399,0.08680555555555555
SINCERITIES,0.19516432641432635,0.26834522952295076,0.44612476370510395
ground truth,0.15656004679869126,-0.06510444543786792,0.08680555555555555
