,Clustering Coefficient,Global Efficiency,Local Efficiency,Shortest Path Length,Assortativity,Centralization
PIDC,0.30146608946608955,-0.05655555555555558,0.2710579605579607,0.3800000000000001,0.6272589351180193,-0.1811594202898551
GRNBOOST2,0.25463203463203465,-0.030277777777777848,0.28659995189995213,0.18999999999999995,0.15244398585138813,-0.13586956521739132
PPCOR,0.15953735153735138,-0.039444444444444504,0.17510200910200935,0.25,0.4212534980361172,-0.09057971014492755
SINCERITIES,0.07994977244977242,0.007608695652173925,0.08815117290117302,0.008260869565217321,-0.027380440671874118,-0.045948616600790526
