,Clustering Coefficient,Assortativity,In Centralization
GRNBOOST2,0.2641510285738226,-0.14390242103797024,0.2170138888888889
SINCERITIES,0.30066721085595854,-0.026942862966489612,0.8680555555555556
ground truth,0.14232395582985638,0.01924867290656018,0.1736111111111111
