,PageRank,Centrality,Betweenness,Radiality,Clustering Coefficient,Local Efficiency,Node Degrees
PIDC,0.1469223745962465,0.14954382510181982,-0.4211084962019178,0.03803290073131078,0.021875106812305756,0.014492784685090632,0.14954382510181982
GRNBOOST2,0.12692307692307694,0.033841362593706896,-0.22923076923076924,-0.04187010167569286,0.4361456414760358,0.43269787052987635,0.033841362593706896
PPCOR,-0.06225296442687748,-0.14227742041983713,-0.06225296442687748,-0.06835283730649759,0.23411168318673767,0.0784653561495639,-0.14227742041983713
SINCERITIES,0.06461538461538462,0.17333129120105445,-0.04001539349681767,0.1445031161907573,-0.5049545606382737,-0.3948556174864558,0.17333129120105445
