,PageRank,Out Centrality,Betweenness,Clustering Coefficient,Node In Degrees
GRNBOOST2,-0.11694556861837453,-0.0069009057543700176,0.08420870692527573,0.2631985367439461,-0.24140933168416834
SINCERITIES,0.28220321660495806,0.47659561752707247,0.22027006589813505,-0.6157418863568725,0.18062206169611109
