,Clustering Coefficient,Global Efficiency,Local Efficiency,Shortest Path Length,Assortativity,Centralization
PIDC,0.7662954329620996,0.7799564270152505,0.8678253331031108,1.4705882352941178,0.32210276813679967,0.21323529411764705
GRNBOOST2,0.3629033189033189,0.6111111111111112,0.4955103415103415,1.93,-0.06249999999999801,0.1793478260869565
PPCOR,0.45145554928163617,0.6305006587615283,0.6264670514670515,1.9881422924901186,0.11322463768116157,0.21645021645021645
SINCERITIES,0.5240583571018352,0.6466666666666666,0.7604832848311109,1.7066666666666668,-0.32317445160605796,0.7681159420289855
ground truth,0.2613333333333333,0.6325,0.40704814814814816,1.7933333333333332,0.07983193277310974,0.13405797101449277
