,Clustering Coefficient,Assortativity,In Centralization
GRNBOOST2,0.12182707274396623,-0.16315109394453042,0.04340277777777779
SINCERITIES,0.15834325502610216,-0.04619153587304979,0.6944444444444444
