,Clustering Coefficient,Global Efficiency,Local Efficiency,Shortest Path Length,Assortativity,Centralization
PIDC,0.5049620996287663,0.14745642701525052,0.46077718495496267,-0.32274509803921547,0.24227083536368993,0.07917732310315428
GRNBOOST2,0.10156998556998559,-0.02138888888888879,0.08846219336219335,0.13666666666666671,-0.14233193277310774,0.04528985507246375
PPCOR,0.19012221594830286,-0.0019993412384716747,0.21941890331890335,0.19480895915678542,0.03339270490805184,0.08239224543572368
SINCERITIES,0.26272502376850193,0.01416666666666666,0.3534351366829628,-0.08666666666666645,-0.4030063843791677,0.6340579710144927
