,Clustering Coefficient,Assortativity,In Centralization
GRNBOOST2,0.8559843073052754,-8.475965836009742,0.25000000000000006
SINCERITIES,1.1125551851256603,-2.399725741991655,4.0
