,PageRank,Out Centrality,Betweenness,Clustering Coefficient,Node In Degrees
GRNBOOST2,0.09730848861283643,0.46005509641873277,0.32169576059850374,0.058941058941058944,0.08941418293936279
SINCERITIES,0.057926829268292686,0.03736920777279522,0.03427719821162444,0.051515151515151514,0.0563165905631659
