,Clustering Coefficient,Assortativity,In Centralization
GRNBOOST2,-0.2670882086227124,0.36845527450617555,-0.0003838178798876088
SINCERITIES,-0.43373782988064224,0.2708834804382074,0.018494799686888646
