,PageRank,Centrality,Betweenness,Radiality,Clustering Coefficient,Local Efficiency,Node Degrees
PIDC,0.05168191680054701,0.05756404346849255,0.1066736734170175,0.1237314594989817,0.04500335982481725,0.046624712793973115,0.05756404346849255
GRNBOOST2,0.1456256041560009,0.14301864279705456,0.06164419633185247,0.1526420098610053,0.03807633211032002,0.03530621345665928,0.14301864279705456
PPCOR,0.28091818163625687,0.29480864128992024,0.2732982788163192,0.21355298129112735,-0.044151155224016796,-0.04509894070856877,0.29480864128992024
SINCERITIES,0.06688487644876552,0.06766482974206525,0.036839082716993585,-0.04246061873902856,0.02116451908507225,0.021742723542655298,0.06766482974206525
