,Clustering Coefficient,Assortativity,In Centralization
GRNBOOST2,-0.6090268798531717,5.606225858234707,-0.06773455956365995
SINCERITIES,-0.989029049873339,4.121623647908562,3.263884192618516
