,Clustering Coefficient,Assortativity,In Centralization
GRNBOOST2,1.0421861023512637,-1.4716472637290205,-0.5415381554074221
SINCERITIES,-0.5469162270858522,-1.3285876911831012,1.0526315789473686
