,Clustering Coefficient,Global Efficiency,Local Efficiency,Shortest Path Length,Assortativity,Centralization
PIDC,0.26122451874654196,-0.07750929368029758,0.2219585022448891,0.17368421052631583,0.6560597228352459,-0.48701298701298706
GRNBOOST2,0.3117047082689061,-0.0833643122676579,0.22288871452857326,0.19473684210526324,1.5056977659146102,-0.32467532467532473
PPCOR,0.03467720199168702,0.005131727816389084,0.10032111358121548,0.0144927536231884,0.40946770790226905,-0.1641086186540732
SINCERITIES,-0.5977707551977338,-0.032527881040892256,-0.5465200698782495,0.0684210526315789,0.25500862801463053,0.3246753246753245
