,Clustering Coefficient,Assortativity,In Centralization
GRNBOOST2,0.507235168805452,-0.06091585776198614,0.07561436672967864
SINCERITIES,0.11253627853627854,-0.04243892119757807,0.3385416666666667
ground truth,0.24837852349570327,0.12915554153831502,0.16493055555555555
