,PageRank,Centrality,Betweenness,Radiality,Clustering Coefficient,Local Efficiency,Node Degrees
PIDC,0.7687572143131973,0.6942773050783403,0.5629088110811851,0.2588445828879055,-0.007785135709175322,-0.025009740681784392,0.6942773050783403
GRNBOOST2,0.3836829010802162,0.2765962776734955,0.22185854629751778,0.2479723565108374,-0.10826641124272175,-0.13314021842047538,0.2765962776734955
PPCOR,0.13481191882075577,0.16585130338905202,0.18890101958554464,0.23995653778625184,-0.16058900020250155,-0.12020074384259641,0.16585130338905202
SINCERITIES,0.22658203919810063,0.2334577275231206,0.28599002353937575,0.12724470112319694,0.036102539026475915,-0.0456533578958713,0.2334577275231206
