,Clustering Coefficient,Global Efficiency,Local Efficiency,Shortest Path Length,Assortativity,Centralization
PIDC,0.10628860028860021,-0.04633333333333345,0.12246151996152,0.33000000000000007,0.28111367821936284,-0.13586956521739132
GRNBOOST2,0.12682828282828285,-0.049833333333333285,0.12297474747474746,0.3700000000000001,0.6451733318328219,-0.09057971014492755
PPCOR,0.014109668109668072,0.003067632850241475,0.055350328683661965,0.02753623188405796,0.1754519740718254,-0.04578392621870883
SINCERITIES,-0.2432245532245533,-0.019444444444444486,-0.30153239353239353,0.1299999999999999,0.10926812133667352,0.0905797101449275
