,PageRank,Out Centrality,Betweenness,Clustering Coefficient,Node In Degrees
GRNBOOST2,-0.4202741017428279,0.2671697340390012,-0.10251562645391978,-0.024225286851391088,-0.2498270507762636
SINCERITIES,-0.22959541420811916,-0.01729677040511861,-0.2597152318097398,0.004293709085003604,-0.35002451004474117
