,Clustering Coefficient,Assortativity,In Centralization
GRNBOOST2,0.2588566453097488,-0.19007139930030115,-0.08931618882587691
SINCERITIES,-0.13584224495942473,-0.17159446273589307,0.17361111111111113
