,Clustering Coefficient,Global Efficiency,Local Efficiency,Shortest Path Length,Assortativity,Centralization
PIDC,0.5131746031746032,0.5514444444444444,0.6741931216931217,2.23,-0.14737426035503118,0.1431159420289855
GRNBOOST2,0.5337142857142858,0.5479444444444446,0.6747063492063492,2.27,0.21668539325842784,0.18840579710144928
PPCOR,0.42099567099567103,0.6008454106280193,0.6070819304152637,1.9275362318840579,-0.25303596450256866,0.233201581027668
SINCERITIES,0.16366144966144966,0.5783333333333334,0.2501992081992082,2.03,-0.3192198172377205,0.3695652173913043
ground truth,0.40688600288600296,0.5977777777777779,0.5517316017316017,1.9,-0.42848793857439404,0.27898550724637683
