,Clustering Coefficient,Assortativity,In Centralization
GRNBOOST2,-0.28442308273631395,0.9999999999999937,1.3809523809523805
SINCERITIES,0.12907953205767642,-0.18637444944292916,10.287477954144618
