,Clustering Coefficient,Assortativity,In Centralization
GRNBOOST2,-0.13055000555000557,0.2219761319978983,0.09666666666666665
SINCERITIES,0.059247419247419164,-0.041370679390579534,0.7201234567901234
