,Clustering Coefficient,Global Efficiency,Local Efficiency,Shortest Path Length,Assortativity,Centralization
PIDC,0.7857142857142857,0.8253968253968254,0.8904761904761905,1.380952380952381,-0.1807228915662704,0.23333333333333334
GRNBOOST2,0.8095238095238094,0.8333333333333334,0.9031746031746032,1.3333333333333333,-0.4933333333333319,0.4666666666666667
PPCOR,0.5066666666666666,0.7074074074074074,0.5833333333333333,1.6444444444444444,-0.3076923076923098,0.2777777777777778
SINCERITIES,0.7048412698412698,0.7222222222222222,0.789457671957672,1.5555555555555556,-0.6265750286368835,0.6944444444444444
ground truth,0.6424242424242425,0.6545454545454545,0.7268398268398267,1.8,-0.24183006535947713,0.4111111111111111
