,Clustering Coefficient,Global Efficiency,Local Efficiency,Shortest Path Length,Assortativity,Centralization
PIDC,0.14329004329004325,0.1708513708513708,0.1636363636363638,-0.4190476190476191,0.06110717379320674,-0.17777777777777776
GRNBOOST2,0.16709956709956697,0.17878787878787883,0.17633477633477646,-0.4666666666666668,-0.2515032679738548,0.05555555555555558
PPCOR,-0.13575757575757585,0.05286195286195283,-0.14350649350649347,-0.15555555555555567,-0.0658622423328327,-0.1333333333333333
SINCERITIES,0.06241702741702737,0.06767676767676767,0.0626178451178453,-0.24444444444444446,-0.38474496327740637,0.2833333333333333
