,Clustering Coefficient,Assortativity,In Centralization
GRNBOOST2,0.32844932844932845,-1.425220768239408e-15,0.16666666666666666
SINCERITIES,0.5182467532467532,-0.26334681138847926,0.7901234567901234
ground truth,0.458999333999334,-0.22197613199789973,0.07
