,PageRank,Out Centrality,Betweenness,Clustering Coefficient,Node In Degrees
GRNBOOST2,0.07207499701564472,0.24509803921568624,-0.16216874328520064,-0.6891701072450419,-0.08606629658238703
SINCERITIES,-0.2991830368027063,-0.611819914212553,-0.41119596982930745,0.4299086281658331,-0.23773324129598286
