,PageRank,Centrality,Betweenness,Radiality,Clustering Coefficient,Local Efficiency,Node Degrees
PIDC,0.6,0.4411764705882353,0.39629696195060854,0.4248308880277656,0.6735753140545635,0.6478835438717,0.4411764705882353
GRNBOOST2,0.2882999880625789,0.2286647801900118,0.11538461538461539,0.16514456476895412,0.07844645405527362,-0.01941839093451543,0.2286647801900118
PPCOR,0.31192806408361334,0.38541943464376666,-0.053291797898648914,0.3344264605159577,-0.5516902572256425,-0.580675716820097,0.38541943464376666
SINCERITIES,-0.25309124168672226,-0.1548198437790769,-0.3289851959992626,-0.18437499999999998,0.04699680384646104,0.13918276739973903,-0.1548198437790769
