,PageRank,Out Centrality,Betweenness,Clustering Coefficient,Node In Degrees
GRNBOOST2,0.19839150013118906,,-0.5254693787258522,0.06654687022366214,0.45740310498808895
SINCERITIES,0.18565104062437557,,0.12202338252299409,0.4510334255351548,0.11650321563616058
