,Clustering Coefficient,Global Efficiency,Local Efficiency,Shortest Path Length,Assortativity,Centralization
PIDC,0.11222222222222222,0.0031746031746032743,0.12478835978835956,-0.01904761904761898,0.10922389315524521,0.08241758241758243
GRNBOOST2,0.11825396825396817,-0.0015873015873014706,0.11160052910052898,0.00952380952380949,0.21761856054299086,0.08241758241758243
PPCOR,0.12476190476190474,0.0015873015873016927,0.11710317460317465,-0.00952380952380949,0.06367122696602731,0.08241758241758243
SINCERITIES,0.19605579605579598,0.006349206349206438,0.24362714446047773,-0.03809523809523818,-0.21811216308037024,0.41208791208791207
