,PageRank,Centrality,Betweenness,Radiality,Clustering Coefficient,Local Efficiency,Node Degrees
PIDC,-0.1928571428571428,-0.29101338692370476,0.08757822978764203,-0.26633163477615585,0.14390521866240671,0.1388888888888889,-0.29101338692370476
GRNBOOST2,-0.10357142857142855,-0.001998218383448869,0.035714285714285705,-0.19218558657729004,0.15356720906669746,0.15232974910394267,-0.001998218383448869
PPCOR,-0.021428571428571425,-0.0672773437018233,-0.007142857142857141,-0.3687756346421888,0.5637756588129282,0.6153856000622315,-0.0672773437018233
SINCERITIES,0.0857142857142857,0.17268427639743997,0.1857142857142857,0.020581503220118633,0.5045821397297181,0.4263916892084311,0.17268427639743997
