,Clustering Coefficient,Global Efficiency,Local Efficiency,Shortest Path Length,Assortativity,Centralization
PIDC,0.31090589270008795,0.004640371229698522,0.2402954661232802,-0.011363636363636322,0.5904916723705353,0.6521739130434784
GRNBOOST2,0.32761653474054503,-0.002320185614849018,0.21490066225165536,0.005681818181818161,1.1765003429355263,0.6521739130434784
PPCOR,0.3456464379947229,0.0023201856148493422,0.2254966887417219,-0.005681818181818161,0.34422257078507984,0.6521739130434784
SINCERITIES,0.5431624956690918,0.009280742459396883,0.46913428734620766,-0.02272727272727278,-1.1791688816532335,3.260869565217391
