,Clustering Coefficient,Global Efficiency,Local Efficiency,Shortest Path Length,Assortativity,Centralization
PIDC,0.4731746031746032,0.6873015873015873,0.644100529100529,1.6571428571428573,-0.0757472051106536,0.2087912087912088
GRNBOOST2,0.47920634920634914,0.6825396825396826,0.6309126984126984,1.6857142857142857,0.03264746227709205,0.2087912087912088
PPCOR,0.4857142857142857,0.6857142857142857,0.636415343915344,1.6666666666666667,-0.12129987129987149,0.2087912087912088
SINCERITIES,0.557008177008177,0.6904761904761905,0.7629393137726471,1.638095238095238,-0.40308326134626904,0.5384615384615384
ground truth,0.36095238095238097,0.684126984126984,0.5193121693121694,1.6761904761904762,-0.1849710982658988,0.12637362637362637
