,Clustering Coefficient,Assortativity,In Centralization
GRNBOOST2,0.24680231303045125,0.006534332691843801,1.0
SINCERITIES,0.625870817124567,3.160503327558305,8.999999999999998
