,Clustering Coefficient,Assortativity,In Centralization
GRNBOOST2,0.25866721170126744,0.07875736555981772,0.15306122448979592
SINCERITIES,0.3373104673104673,0.3255430747255649,0.7653061224489796
ground truth,0.20746449456975774,0.07824607964359397,0.07653061224489796
