,Clustering Coefficient,Assortativity,In Centralization
GRNBOOST2,0.0512027171315097,0.0005112859162237499,0.07653061224489796
SINCERITIES,0.12984597274070958,0.2472969950819709,0.6887755102040816
