,Clustering Coefficient,Global Efficiency,Local Efficiency,Shortest Path Length,Assortativity,Centralization
PIDC,0.4862962962962963,0.6936507936507936,0.6333245149911816,1.6571428571428573,-0.031175059952037953,0.2692307692307692
GRNBOOST2,0.5604232804232804,0.6777777777777778,0.7143606701940034,1.7619047619047619,0.06595576619273283,0.2692307692307692
PPCOR,0.48915343915343906,0.6952380952380952,0.6509435626102291,1.6476190476190475,-0.26486976804457585,0.3516483516483517
SINCERITIES,0.39597505668934246,0.7234432234432234,0.5316893424036281,1.6043956043956045,-0.1890824205422878,0.34615384615384615
ground truth,0.5556613756613757,0.7015873015873016,0.7604100529100529,1.6095238095238096,-0.33178474641889455,0.3516483516483517
