,PageRank,Out Centrality,Betweenness,Clustering Coefficient,Node In Degrees
GRNBOOST2,0.45397694624614443,0.22234326751144026,0.4360537319446505,0.15827338129496404,0.5476413074034753
SINCERITIES,-0.38478980375403277,-0.4036805576624505,-0.07933660831266848,0.36303652331146014,-0.12457801866868123
