,Clustering Coefficient,Global Efficiency,Local Efficiency,Shortest Path Length,Assortativity,Centralization
PIDC,-0.12483336507331952,-0.011312217194570253,-0.16712764045204434,0.02958579881656808,0.906038296550626,-0.23437500000000008
GRNBOOST2,0.008569796229289427,-0.03393665158371044,-0.06055861905010427,0.0946745562130177,1.1987908332273371,-0.23437500000000008
PPCOR,-0.11969148733574587,-0.009049773755656234,-0.14395718452287787,0.023668639053254354,0.20168190098117184,0.0
SINCERITIES,-0.287380634981092,0.031152105812739184,-0.3007860162173312,-0.0031861629494765475,0.43010514321968873,-0.0156250000000001
