,PageRank,Out Centrality,Betweenness,Clustering Coefficient,Node In Degrees
GRNBOOST2,10.86206896551724,3.6206896551724133,3.6206896551724133,0.0,3.6206896551724133
SINCERITIES,0.0,0.0,0.0,0.0,0.0
