,Clustering Coefficient,Assortativity,In Centralization
GRNBOOST2,0.046023202632958726,0.3466568086471692,-0.22959183673469385
SINCERITIES,-0.03699938949938947,0.5097107260770548,0.016030672624079256
