,PageRank,Centrality,Betweenness,Radiality,Clustering Coefficient,Local Efficiency,Node Degrees
PIDC,-0.22499999999999998,-0.20683295982527075,-0.2591600677389407,-0.24228715038380955,-0.3050687592472016,-0.33243821527553313,-0.20683295982527075
GRNBOOST2,0.37499999999999994,0.3706478172807427,0.16681674731180718,0.367756037053954,0.27017552255090305,0.1719178184861097,0.3706478172807427
PPCOR,0.26809662179890414,0.3652517310921315,0.25313059033989266,0.34799468661476723,0.0467505233490657,0.0849142171213304,0.3652517310921315
SINCERITIES,-0.3318681318681319,-0.19340171787530075,-0.3447136563876652,-0.21923992222621744,-0.11277118128819488,-0.1357619201937673,-0.19340171787530075
