,Clustering Coefficient,Assortativity,In Centralization
GRNBOOST2,0.3414932881030442,0.09090373122995257,0.20408163265306123
SINCERITIES,0.258470695970696,0.2539576486598382,0.44970414201183434
ground truth,0.29547008547008546,-0.25575307741721665,0.4336734693877551
