,Clustering Coefficient,Assortativity,In Centralization
GRNBOOST2,0.1557626470366263,1.3554355323813325,-0.5294117647058824
SINCERITIES,-0.125222116616389,1.9929798351773123,0.036964845109641584
