,Clustering Coefficient,Assortativity,In Centralization
GRNBOOST2,0.7029869306757585,-0.099379856171359,0.3668639053254438
SINCERITIES,0.3606190795406482,0.0537924726103462,0.7397959183673469
ground truth,0.2531393298059964,-0.22341019822783553,0.20408163265306123
