,PageRank,Centrality,Betweenness,Radiality,Clustering Coefficient,Local Efficiency,Node Degrees
PIDC,0.0035778232561757646,-0.04226769448044989,-0.09767040773899062,-0.0037639761845247813,0.12432513156747138,0.014375567347734017,-0.04226769448044989
GRNBOOST2,0.23928571428571427,0.10905344609116241,0.32466485229502257,0.2606398650412012,-0.06853045813995486,-0.03054808061393479,0.10905344609116241
PPCOR,0.3071428571428571,0.15437781422626962,0.19302956769521099,0.17016359379698096,0.14878323148805986,0.30341162004045874,0.15437781422626962
SINCERITIES,0.3107142857142856,0.2546226627122656,0.43181897059171365,0.34004210682614233,0.4034302601209919,0.3906392221469542,0.2546226627122656
