,Clustering Coefficient,Assortativity,In Centralization
GRNBOOST2,0.44984760086976205,0.12403034205647653,0.16278227267238254
SINCERITIES,0.1074797497346518,0.27720267083818173,0.5357142857142857
