,Clustering Coefficient,Assortativity,In Centralization
GRNBOOST2,1.7770751041117199,0.555168667501872,0.7976331360946745
SINCERITIES,0.4245873204176659,1.2407789484859961,2.625
