,Clustering Coefficient,Global Efficiency,Local Efficiency,Shortest Path Length,Assortativity,Centralization
PIDC,0.5240514905149052,-0.02660753880266066,0.2360113778767929,0.07228915662650605,0.6519193413759811,1.0714285714285712
GRNBOOST2,0.42457091237579037,-0.037694013303769425,0.18327929504903254,0.10843373493975908,1.1686716506647319,0.5357142857142856
PPCOR,0.132421778763242,-0.01330376940133033,0.007575004113901939,0.036144578313253024,1.0981229955539014,1.6071428571428572
SINCERITIES,0.476278576888333,-0.006651884700665165,0.20924674354945105,0.01807228915662658,-0.6447858911666623,2.6785714285714284
