,Clustering Coefficient,Global Efficiency,Local Efficiency,Shortest Path Length,Assortativity,Centralization
PIDC,0.24555555555555558,-0.01904761904761898,0.15694444444444455,0.11428571428571432,0.1982061654370958,0.1648351648351648
GRNBOOST2,0.19894179894179892,-0.026984126984127,0.12187830687830703,0.17142857142857149,0.3553168495421357,0.0824175824175824
PPCOR,0.062049062049061965,-0.00952380952380949,0.0050372775372776735,0.05714285714285716,0.3338676034179939,0.24725274725274726
SINCERITIES,0.2231705331705332,-0.004761904761904745,0.13914631664631683,0.028571428571428692,-0.1960373483418072,0.41208791208791207
