,PageRank,Out Centrality,Betweenness,Clustering Coefficient,Node In Degrees
GRNBOOST2,0.6725811861180906,0.14799799316081902,0.39392698952754485,-0.1261061946902655,0.20054184728783195
SINCERITIES,-0.07666071791759971,-0.40240793121843454,0.2421098859583216,0.2821205091992801,0.18089551937409218
