,Clustering Coefficient,Global Efficiency,Local Efficiency,Shortest Path Length,Assortativity,Centralization
PIDC,0.7141269841269842,0.6968253968253969,0.821931216931217,1.6952380952380952,-0.10582863282299217,0.31868131868131866
GRNBOOST2,0.6675132275132275,0.6888888888888889,0.7868650793650794,1.7523809523809524,0.05128205128204774,0.23626373626373626
PPCOR,0.5306204906204905,0.7063492063492064,0.6700240500240501,1.638095238095238,0.029832805157905908,0.4010989010989011
SINCERITIES,0.6917419617419618,0.7111111111111111,0.8041330891330892,1.6095238095238096,-0.5000721466018951,0.5659340659340659
ground truth,0.4685714285714286,0.7158730158730159,0.6649867724867724,1.5809523809523809,-0.30403479826008795,0.15384615384615385
