,Clustering Coefficient,Global Efficiency,Local Efficiency,Shortest Path Length,Assortativity,Centralization
PIDC,0.35215827447406384,0.07827485380116961,0.2783928967718443,-0.11596491228070183,0.09213083637011492,0.07498579141801648
GRNBOOST2,0.2121119554679926,-0.004444444444444473,0.16635836609211208,0.026666666666666616,-0.22635772850968972,0.31702898550724634
PPCOR,0.05423487623487627,-0.008333333333333304,0.05873685573685572,0.050000000000000044,0.0394606766106055,-0.045289855072463775
SINCERITIES,0.41843978243978247,0.00666666666666671,0.36047630823283006,-0.040000000000000036,-0.34955164495820557,0.49818840579710144
