,Clustering Coefficient,Global Efficiency,Local Efficiency,Shortest Path Length,Assortativity,Centralization
PIDC,0.6665842929000823,0.7266081871345029,0.7839630155419631,1.6140350877192982,-0.008204758760083303,0.32679738562091504
GRNBOOST2,0.526537973894011,0.6438888888888888,0.6719284848622309,1.7566666666666666,-0.32669332363988796,0.5688405797101449
PPCOR,0.3686608946608947,0.64,0.5643069745069745,1.78,-0.06087491851959273,0.20652173913043478
SINCERITIES,0.7328658008658009,0.655,0.8660464270029489,1.69,-0.4498872400884038,0.75
ground truth,0.3144260184260184,0.6483333333333333,0.5055701187701188,1.73,-0.10033559513019823,0.25181159420289856
