,Clustering Coefficient,Assortativity,In Centralization
GRNBOOST2,1.363595827154342,-0.291744080192841,2.75
SINCERITIES,1.9129724627657785,0.2359502384276113,4.0
