,PageRank,Out Centrality,Betweenness,Clustering Coefficient,Node In Degrees
GRNBOOST2,-0.28354368681475917,0.038932055107450486,-0.24298412941684253,-0.039876139942179825,-0.3638737622645595
SINCERITIES,-0.2119424820749569,0.20784789367268902,-0.31436689711707333,-0.11462777036272778,-0.22151658530710167
