,Clustering Coefficient,Assortativity,In Centralization
GRNBOOST2,0.4141936654700267,-0.0501799307203193,0.6510416666666666
SINCERITIES,0.5104657606452198,-0.029680773994222816,0.8680555555555556
ground truth,0.17523878689898362,-0.03884665042384253,0.1736111111111111
