,Clustering Coefficient,Assortativity,In Centralization
GRNBOOST2,0.23895487857104306,-0.011333280296476775,0.4774305555555555
SINCERITIES,0.3352269737462361,0.009165876429619711,0.6944444444444444
