,PageRank,Centrality,Betweenness,Radiality,Clustering Coefficient,Local Efficiency,Node Degrees
PIDC,-0.21939449237996528,-0.11706378969296799,-0.3472535859292483,-0.1844120132328242,0.048586875769627766,0.0632411616085143,-0.11706378969296799
GRNBOOST2,-0.12120047068747661,-0.08263198470301307,-0.047710661476974905,-0.07361112943120464,0.06964625958788345,0.004234027428580419,-0.08263198470301307
PPCOR,0.12846153846153846,0.13548355191692607,0.1323076923076923,0.1679093798124671,-0.018962917877630554,-0.17041739111164445,0.13548355191692607
SINCERITIES,-0.05886880004820292,0.010512657830126714,-0.14920015224311783,-0.03120720099532704,-0.053144149291336706,-0.1100808269479225,0.010512657830126714
