,Clustering Coefficient,Assortativity,In Centralization
GRNBOOST2,0.6376637779649831,-0.37987724279830515,-0.40476370510396975
SINCERITIES,0.1206124737306302,-2.3102297824049205,0.37920604914933825
