,Clustering Coefficient,Assortativity,In Centralization
GRNBOOST2,0.17113510190371917,-0.03309694228240212,-0.21081442974165093
SINCERITIES,0.03236976710300854,-0.20127960602246214,0.19750315059861367
