,PageRank,Out Centrality,Betweenness,Clustering Coefficient,Node In Degrees
GRNBOOST2,-0.1914291974812053,-0.4260352493415815,-0.1896161562015053,-0.23195993624601238,-0.3025549385060631
SINCERITIES,-0.49435640723963886,0.4126724605132534,-0.09925515095093335,-0.08946130939927427,-0.716022224599378
