,Clustering Coefficient,Global Efficiency,Local Efficiency,Shortest Path Length,Assortativity,Centralization
PIDC,0.8498281959760676,0.3087350159324261,0.46255627697897606,-0.25210084033613445,0.9704031928700005,-0.18481012658227858
GRNBOOST2,0.3277156551311699,-0.03568357695614814,0.23954132271545073,0.08571428571428566,0.6360238157613319,-0.21097046413502113
PPCOR,-0.2010482122205989,-0.016337059329320867,-0.17079379217370855,0.03619047619047614,1.5863589817504726,-0.6329113924050632
SINCERITIES,0.018641685312752003,0.036487345321320426,0.03309794664933981,-0.04968944099378879,-0.3726764127419244,0.45454545454545436
