,Clustering Coefficient,Assortativity,In Centralization
GRNBOOST2,0.4848805718507515,-0.17797921206763612,0.18181818181818182
SINCERITIES,0.09392294108754831,-0.33338187094241983,0.23356009070294784
ground truth,0.2419926618546956,-0.012788236141284205,0.09027777777777778
