,Clustering Coefficient,Assortativity,In Centralization
GRNBOOST2,0.24288790999605592,-0.1651909759263519,0.09154040404040405
SINCERITIES,-0.14806972076714728,-0.3205936348011356,0.14328231292517007
