,Clustering Coefficient,Global Efficiency,Local Efficiency,Shortest Path Length,Assortativity,Centralization
PIDC,1.0322362210463576,0.4524704966930359,0.6299716755188522,-0.3193473193473193,0.6779237185403753,-0.31851851851851853
GRNBOOST2,0.6984493497149751,-0.07430378961731676,0.5145423096741136,0.1965811965811967,0.6718799180423968,-0.39971139971139974
PPCOR,0.33421523182311386,-0.09006181645268654,0.27311764313735476,0.2170940170940172,1.0447787720952673,-0.5291005291005292
SINCERITIES,-0.639626122848205,0.052300053726587255,-0.5921994092598178,-0.025419025419025434,-0.14913421115890818,0.04308390022675733
