,Clustering Coefficient,Global Efficiency,Local Efficiency,Shortest Path Length,Assortativity,Centralization
PIDC,0.38985370185370183,0.2643181818181818,0.31960914270914265,-0.6227272727272726,0.3798415637712924,-0.10905797101449277
GRNBOOST2,0.26378948828948834,-0.043405797101449206,0.26104733414733394,0.3833333333333335,0.37645521429053275,-0.13685770750988144
PPCOR,0.12622599622599617,-0.05261111111111105,0.13856320716320725,0.42333333333333356,0.5853909396210065,-0.1811594202898551
SINCERITIES,-0.24157320457320458,0.030551948051948052,-0.3004458023458024,-0.04956709956709959,-0.08356009744040849,0.014751552795031042
