,PageRank,Centrality,Betweenness,Radiality,Clustering Coefficient,Local Efficiency,Node Degrees
PIDC,0.5949672328179225,0.6226249370991613,0.35715802695372684,0.6588399436217507,-0.4080597267868366,-0.451393726381871,0.6226249370991613
GRNBOOST2,0.16663041508023096,0.11372431853182645,0.13638386445269693,0.1843025974173721,-0.2750498753521258,-0.491439133289473,0.11372431853182645
PPCOR,0.07733743747595229,0.07659340726264177,0.051918987512846584,0.004247925022397223,-0.30384249992319007,-0.5037740349801945,0.07659340726264177
SINCERITIES,0.3003698354924547,0.33782083376267924,0.2510740798861748,0.38290753690438356,0.004259226770572264,0.16376938817913023,0.33782083376267924
