,Clustering Coefficient,Assortativity,In Centralization
GRNBOOST2,1.0036994846641172,-12.917416765011605,1.0139860139860142
SINCERITIES,-0.6118769041685062,-25.06941780392721,1.58712715855573
