,PageRank,Out Centrality,Betweenness,Clustering Coefficient,Node In Degrees
GRNBOOST2,0.0,0.0,2.4427586206896557,2.4427586206896557,0.0
SINCERITIES,2.331566994700984,0.0,2.331566994700984,0.0,5.828917486752459
