,PageRank,Out Centrality,Betweenness,Clustering Coefficient,Node In Degrees
GRNBOOST2,-0.4578074874153235,0.2879254301019065,0.36110060220303625,-0.1399454225278015,-0.302547762375664
SINCERITIES,0.435661141582549,0.35147870576241136,0.02336779378328109,0.14716465014193386,0.508254716981132
