,Clustering Coefficient,Global Efficiency,Local Efficiency,Shortest Path Length,Assortativity,Centralization
PIDC,0.7675324675324675,0.8484848484848484,0.826948051948052,1.3272727272727274,-0.18045977011494796,0.23333333333333334
GRNBOOST2,0.641468253968254,0.5407608695652174,0.7683862433862433,2.3333333333333335,-0.1838461195957076,0.20553359683794467
PPCOR,0.5039047619047619,0.5315555555555556,0.6459021164021166,2.3733333333333335,0.02508960573476616,0.161231884057971
SINCERITIES,0.1361055611055611,0.6147186147186147,0.2068931068931069,1.9004329004329004,-0.6438614313266489,0.35714285714285715
ground truth,0.3776787656787657,0.5841666666666666,0.5073389092389093,1.95,-0.5603013338862404,0.3423913043478261
