,Clustering Coefficient,Assortativity,In Centralization
GRNBOOST2,1.0184127752844174,-1.815987521665772,1.0
SINCERITIES,-0.3368991406603345,-2.9215649479873154,5.0
