,PageRank,Centrality,Betweenness,Radiality,Clustering Coefficient,Local Efficiency,Node Degrees
PIDC,0.1928571428571428,0.003996963461216071,0.08928571428571427,-0.06105714020633626,0.13022860804642244,0.10270270270270268,0.003996963461216071
GRNBOOST2,0.05361932435978083,0.08617667091869548,-0.07513428837969108,0.11817299909394582,-0.36792786024760815,-0.19694276458083795,0.08617667091869548
PPCOR,-0.05714285714285713,-0.07034198328446176,-0.26630931098691146,-0.03809088509995505,-0.2890890377200725,-0.2654735212336448,-0.07034198328446176
SINCERITIES,-0.011025418634824275,-0.06339728806457072,-0.2242065242476282,0.03775948553806614,-0.08028283161872277,0.09877919513478399,-0.06339728806457072
