,Clustering Coefficient,Global Efficiency,Local Efficiency,Shortest Path Length,Assortativity,Centralization
PIDC,0.07682539682539685,-0.004761904761904856,0.09886243386243387,0.028571428571428692,0.22062616562836884,0.16483516483516483
GRNBOOST2,0.11148148148148124,-0.01746031746031751,0.12179012345679008,0.11428571428571432,0.330913728575193,0.24725274725274723
PPCOR,0.04904761904761906,-0.019841269841269882,0.05886243386243384,0.12380952380952381,0.3994867619118271,0.16483516483516483
SINCERITIES,-0.15352607709750565,0.02710622710622712,-0.16677815570672716,-0.04542124542124526,0.09831285861869077,0.15018315018315018
