,Clustering Coefficient,Global Efficiency,Local Efficiency,Shortest Path Length,Assortativity,Centralization
PIDC,0.16782246879334264,-0.0070422535211268995,0.1664143213395084,0.01675977653631292,0.9281964719630723,3.0
GRNBOOST2,0.24352750809061435,-0.025821596244131526,0.20500831255195337,0.06703910614525142,1.3921873432955367,4.5
PPCOR,0.10714285714285718,-0.029342723004694895,0.09908265051656569,0.07262569832402235,1.680680992421829,3.0
SINCERITIES,-0.33537249851396866,0.04008667388949081,-0.28073629701257063,-0.02664374731413828,0.413612085667954,2.7333333333333334
