,Clustering Coefficient,Assortativity,In Centralization
GRNBOOST2,0.5178119658119659,-0.09577173691265937,0.15306122448979592
SINCERITIES,0.1701146384479718,-0.22553238594083358,0.45918367346938777
ground truth,0.25654413812308546,0.11736911946539232,0.07653061224489796
