,Clustering Coefficient,Global Efficiency,Local Efficiency,Shortest Path Length,Assortativity,Centralization
PIDC,0.5346031746031746,0.6714285714285714,0.692936507936508,1.7333333333333334,-0.017067223963771652,0.21978021978021978
GRNBOOST2,0.569259259259259,0.6587301587301587,0.7158641975308642,1.819047619047619,0.09322033898305253,0.3021978021978022
PPCOR,0.5068253968253968,0.6563492063492063,0.6529365079365079,1.8285714285714285,0.1617933723196866,0.21978021978021978
SINCERITIES,0.30425170068027213,0.7032967032967034,0.4272959183673469,1.6593406593406594,-0.1393805309734497,0.20512820512820512
ground truth,0.4577777777777778,0.6761904761904762,0.5940740740740741,1.7047619047619047,-0.23769338959214048,0.054945054945054944
