,Clustering Coefficient,Assortativity,In Centralization
GRNBOOST2,0.2612678276888804,-0.2131408563780517,0.07653061224489796
SINCERITIES,-0.08642949967511365,-0.3429015054062259,0.38265306122448983
