,PageRank,Out Centrality,Betweenness,Clustering Coefficient,Node In Degrees
GRNBOOST2,-0.11785714285714284,,0.10224318047511996,0.2382706415623414,-0.07562188959890319
SINCERITIES,-0.09181219346899279,,-0.3102418411497714,0.04046769135222697,-0.23418507294666643
