,Clustering Coefficient,Global Efficiency,Local Efficiency,Shortest Path Length,Assortativity,Centralization
PIDC,0.7507936507936508,0.7689393939393939,0.822387566137566,1.5454545454545454,0.0018596001859605968,0.2909090909090909
GRNBOOST2,0.6576923076923078,0.7211538461538461,0.7323870573870573,1.6538461538461537,-0.09749816041206948,0.4090909090909091
PPCOR,0.4387755102040816,0.6785714285714286,0.5374149659863946,1.7692307692307692,0.23041168658698885,0.14102564102564102
SINCERITIES,0.3573015873015873,0.669047619047619,0.4968606701940035,1.7142857142857142,-0.5147671679652116,0.4065934065934066
ground truth,0.6243674843674843,0.6682539682539683,0.7173689273689273,1.7142857142857142,-0.49875860112080644,0.489010989010989
