,Clustering Coefficient,Assortativity,In Centralization
GRNBOOST2,0.5793530763727281,0.08635476023017802,0.38
SINCERITIES,0.217844416386083,0.11753262065681781,0.336734693877551
ground truth,0.3773504273504274,0.11243488748366692,0.1836734693877551
