,Clustering Coefficient,Global Efficiency,Local Efficiency,Shortest Path Length,Assortativity,Centralization
PIDC,0.12642616642616644,0.1006854256854256,0.1050186387686387,-0.16883116883116878,0.500618201306767,-0.1981018981018981
GRNBOOST2,0.03332482332482345,0.05289987789987782,0.015018130018130016,-0.06043956043956045,0.40126044070873695,-0.07992007992007988
PPCOR,-0.18559197416340273,0.01031746031746028,-0.17995396138253272,0.05494505494505497,0.7291702877077952,-0.34798534798534797
SINCERITIES,-0.26706589706589706,0.0007936507936506798,-0.22050825717492384,0.0,-0.01600856684440516,-0.0824175824175824
