,Clustering Coefficient,Assortativity,In Centralization
GRNBOOST2,0.5353184583376939,-0.2319576053053594,1.0688888888888888
SINCERITIES,-0.42269996110596353,0.04533942521969813,0.8333333333333331
