,PageRank,Out Centrality,Betweenness,Clustering Coefficient,Node In Degrees
GRNBOOST2,-0.10478387094298722,0.036435252333068054,-0.3440293074485975,-0.17391349882370044,0.06242980593030771
SINCERITIES,0.2882957759797386,-0.0699109142964405,-0.18070158058105024,-0.03948858052428462,0.43009783837508775
