,Clustering Coefficient,Assortativity,In Centralization
GRNBOOST2,0.20200264902230075,-0.026080127253488905,0.1963265306122449
SINCERITIES,-0.15950601096434439,0.00509773317315089,0.1530612244897959
