,PageRank,Centrality,Betweenness,Radiality,Clustering Coefficient,Local Efficiency,Node Degrees
PIDC,0.30742817195896155,0.3250186559429697,0.4319483261974547,0.2661887725119921,0.11964285714285713,0.07321428571428572,0.3250186559429697
GRNBOOST2,0.30303030303030304,0.24119076496236785,0.22227996430914765,0.1849219509580405,-0.34785380036968017,-0.30675277638710197,0.24119076496236785
PPCOR,0.33883408842402946,0.35078038001005707,0.35449213430495896,0.3005651636281143,0.17740124319403738,0.1841809085390324,0.35078038001005707
SINCERITIES,-0.2560430748540406,-0.21807150286130367,-0.19181610003113078,-0.055099295110251696,0.03839122486288849,0.06581352833638027,-0.21807150286130367
