,PageRank,Centrality,Betweenness,Radiality,Clustering Coefficient,Local Efficiency,Node Degrees
PIDC,2.869565217391304,2.869565217391304,2.869565217391304,0.0,2.869565217391304,2.869565217391304,2.869565217391304
GRNBOOST2,0.0,0.0,3.12,0.0,0.0,0.0,0.0
PPCOR,0.0,3.37037037037037,0.0,3.37037037037037,3.37037037037037,3.37037037037037,0.0
SINCERITIES,0.0,0.0,0.0,0.0,0.0,0.0,0.0
