,Clustering Coefficient,Global Efficiency,Local Efficiency,Shortest Path Length,Assortativity,Centralization
PIDC,0.17598436919445315,0.05785714285714283,0.12195955502117961,-0.07857142857142851,0.23860734619666257,-0.09513729977116708
GRNBOOST2,0.15315077306893154,0.021214317083882217,0.11788442418621448,-0.010869565217391353,0.15608490403189668,-0.08952098626011673
PPCOR,-0.05543537508243396,-0.008333333333333415,-0.05178828796475843,0.050000000000000044,0.48630878867685434,-0.22644927536231885
SINCERITIES,-0.07023343082785821,-0.002777777777777879,-0.0645275350724267,0.016666666666666607,-0.2013452845844092,0.13586956521739124
