,PageRank,Out Centrality,Betweenness,Clustering Coefficient,Node In Degrees
GRNBOOST2,0.14169139465875372,-0.11937733772857034,-0.027425510626334196,-0.07956241659960492,-0.2186211805991963
SINCERITIES,-0.014318973090891952,0.46273489098512166,-0.13241878997901188,0.014305045695469629,-0.34620262841976385
