,Clustering Coefficient,Global Efficiency,Local Efficiency,Shortest Path Length,Assortativity,Centralization
PIDC,0.35972730902982647,0.08954673872988571,0.18727131935236602,-0.04489795918367344,0.7814460821190023,-0.22158560959360435
GRNBOOST2,0.31305345880491314,0.032833852752354245,0.18101387500645233,-0.00621118012422363,0.5111826550097733,-0.20850457559318325
PPCOR,-0.11331471308925543,-0.012897678417884905,-0.07952194489785015,0.0285714285714286,1.59267559724815,-0.5274261603375527
SINCERITIES,-0.14356322207071454,-0.004299226139295083,-0.09908331188541047,0.00952380952380949,-0.6594117335429418,0.3164556962025315
