,PageRank,Centrality,Betweenness,Radiality,Clustering Coefficient,Local Efficiency,Node Degrees
PIDC,-0.341669391193188,-0.3949455512605614,0.05993517138288134,-0.4554698010637854,-0.29771266298324034,-0.3146582475428969,-0.3949455512605614
GRNBOOST2,-0.03806228838724059,-0.10342236246748718,0.07102140138336734,-0.23025338161530234,-0.11252696752559994,-0.11668334692784876,-0.10342236246748718
PPCOR,-0.2892307692307692,-0.3258408987683986,0.12656280287975402,-0.3414026540677515,-0.003681500274594774,-0.14740520004363925,-0.3258408987683986
SINCERITIES,-0.1896518596344034,-0.2381334494525038,-0.1381832280962878,-0.2482612240973403,0.20473237796754032,0.09068120945092989,-0.2381334494525038
