,Clustering Coefficient,Assortativity,In Centralization
GRNBOOST2,0.17527240975626973,0.06644126455857152,-0.10967630853994492
SINCERITIES,-0.018134897929822924,0.011948411122762376,0.17361111111111105
