,Clustering Coefficient,Assortativity,In Centralization
GRNBOOST2,0.6530797348698725,0.7625938424518127,-0.21057851239669423
SINCERITIES,-0.06757215438739236,0.1371404474288537,0.3333333333333332
