,Clustering Coefficient,Assortativity,In Centralization
GRNBOOST2,0.44365068027662685,0.1535666265270821,0.41115702479338845
SINCERITIES,0.2502433725905342,0.09907377309127297,0.6944444444444444
ground truth,0.2683782705203571,0.08712536196851059,0.5208333333333334
