,Clustering Coefficient,Global Efficiency,Local Efficiency,Shortest Path Length,Assortativity,Centralization
PIDC,0.6652004080575509,0.703968253968254,0.7732047934428886,1.6714285714285715,-0.06673342094832686,0.33421052631578946
GRNBOOST2,0.6423668119320293,0.6673254281949934,0.7691296626079235,1.7391304347826086,-0.14925586311309275,0.3398268398268398
PPCOR,0.43378066378066377,0.6377777777777778,0.5994569504569506,1.8,0.1809680215318649,0.2028985507246377
SINCERITIES,0.4189826080352395,0.6433333333333333,0.5867177033492823,1.7666666666666666,-0.5066860517293986,0.5652173913043478
ground truth,0.4892160388630977,0.6461111111111112,0.651245238421709,1.75,-0.3053407671449894,0.42934782608695654
