,Clustering Coefficient,Global Efficiency,Local Efficiency,Shortest Path Length,Assortativity,Centralization
PIDC,0.5334372294372293,0.5994444444444444,0.7260918710918712,1.9966666666666666,0.14085239085239026,0.22826086956521738
GRNBOOST2,0.3908604728604729,0.6188888888888888,0.5429960039960041,1.8666666666666667,0.09638062409288847,0.27355072463768115
PPCOR,0.39262049062049065,0.625,0.5810022126022125,1.83,-0.12445621335350879,0.22826086956521738
SINCERITIES,0.5473609723609725,0.6295289855072463,0.6214399026899028,1.855072463768116,-0.3367225893916284,0.3675889328063241
ground truth,0.3396248196248196,0.6305555555555555,0.531456228956229,1.7966666666666666,-0.1538064071650023,0.18297101449275363
