,Clustering Coefficient,Assortativity,In Centralization
GRNBOOST2,0.10166111984171874,0.11863389008358323,-0.08680555555555555
SINCERITIES,0.12640238308750465,0.27441062441739383,0.31684191871455575
