,PageRank,Centrality,Betweenness,Radiality,Clustering Coefficient,Local Efficiency,Node Degrees
PIDC,-0.4884615384615385,-0.43601008996838736,-0.39307692307692305,-0.3951926742582648,-0.08976833976833977,0.15633427816560394,-0.43601008996838736
GRNBOOST2,-0.3123076923076923,-0.3029215195543821,-0.21999999999999997,-0.2294703560908068,0.22458039648579786,0.3131973836090804,-0.3029215195543821
PPCOR,-0.09615384615384616,-0.08038031336023811,-0.0007692307692307692,-0.09234380062429003,-0.19447664641106865,-0.16929588303193532,-0.08038031336023811
SINCERITIES,0.12872363861594743,0.08145280881394587,0.219695919577116,-0.05641826949596298,0.0366313062636569,0.1042053996341467,0.08145280881394587
