,Clustering Coefficient,Global Efficiency,Local Efficiency,Shortest Path Length,Assortativity,Centralization
PIDC,0.19381240981240966,-0.03111111111111109,0.19463564213564222,0.19999999999999996,0.2946587980173926,0.04528985507246375
GRNBOOST2,0.05123565323565327,-0.011666666666666714,0.011539775039775102,0.07000000000000006,0.25018703125789077,0.09057971014492752
PPCOR,0.05299567099567104,-0.005555555555555536,0.049545983645983505,0.03333333333333344,0.029350193811493508,0.04528985507246375
SINCERITIES,0.20773615273615287,-0.0010265700483091944,0.08998367373367377,0.05840579710144933,-0.18291618222662612,0.18461791831357047
