,PageRank,Out Centrality,Betweenness,Clustering Coefficient,Node In Degrees
GRNBOOST2,0.014615384615384615,0.22961219677276354,-0.04157045111697139,0.11308378513689564,-0.4117156130208031
SINCERITIES,-0.5345148986043227,0.1982730116254014,-0.11316491266354992,0.20215168837178144,-0.6113064746064506
