,Clustering Coefficient,Assortativity,In Centralization
GRNBOOST2,0.5443991916369337,1.4946586777081865,-0.6172839506172839
SINCERITIES,0.6768896042160315,3.4572770120899623,2.253098088636841
