,Clustering Coefficient,Assortativity,In Centralization
GRNBOOST2,0.2884011470192715,0.039261996116802256,0.05381944444444445
SINCERITIES,0.3131424102650574,0.19503873045061287,0.45746691871455575
ground truth,0.18674002717755275,-0.07937189396678097,0.140625
