,Clustering Coefficient,Assortativity,In Centralization
GRNBOOST2,0.03478277278277281,0.28421489399467115,0.0
SINCERITIES,0.06658582405284069,0.05012817371784545,0.5684398019562854
