,Clustering Coefficient,Assortativity,In Centralization
GRNBOOST2,0.11800294482039242,1.6926104567638838,0.0
SINCERITIES,0.22589697982385376,0.29853281022947564,7.427613412228796
