,PageRank,Out Centrality,Betweenness,Clustering Coefficient,Node In Degrees
GRNBOOST2,0.3896337570144074,,0.17158183795129867,0.32536016616057106,-0.2886751345948129
SINCERITIES,-0.0022026485150381013,,-0.2882306768491569,-0.06073595057768532,-0.5451522826109738
