,Clustering Coefficient,Global Efficiency,Local Efficiency,Shortest Path Length,Assortativity,Centralization
PIDC,0.01777777777777778,0.006349206349206438,-0.017142857142857237,-0.03809523809523818,0.05459150373166102,0.08241758241758242
GRNBOOST2,0.01952380952380961,0.0,0.009100529100529164,0.0,0.24961432076279277,0.08241758241758242
PPCOR,-0.1198412698412698,0.015873015873015928,-0.09957671957671965,-0.09523809523809534,0.031763211143000875,0.08241758241758242
SINCERITIES,0.07667147667147678,0.014285714285714346,-0.019417989417989334,-0.08571428571428563,-0.2318468062990381,0.4120879120879121
