,PageRank,Centrality,Betweenness,Radiality,Clustering Coefficient,Local Efficiency,Node Degrees
PIDC,0.25357142857142856,0.19733805434408158,-0.15357142857142855,-0.09110297113938942,-0.07397425334944593,-0.31813816890104235,0.19733805434408158
GRNBOOST2,-0.09472747303561281,-0.26186146828319085,-0.1304736892754667,-0.12026499239246732,-0.32680901281997216,-0.2145311462669389,-0.26186146828319085
PPCOR,-0.1357142857142857,0.0,-0.13214285714285715,-0.016487312227649934,0.1749692664313916,0.2164715525094862,0.0
SINCERITIES,-0.2234138514990868,-0.08520286456846099,-0.35675303400633784,-0.18328912550587698,0.3333654846278226,0.2972884753005065,-0.08520286456846099
