,Clustering Coefficient,Global Efficiency,Local Efficiency,Shortest Path Length,Assortativity,Centralization
PIDC,0.030156165858912235,0.009132420091324329,-0.021921515561569807,-0.022598870056497227,0.31924161964819764,1.0
GRNBOOST2,0.03311793214862697,0.0,0.011637347767253127,0.0,1.45970113663462,1.0
PPCOR,-0.20328486806677434,0.02283105022831058,-0.12733423545331538,-0.056497175141243,0.1857457347275521,1.0
SINCERITIES,0.1300566244023435,0.02054794520547954,-0.024830852503382843,-0.05084745762711859,-1.3557998020530961,5.000000000000001
