,Clustering Coefficient,Assortativity,In Centralization
GRNBOOST2,0.32954467754467753,0.11629977042981735,0.07653061224489796
SINCERITIES,0.3613477288147454,-0.11778694984700833,0.6449704142011834
ground truth,0.2947619047619047,-0.16791512356485377,0.07653061224489796
