,PageRank,Centrality,Betweenness,Radiality,Clustering Coefficient,Local Efficiency,Node Degrees
PIDC,-0.23196769038447315,-0.2168428022848409,-0.05523494136143236,0.059526208270539054,0.1334321685590427,0.0874782344146938,-0.2168428022848409
GRNBOOST2,-0.2989036408436744,-0.32766495289881725,-0.2586706760940318,-0.14995076511552338,-0.40879293162344865,-0.41867393526741037,-0.32766495289881725
PPCOR,-0.006924408668193229,-0.07068843164063186,0.07158580451851257,-0.0479649370644699,-0.1527459594234297,-0.01907854084802113,-0.07068843164063186
SINCERITIES,-0.20525926273549272,-0.18303178692082875,-0.03970335718438883,-0.045402064410173144,0.058080100482637585,0.058080100482637585,-0.18303178692082875
