,Clustering Coefficient,Global Efficiency,Local Efficiency,Shortest Path Length,Assortativity,Centralization
PIDC,-0.26106653557925624,-0.03500000000000003,-0.20714707749039418,0.21999999999999997,0.5945339114918233,-0.49818840579710144
GRNBOOST2,-0.36519329770601816,-0.011666666666666603,-0.2827644009077176,0.07000000000000006,0.3387989886392352,-0.5434782608695652
PPCOR,-0.3117871482998687,-0.02055555555555555,-0.24766683921015586,0.1233333333333333,0.42850814533702986,-0.4528985507246377
SINCERITIES,-0.3752352206953097,-0.01388888888888884,-0.34968885345322276,0.08333333333333326,-0.07609648742806474,-0.1811594202898551
