,PageRank,Out Centrality,Betweenness,Clustering Coefficient,Node In Degrees
GRNBOOST2,-0.04407236662123942,0.10468261770052692,0.20046487269884763,-0.4627605520217265,-0.05042438849240211
SINCERITIES,-0.12401053339946624,-0.17378236226206212,-0.0036381280050440494,0.21469405409659614,-0.2526746841878765
