,Clustering Coefficient,Global Efficiency,Local Efficiency,Shortest Path Length,Assortativity,Centralization
PIDC,0.48662026862026847,0.6183333333333333,0.6663581603581603,1.9133333333333333,0.07641119779715443,0.2554347826086957
GRNBOOST2,0.38249350649350655,0.6416666666666667,0.5907408369408369,1.7633333333333334,-0.17932372505543367,0.21014492753623187
PPCOR,0.435899655899656,0.6327777777777778,0.6258383986383986,1.8166666666666667,-0.08961456835763904,0.3007246376811594
SINCERITIES,0.37245158350421503,0.6394444444444445,0.5238163843953317,1.7766666666666666,-0.5942192011227336,0.572463768115942
ground truth,0.7476868041995247,0.6533333333333333,0.8735052378485545,1.6933333333333334,-0.5181227136946689,0.7536231884057971
