,Clustering Coefficient,Assortativity,In Centralization
GRNBOOST2,0.31206283964628506,0.14899110718617317,0.09375
SINCERITIES,0.20248651932862455,0.1161745624550693,0.6579861111111112
ground truth,0.44438661704344007,-0.0007778844224795274,0.09375
