,Clustering Coefficient,Assortativity,In Centralization
GRNBOOST2,-0.29776724213146133,192.5337328793139,0.0
SINCERITIES,-0.5443460456217318,150.34681695355175,6.018518518518519
