,Clustering Coefficient,Global Efficiency,Local Efficiency,Shortest Path Length,Assortativity,Centralization
PIDC,-0.34916563207071,-0.05357142857142862,-0.2371446312109106,0.12992125984251968,1.1474770276953805,-0.6610576923076923
GRNBOOST2,-0.4884308451812186,-0.01785714285714276,-0.32371231293834823,0.04133858267716539,0.6538971940127881,-0.7211538461538461
PPCOR,-0.41700234182100987,-0.0314625850340136,-0.28353217414031756,0.07283464566929132,0.8270398768689204,-0.6009615384615384
SINCERITIES,-0.5018614994777625,-0.02125850340136047,-0.40032828459564507,0.049212598425196805,-0.1468696226139752,-0.24038461538461542
