,Clustering Coefficient,Assortativity,In Centralization
GRNBOOST2,-0.132323777397155,0.1497689916086527,0.0
SINCERITIES,-0.24190009771481552,0.11695244687754883,0.5642361111111112
