,Clustering Coefficient,Assortativity,In Centralization
GRNBOOST2,-0.5426167938909888,5.960248509233981,0.8726032735506691
SINCERITIES,-0.9966991477062046,2.4373961705883493,5.3194986414264624
