,PageRank,Out Centrality,Betweenness,Clustering Coefficient,Node In Degrees
GRNBOOST2,0.1162227602905569,0.5090016366612111,0.3823088455772114,0.05131128848346636,0.1095066185318893
SINCERITIES,0.06484641638225255,0.033112582781456956,0.04,0.05583756345177665,0.05227655986509275
