,PageRank,Out Centrality,Betweenness,Clustering Coefficient,Node In Degrees
GRNBOOST2,0.149816970193263,0.0410453729701378,0.04951580275306689,0.04090619361623791,0.17670052726386873
SINCERITIES,0.010010707925329959,0.06712704643983827,-0.00582473124890852,0.013833938871985535,-0.018215205181336225
