,Clustering Coefficient,Assortativity,In Centralization
GRNBOOST2,-0.23930146334030464,0.2243992071944136,0.0026714789987672487
SINCERITIES,-0.43955802186993487,0.09176626904924473,0.016285669943360035
