,Clustering Coefficient,Global Efficiency,Local Efficiency,Shortest Path Length,Assortativity,Centralization
PIDC,0.07054945054945072,-0.01111111111111096,0.05015466015466008,0.06666666666666665,0.30333942247577333,-0.41208791208791207
GRNBOOST2,-0.0019373219373218786,-0.0174603174603174,-0.08120336453669796,0.10476190476190461,0.4511288810011189,-0.2472527472527472
PPCOR,0.2115585208442352,0.02832722832722845,0.1504475550904123,-0.03809523809523818,0.2308408697044692,-0.25641025641025633
SINCERITIES,0.02033300033300045,0.0031746031746032743,-0.001980981980981955,-0.019047619047619202,-0.06304578247414316,-0.08241758241758235
