,Clustering Coefficient,Global Efficiency,Local Efficiency,Shortest Path Length,Assortativity,Centralization
PIDC,0.13337026521709058,-0.01569506726457378,0.07115430141985242,0.041420118343195256,1.1776490442961132,-0.7142857142857143
GRNBOOST2,-0.003662411805892064,-0.024663677130044758,-0.11520302717101565,0.0650887573964496,1.7514093329157485,-0.42857142857142855
PPCOR,0.3999409749357816,0.04001379786133167,0.21343960161971914,-0.02366863905325449,0.8961892502240238,-0.44444444444444436
SINCERITIES,0.038438536741978564,0.004484304932735567,-0.0028104145965185973,-0.011834319526627314,-0.24476147831891215,-0.14285714285714274
