,PageRank,Centrality,Betweenness,Radiality,Clustering Coefficient,Local Efficiency,Node Degrees
PIDC,-0.042895459487824666,-0.19293121539195116,0.01608579730793425,-0.2757718416226128,0.25202775482462614,0.19154800184139972,-0.19293121539195116
GRNBOOST2,-0.0035714285714285704,-0.05504624221144711,-0.3857142857142856,0.0488729575232393,-0.4469453376299327,-0.4384562198897237,-0.05504624221144711
PPCOR,0.2948296613559737,0.30136668713032594,0.22002213534027887,0.24523297318446177,-0.06843267108167769,-0.028665949065736284,0.30136668713032594
SINCERITIES,0.2071428571428571,0.16835333711081316,0.1483467973953936,0.11667166813138365,-0.08992863936215949,-0.08093577542594353,0.16835333711081316
