,PageRank,Centrality,Betweenness,Radiality,Clustering Coefficient,Local Efficiency,Node Degrees
PIDC,0.0,0.0,0.0,0.0,3.6206896551724133,0.0,0.0
GRNBOOST2,3.6206896551724133,0.0,0.0,0.0,0.0,0.0,0.0
PPCOR,3.37037037037037,10.11111111111111,3.37037037037037,3.37037037037037,0.0,0.0,10.11111111111111
SINCERITIES,0.0,0.0,0.0,0.0,0.0,0.0,3.6206896551724133
