,Clustering Coefficient,Assortativity,In Centralization
GRNBOOST2,0.4734727220541563,0.8795908167184164,1.341111111111111
SINCERITIES,0.06499285871172512,0.9611303512320486,4.2
