,Clustering Coefficient,Global Efficiency,Local Efficiency,Shortest Path Length,Assortativity,Centralization
PIDC,0.5995238095238096,0.6968253968253969,0.755026455026455,1.6761904761904762,0.04575892857142779,0.16483516483516483
GRNBOOST2,0.527037037037037,0.6904761904761905,0.623668430335097,1.7142857142857142,0.19354838709677336,0.32967032967032966
PPCOR,0.7405328798185941,0.7362637362637363,0.8553193499622073,1.5714285714285714,-0.02673962419987636,0.32051282051282054
SINCERITIES,0.5493073593073593,0.7111111111111111,0.702890812890813,1.5904761904761904,-0.32062627637848873,0.4945054945054945
ground truth,0.5289743589743588,0.7079365079365079,0.704871794871795,1.6095238095238096,-0.25758049390434556,0.5769230769230769
