,PageRank,Out Centrality,Betweenness,Clustering Coefficient,Node In Degrees
GRNBOOST2,0.1705641228430261,0.2653376652163114,0.12707376262526088,0.21379330681893796,-0.15285154481161425
SINCERITIES,-0.1559808035438884,0.2687767271954794,-0.06823827800460687,-0.1745748237641186,-0.16314809322881124
