,Clustering Coefficient,Assortativity,In Centralization
GRNBOOST2,0.4174997536384177,-0.013045347396418043,0.2986111111111111
SINCERITIES,0.30175940788300337,-0.0042112076299767815,0.6632653061224489
ground truth,0.2833440669715179,-0.10834179786695143,0.12755102040816327
