,Clustering Coefficient,Assortativity,In Centralization
GRNBOOST2,0.13415568666689975,0.0952964504705334,0.17106009070294784
SINCERITIES,0.018415340911485445,0.10413059023697464,0.5357142857142857
