,Clustering Coefficient,Global Efficiency,Local Efficiency,Shortest Path Length,Assortativity,Centralization
PIDC,0.3102626262626263,-0.028888888888888964,0.2600420875420875,0.17333333333333334,0.21981429018413476,-0.04528985507246375
GRNBOOST2,0.3437027417027418,-0.022777777777777786,0.3040252525252524,0.1433333333333333,0.20988123990274135,0.0
PPCOR,0.13276479076479075,-0.01722222222222225,0.11072270322270311,0.1100000000000001,0.29862375969330957,0.0
SINCERITIES,0.06465898807075277,-0.010555555555555651,0.05421310062486534,0.06333333333333346,-0.13824073993249703,0.22644927536231885
