,Clustering Coefficient,Assortativity,In Centralization
GRNBOOST2,0.3227457471307317,-0.07956964984125074,0.04340277777777776
SINCERITIES,0.017727107361163036,0.005048679610111087,0.17361111111111108
