,Clustering Coefficient,Global Efficiency,Local Efficiency,Shortest Path Length,Assortativity,Centralization
PIDC,1.1029084380610412,-0.04482758620689666,0.5667664869970609,0.09923664122137406,1.115776276350831,-0.21551724137931025
GRNBOOST2,1.2217799435752759,-0.035344827586206905,0.6626285997040507,0.08206106870229007,1.0653561610503444,0.0
PPCOR,0.4719466529879455,-0.026724137931034522,0.24132215723038658,0.06297709923664128,1.515812763316582,0.0
SINCERITIES,0.22984703120303493,-0.016379310344827733,0.11815844458409103,0.0362595419847329,-0.701709328873278,1.0775862068965518
