,Clustering Coefficient,Global Efficiency,Local Efficiency,Shortest Path Length,Assortativity,Centralization
PIDC,0.5915757575757576,0.6155555555555555,0.7188590668590669,1.92,0.0228085867620815,0.16485507246376813
GRNBOOST2,0.6250158730158731,0.6216666666666667,0.7628422318422318,1.89,0.012875536480688086,0.21014492753623187
PPCOR,0.4140779220779221,0.6272222222222222,0.5695396825396825,1.8566666666666667,0.10161805627125628,0.21014492753623187
SINCERITIES,0.3459721193838841,0.6338888888888888,0.5130300799418447,1.81,-0.3352464433545503,0.4365942028985507
ground truth,0.28131313131313135,0.6444444444444445,0.45881697931697935,1.7466666666666666,-0.19700570342205326,0.21014492753623187
