,PageRank,Centrality,Betweenness,Radiality,Clustering Coefficient,Local Efficiency,Node Degrees
PIDC,0.1785989751692104,0.16646815616109012,-0.04849885963646662,0.12898960459948225,0.2924237441328697,0.37784664463031875,0.16646815616109012
GRNBOOST2,0.2808772812757394,0.3084722956491329,0.08043103129574025,0.15640201329336847,-0.0871914164251688,-0.09558682004442556,0.3084722956491329
PPCOR,0.12384615384615384,0.11973282485555925,0.03923076923076923,0.133441857378746,-0.02410802582729842,0.019449267632597664,0.11973282485555925
SINCERITIES,-0.1523076923076923,-0.21342949798515906,-0.007309098038648408,-0.15826039132244532,0.38266647286895045,0.14882157302154267,-0.21342949798515906
