,Clustering Coefficient,Assortativity,In Centralization
GRNBOOST2,0.48112178590677046,-0.12189240523296799,0.1736111111111111
SINCERITIES,0.17610314613720185,-0.03727407578160616,0.3038194444444444
ground truth,0.1583760387760388,-0.042322755391717246,0.13020833333333334
