,PageRank,Out Centrality,Betweenness,Clustering Coefficient,Node In Degrees
GRNBOOST2,-0.3515597262887372,0.08468486619864798,0.028577180285950427,-0.034702140610199946,0.14243402029366817
SINCERITIES,-0.5530093954569587,-0.10353701413599325,-0.3408100261689009,0.3613005717018067,-0.4874393235657005
