,Clustering Coefficient,Assortativity,In Centralization
GRNBOOST2,2.0378445478556877,-1.880067805245565,0.3333333333333332
SINCERITIES,0.11193048833751373,0.11928995556605788,1.333333333333333
