,Clustering Coefficient,Assortativity,In Centralization
GRNBOOST2,0.3756207150149865,0.06636919130907169,0.05569903581267216
SINCERITIES,0.041610178040151324,-0.10454828875314987,0.3038194444444445
