,Clustering Coefficient,Assortativity,In Centralization
GRNBOOST2,2.317336337511236,0.4677439278690592,0.21388429752066107
SINCERITIES,0.256707827146614,-0.7368151738606877,1.1666666666666667
