,PageRank,Out Centrality,Betweenness,Clustering Coefficient,Node In Degrees
GRNBOOST2,0.1952063316326692,0.05975896167846539,-0.10327833367729558,0.01439207550428256,-0.09738425743406663
SINCERITIES,0.16460389341323206,-0.060212551426749764,0.23972722970348787,0.09473282432377192,0.10442088626608872
