,Clustering Coefficient,Assortativity,In Centralization
GRNBOOST2,0.537712297896043,-0.07552295812285244,0.31611570247933884
SINCERITIES,0.20370176092120787,-0.246440438185074,0.5642361111111112
ground truth,0.16209158288105655,-0.14189214943192413,0.2604166666666667
