,Clustering Coefficient,Global Efficiency,Local Efficiency,Shortest Path Length,Assortativity,Centralization
PIDC,0.2846424686424688,-0.025555555555555554,0.22286032856032878,0.17000000000000015,0.1643194774957078,0.1358695652173913
GRNBOOST2,0.3443569763569765,-0.01694444444444443,0.2277860694860695,0.1033333333333335,-0.07545929122899156,0.1358695652173913
PPCOR,0.19837096237096258,-0.01388888888888895,0.12166012136012128,0.08333333333333348,0.09166020726662957,0.045289855072463775
SINCERITIES,0.062136576873419,0.0038888888888888307,0.005726516952832772,-0.023333333333333206,-0.2929041096709395,0.31702898550724634
