,PageRank,Centrality,Betweenness,Radiality,Clustering Coefficient,Local Efficiency,Node Degrees
PIDC,-0.07923076923076922,-0.01847580770052126,-0.2346153846153846,-0.13927443585091934,-0.04440162714045055,0.06583253249973893,-0.01847580770052126
GRNBOOST2,-0.05347182249326993,-0.020331979086901826,-0.13944546599550897,-0.13018250951150617,-0.24535605552477502,-0.14773418009736017,-0.020331979086901826
PPCOR,-0.050769230769230775,-0.03561041472693545,-0.13307692307692306,-0.0768790014241874,-0.009481424858607238,0.07100157390733688,-0.03561041472693545
SINCERITIES,-0.22999999999999998,-0.2245055130220271,-0.20076923076923076,-0.23983991536897142,-0.16102844385827997,-0.15403917538768763,-0.2245055130220271
