,Clustering Coefficient,Global Efficiency,Local Efficiency,Shortest Path Length,Assortativity,Centralization
PIDC,0.9520412307751717,-0.03945111492281303,0.4355816816105532,0.09732824427480925,1.3427112674771196,0.6818181818181818
GRNBOOST2,1.1517678340848903,-0.026157804459691226,0.4452090680972929,0.05916030534351155,-0.6166039602435501,0.6818181818181818
PPCOR,0.663489661491535,-0.021440823327615877,0.23778534559882564,0.047709923664122224,0.7489872469890642,0.22727272727272732
SINCERITIES,0.2078276773134327,0.006003430531732329,0.011192507433690737,-0.013358778625954125,-2.39342075777838,1.5909090909090908
