,Clustering Coefficient,Global Efficiency,Local Efficiency,Shortest Path Length,Assortativity,Centralization
PIDC,0.5836237096237097,0.6222222222222222,0.7344987604987607,1.9166666666666667,0.04194061505832389,0.3351449275362319
GRNBOOST2,0.6433382173382174,0.6308333333333334,0.7394245014245014,1.85,-0.19783815366637547,0.3351449275362319
PPCOR,0.4973522033522035,0.6338888888888888,0.6332985532985532,1.83,-0.03071865517075434,0.24456521739130435
SINCERITIES,0.3611178178546599,0.6516666666666666,0.5173649488912647,1.7233333333333334,-0.4152829721083234,0.5163043478260869
ground truth,0.2989812409812409,0.6477777777777778,0.511638431938432,1.7466666666666666,-0.12237886243738391,0.19927536231884058
