,Clustering Coefficient,Assortativity,In Centralization
GRNBOOST2,0.13561674128340787,0.6070120266954828,0.0
SINCERITIES,0.03104315800394228,0.29713727220749525,0.5357142857142858
