,Clustering Coefficient,Global Efficiency,Local Efficiency,Shortest Path Length,Assortativity,Centralization
PIDC,0.26448391965633333,-0.009174311926605632,0.1587445423840515,0.022857142857142774,1.0054901937292602,0.4411764705882352
GRNBOOST2,0.3754789272030651,-0.013761467889908367,0.1761128044594556,0.034285714285714294,1.1003948658832472,0.4411764705882352
PPCOR,0.07790549169859522,0.006880733944954103,-0.0013729851443006953,-0.017142857142857213,0.7663517676713226,0.8823529411764707
SINCERITIES,-0.09322060732719033,0.00917431192660531,-0.18140254176995282,-0.02285714285714291,0.05054057861277858,1.7647058823529413
