,PageRank,Centrality,Betweenness,Radiality,Clustering Coefficient,Local Efficiency,Node Degrees
PIDC,0.5326186219738229,0.4737405107902738,0.43011028963959236,0.05085837141181876,0.3489865105883265,0.35546231863991296,0.4737405107902738
GRNBOOST2,0.5218947571018668,0.6426477518732073,0.6309207166334211,0.452598899990444,0.5298695423225748,0.5046724388973217,0.6426477518732073
PPCOR,0.4892857142857142,0.41799719669323526,0.38214285714285706,0.14465401481545428,0.27086427150129355,0.2301877703819367,0.41799719669323526
SINCERITIES,-0.19141354420540344,-0.19567099568766314,-0.5996496312410691,-0.2228453969498058,0.02385646411135871,0.10084022431744503,-0.19567099568766314
