,Clustering Coefficient,Assortativity,In Centralization
GRNBOOST2,0.5685584850285944,2.771770501670289,0.0
SINCERITIES,0.13014507440744774,1.356803967353155,3.5000000000000004
