,Clustering Coefficient,Assortativity,In Centralization
GRNBOOST2,0.3741440781440781,0.38801408789438324,0.15306122448979592
SINCERITIES,0.2695704948646125,0.07813933340639574,0.6887755102040817
ground truth,0.2385273368606702,-0.21899793880109952,0.15306122448979592
