,Clustering Coefficient,Global Efficiency,Local Efficiency,Shortest Path Length,Assortativity,Centralization
PIDC,0.12052910052910049,-0.006349206349206438,0.10195767195767202,0.03809523809523796,0.29182803222255915,0.0824175824175824
GRNBOOST2,0.1711111111111111,-0.009523809523809601,0.11311287477954135,0.05714285714285716,0.3193726506545938,0.0824175824175824
PPCOR,0.035502645502645536,0.004761904761904745,-0.0008818342151675207,-0.028571428571428692,0.22242178963509646,0.16483516483516486
SINCERITIES,-0.042481962481962454,0.006349206349206216,-0.11651034151034168,-0.03809523809523818,0.014668624016365206,0.3296703296703297
