,Clustering Coefficient,Global Efficiency,Local Efficiency,Shortest Path Length,Assortativity,Centralization
PIDC,0.5762433862433862,0.6857142857142857,0.7442328042328044,1.7047619047619047,0.0015934441156390433,0.2692307692307692
GRNBOOST2,0.6268253968253968,0.6825396825396826,0.7553880070546737,1.723809523809524,0.029138062547673687,0.2692307692307692
PPCOR,0.4912169312169313,0.6968253968253969,0.6413932980599648,1.638095238095238,-0.06781279847182364,0.3516483516483517
SINCERITIES,0.4132323232323233,0.6984126984126984,0.5257647907647907,1.6285714285714286,-0.2755659640905549,0.5164835164835165
ground truth,0.45571428571428574,0.6920634920634922,0.6422751322751323,1.6666666666666667,-0.2902345881069201,0.18681318681318682
