,PageRank,Out Centrality,Betweenness,Clustering Coefficient,Node In Degrees
GRNBOOST2,-0.31814132453469957,,0.1417054606584996,0.11514095172338935,-0.022034046872880374
SINCERITIES,0.5200863350621387,,0.6166027205657152,0.17391418501073685,0.454633877617471
