,PageRank,Out Centrality,Betweenness,Clustering Coefficient,Node In Degrees
GRNBOOST2,-0.3366679741318794,0.10443374015438366,-0.446893705870129,0.07098767545310534,-0.5085655924719995
SINCERITIES,-0.5681957664950409,0.04967218823093259,-0.455050425661178,-0.03886315553997854,-0.5899707825761438
