,Clustering Coefficient,Global Efficiency,Local Efficiency,Shortest Path Length,Assortativity,Centralization
PIDC,0.038304806304806316,-0.009166666666666656,0.007754534354534326,0.06000000000000005,0.22587922833346818,0.0
GRNBOOST2,0.2790138141871888,0.004444444444444473,0.21586230715735366,-0.026666666666666616,-0.14254412646784376,0.18115942028985504
PPCOR,-0.05227772227772226,0.0011111111111111738,-0.11915231805231802,-0.006666666666666599,0.027356708064071172,-0.09057971014492755
SINCERITIES,0.31242536055350695,0.008888888888889057,0.22950317947160048,-0.05333333333333323,-0.2953600266811711,0.36231884057971014
