,Clustering Coefficient,Global Efficiency,Local Efficiency,Shortest Path Length,Assortativity,Centralization
PIDC,0.39624420024420026,0.6330555555555555,0.591071225071225,1.8266666666666667,-0.00024212149401670868,0.3423913043478261
GRNBOOST2,0.6369532081265827,0.6466666666666666,0.7991789978740443,1.74,-0.36866547629532864,0.5235507246376812
PPCOR,0.3056616716616717,0.6433333333333333,0.46416437266437266,1.76,-0.1987646417634137,0.25181159420289856
SINCERITIES,0.6703647544929009,0.6511111111111112,0.8128198701882912,1.7133333333333334,-0.521481376508656,0.7047101449275363
ground truth,0.35793939393939395,0.6422222222222221,0.5833166907166907,1.7666666666666666,-0.22612134982748489,0.3423913043478261
