,PageRank,Centrality,Betweenness,Radiality,Clustering Coefficient,Local Efficiency,Node Degrees
PIDC,-0.18846153846153846,-0.2039499413375049,-0.06307692307692309,-0.04847787099409623,-0.11659003323724879,-0.08041554444016928,-0.2039499413375049
GRNBOOST2,-0.4715384615384615,-0.5122436951687731,-0.4381511023338735,-0.42666169993793346,-0.28809358655863765,-0.15092549239874584,-0.5122436951687731
PPCOR,-0.027692307692307697,-0.09968692162014965,0.12,-0.12432088426721367,-0.10656859250077055,0.10848240246836059,-0.09968692162014965
SINCERITIES,-0.1577529935932235,-0.19925877134450692,-0.05591998779861905,-0.2018691767055428,0.026356606965442494,0.006175251357497833,-0.19925877134450692
