,Clustering Coefficient,Assortativity,In Centralization
GRNBOOST2,1.3274608568477264,-0.32161520374148306,0.20000000000000004
SINCERITIES,1.00586195297287,1.0756506185589922,2.8
