,Clustering Coefficient,Global Efficiency,Local Efficiency,Shortest Path Length,Assortativity,Centralization
PIDC,0.10701478226029533,-0.01427335640138407,0.013293866741592351,0.03396226415094343,0.9989292408956455,0.0
GRNBOOST2,0.7795001581592643,0.00692041522491354,0.3700602273048881,-0.015094339622641482,-0.6303877390462916,0.529100529100529
PPCOR,-0.1460518824216758,0.0017301038062284715,-0.2042669444378864,-0.003773584905660339,0.12098241977125322,-0.2645502645502646
SINCERITIES,0.8728443022575118,0.013840830449827254,0.3934452470228855,-0.030188679245282964,-1.3062014131195954,1.0582010582010581
