,Clustering Coefficient,Assortativity,In Centralization
GRNBOOST2,0.46315753247932756,-0.27494837202621863,0.2604166666666667
SINCERITIES,0.3991603424391601,0.015738328642623547,0.8246527777777778
ground truth,0.1989969159380924,-0.20803965575444486,0.2170138888888889
