,Clustering Coefficient,Assortativity,In Centralization
GRNBOOST2,0.2641606165412351,-0.06690871627177378,0.04340277777777779
SINCERITIES,0.2001634265010677,0.22377798439706842,0.6076388888888888
