,Clustering Coefficient,Assortativity,In Centralization
GRNBOOST2,0.2501276369430814,0.035159798464835884,0.08680555555555558
SINCERITIES,0.0398816318956611,0.19518891293235646,0.17361111111111105
