,Clustering Coefficient,Global Efficiency,Local Efficiency,Shortest Path Length,Assortativity,Centralization
PIDC,0.34231356443121147,0.21047619047619048,0.2506038743391683,-0.4476190476190476,0.0991416365654828,-0.1522137283006848
GRNBOOST2,0.2725201726378194,-0.0005555555555554204,0.19811362384891784,0.0033333333333331883,0.019273857071332223,0.1358695652173913
PPCOR,0.041241673359320496,-0.018611111111111134,0.007301935537229465,0.11333333333333329,0.1493692084058357,-0.2717391304347826
SINCERITIES,0.13714348671624205,-0.006111111111111067,0.04819111972765211,0.036666666666666625,-0.18918338151616104,0.09057971014492755
