,PageRank,Centrality,Betweenness,Radiality,Clustering Coefficient,Local Efficiency,Node Degrees
PIDC,-0.25357142857142856,-0.22575547546413416,-0.14285714285714282,-0.14493348202087009,0.07058965169739989,0.08960631034158174,-0.22575547546413416
GRNBOOST2,-0.2596305085109753,-0.2402402640764392,-0.05847181685497541,-0.007645783162976746,0.16082760594383705,0.01667363049635965,-0.2402402640764392
PPCOR,-0.015384615384615384,-0.09326484873483352,0.08846153846153845,0.025830297760938755,0.12362170360646021,-0.015387574818207173,-0.09326484873483352
SINCERITIES,0.14849009699569923,0.10224638812013997,0.10300333300280437,0.2555306283973137,0.022291145463020398,-0.43213266284277535,0.10224638812013997
