,PageRank,Out Centrality,Betweenness,Clustering Coefficient,Node In Degrees
GRNBOOST2,-0.35644138884328364,-0.23512297487830697,-0.2108743943531709,0.18292182433914364,-0.38141590034669276
SINCERITIES,-0.3144949909138676,0.16705414053936643,-0.23360413073064287,-0.0071511536735003245,-0.35389134438953995
