,Clustering Coefficient,Global Efficiency,Local Efficiency,Shortest Path Length,Assortativity,Centralization
PIDC,0.7367284567284568,0.8571428571428571,0.8683642283642283,1.2857142857142858,-0.178531448235829,0.32967032967032966
GRNBOOST2,0.6669350649350647,0.6461111111111112,0.8158739778739779,1.7366666666666666,-0.2583992277299796,0.6177536231884058
PPCOR,0.4356565656565658,0.6280555555555555,0.6250622895622895,1.8466666666666667,-0.1283038763954761,0.21014492753623187
SINCERITIES,0.5315583790134873,0.6405555555555555,0.6659514737527121,1.77,-0.46685646631747285,0.572463768115942
ground truth,0.3944148922972453,0.6466666666666666,0.61776035402506,1.7333333333333334,-0.2776730848013118,0.48188405797101447
