,Clustering Coefficient,Assortativity,In Centralization
GRNBOOST2,1.1263923212826759,0.20530639014331356,0.18181818181818185
SINCERITIES,0.1795977624724347,1.1397542892692656,0.3636363636363635
