,Clustering Coefficient,Assortativity,In Centralization
GRNBOOST2,0.18867206317039387,0.15625992227148813,0.0
SINCERITIES,0.11306445728469866,0.16384661196759212,0.5208333333333333
