,Clustering Coefficient,Global Efficiency,Local Efficiency,Shortest Path Length,Assortativity,Centralization
PIDC,0.6143356643356644,0.6272222222222222,0.7670473415473416,1.8366666666666667,-0.18834238938677564,0.3532608695652174
GRNBOOST2,0.6352250233426703,0.6438888888888888,0.771990351696234,1.7366666666666666,-0.393630124934013,0.625
PPCOR,0.3361892736892737,0.6521739130434783,0.5249689353856019,1.7391304347826086,-0.05845629965947908,0.2134387351778656
SINCERITIES,0.7079884559884558,0.6433333333333333,0.8345930735930738,1.74,-0.44202774447679355,0.625
ground truth,0.5058152958152958,0.6461111111111112,0.6856979316979317,1.7233333333333334,-0.2655437275116984,0.625
