,PageRank,Centrality,Betweenness,Radiality,Clustering Coefficient,Local Efficiency,Node Degrees
PIDC,-0.08846153846153845,-0.06854211729873735,-0.3131178128500843,-0.06925396668332479,-0.19701999359286865,-0.1269818275731752,-0.06854211729873735
GRNBOOST2,-0.17272552733437554,-0.09859556937690774,-0.051531532382153696,-0.14704829592231367,-0.1082544484023452,-0.15917446339790883,-0.09859556937690774
PPCOR,0.07217391304347825,0.062449308489653396,-0.01174423773562671,0.18911186269052022,0.1257367656654738,0.20234994608774892,0.062449308489653396
SINCERITIES,-0.2353846153846154,-0.21547394679595228,-0.28420222051544203,-0.09484977142448998,-0.30170823370338096,-0.25308049781418046,-0.21547394679595228
