,Clustering Coefficient,Assortativity,In Centralization
GRNBOOST2,0.4905855369847342,-0.05107189048263542,0.2170138888888889
SINCERITIES,0.414977931099039,-0.04348520078653143,0.7378472222222222
ground truth,0.30191347381434036,-0.20733181275412355,0.2170138888888889
