,Clustering Coefficient,Assortativity,In Centralization
GRNBOOST2,0.6249209774798473,0.7536707473676412,0.0
SINCERITIES,0.37449291631888837,0.7902627666787398,2.3999999999999995
