,PageRank,Out Centrality,Betweenness,Clustering Coefficient,Node In Degrees
GRNBOOST2,-0.12391766544128402,-0.30734611589990984,0.005535793983290788,-0.009643206026586347,-0.35761065424129507
SINCERITIES,-0.12774036210253475,0.1756200737032623,-0.17556039544657964,-0.21102671936405631,0.04367412908379163
