,Clustering Coefficient,Global Efficiency,Local Efficiency,Shortest Path Length,Assortativity,Centralization
PIDC,0.6357633477633476,0.6016666666666667,0.7587092352092353,2.03,0.028336803145963717,0.161231884057971
GRNBOOST2,0.4856363636363637,0.6241666666666666,0.661545695045695,1.8766666666666667,0.1691441441441462,0.20652173913043478
PPCOR,0.4222972582972584,0.6322222222222222,0.5908576238576239,1.8266666666666667,0.014378290805992863,0.20652173913043478
SINCERITIES,0.36493860387978033,0.6308333333333334,0.5482959039870804,1.84,-0.33193536879290825,0.4329710144927536
ground truth,0.47041538578380687,0.6483333333333333,0.671121591858434,1.73,-0.30422607207547503,0.5235507246376812
