,Clustering Coefficient,Assortativity,In Centralization
GRNBOOST2,0.3590662933260186,-0.059738168366502614,0.13020833333333334
SINCERITIES,0.21666054997633946,0.39139465293901726,0.6944444444444444
ground truth,0.27203402378402375,0.01134291369656253,0.1736111111111111
