,Clustering Coefficient,Assortativity,In Centralization
GRNBOOST2,0.3199315597783182,-6.266562892443258,-0.24999999999999992
SINCERITIES,-0.20355348583766494,33.50565378608403,2.9999999999999996
