,Clustering Coefficient,Assortativity,In Centralization
GRNBOOST2,0.08703226954199483,-0.07108108206306514,-0.04340277777777776
SINCERITIES,-0.05537347380768429,0.3800517392424547,0.5208333333333333
