,Clustering Coefficient,Global Efficiency,Local Efficiency,Shortest Path Length,Assortativity,Centralization
PIDC,0.16534796197954077,-0.046666666666666634,0.08758764335080127,0.2999999999999998,0.33256287522143874,-0.36231884057971014
GRNBOOST2,0.015220977852556827,-0.02416666666666667,-0.00957589681273896,0.14666666666666672,0.4733702162196212,-0.31702898550724634
PPCOR,-0.04811812748654848,-0.016111111111111076,-0.08026396800081015,0.09666666666666668,0.3186043628814679,-0.31702898550724634
SINCERITIES,-0.10547678190402654,-0.01749999999999996,-0.12282568787135362,0.1100000000000001,-0.02770929671743322,-0.09057971014492755
