,PageRank,Out Centrality,Betweenness,Clustering Coefficient,Node In Degrees
GRNBOOST2,0.14923076923076922,0.24491213113180332,0.07313320103911632,-0.024696122396761687,-0.17857765306251994
SINCERITIES,0.15295249486672927,-0.08376641633446649,-0.28965554896497747,-0.25473172759952845,0.2501114122812524
