,PageRank,Centrality,Betweenness,Radiality,Clustering Coefficient,Local Efficiency,Node Degrees
PIDC,-0.13697577004679895,-0.11008722427970302,-0.13043479226366528,-0.083252850954445,-0.2081159769991169,-0.07665640014034296,-0.11008722427970302
GRNBOOST2,0.16618580803663752,0.11745600082477517,0.35506828893013054,0.18956038857465513,-0.009064617711064206,0.03870595677656331,0.11745600082477517
PPCOR,0.008461538461538461,-0.01308338838813442,-0.0015384615384615385,0.012820521528168915,0.24435001421664604,0.28442138387554233,-0.01308338838813442
SINCERITIES,0.018461538461538463,0.04934671002639423,0.09498140294388073,0.08652752728613923,0.013335914306125586,0.16061805991676026,0.04934671002639423
