,PageRank,Centrality,Betweenness,Radiality,Clustering Coefficient,Local Efficiency,Node Degrees
PIDC,0.14477217577140825,0.11819066583369488,0.0715564651235153,0.273157789182775,-0.2529157136662883,-0.2846921637660083,0.11819066583369488
GRNBOOST2,0.11617520277952513,0.03464638182102772,0.06255587841974432,0.11193131612118001,0.017323137937247327,0.030942865194427262,0.03464638182102772
PPCOR,-0.257372756926948,-0.27162638885715895,-0.35957123724566437,-0.32995742062023414,-0.3167303003079954,-0.3061915782039493,-0.27162638885715895
SINCERITIES,0.3914210678264001,0.3197787348324763,0.2609473785509334,0.17701583135101295,0.36648804371786387,0.381038176782719,0.3197787348324763
