,Clustering Coefficient,Assortativity,In Centralization
GRNBOOST2,0.5135633514298412,1.5827247519243297,-0.42857142857142855
SINCERITIES,0.3773134560800773,1.6574114534975999,1.2857142857142858
