,Clustering Coefficient,Global Efficiency,Local Efficiency,Shortest Path Length,Assortativity,Centralization
PIDC,0.21830687830687828,-0.021428571428571463,0.16928130511463846,0.1333333333333333,0.18729479557134915,0.0
GRNBOOST2,0.18806637806637821,-0.014285714285714346,0.15484567901234558,0.08571428571428563,0.04331363368895204,0.1648351648351648
PPCOR,0.1658201058201057,-0.021428571428571463,0.1458597883597882,0.1333333333333333,-0.013048981708644658,0.0824175824175824
SINCERITIES,0.20498168498168506,-0.0015873015873016927,0.17096221679555001,0.00952380952380949,-0.13837648611796896,0.3296703296703296
