,Clustering Coefficient,Global Efficiency,Local Efficiency,Shortest Path Length,Assortativity,Centralization
PIDC,0.47116592440333444,-0.03020134228187924,0.2563036149404186,0.08333333333333331,1.5930348546398037,0.0
GRNBOOST2,0.40589865769721917,-0.02013422818791955,0.2344470776728194,0.05357142857142852,0.3684038733543779,0.6666666666666665
PPCOR,0.3578851204750483,-0.03020134228187924,0.2208418171501049,0.08333333333333331,-0.11098804222517382,0.33333333333333326
SINCERITIES,0.44240651434896056,-0.002237136465324533,0.25884863159137983,0.005952380952380931,-1.1769604423660045,1.333333333333333
