,Clustering Coefficient,Assortativity,In Centralization
GRNBOOST2,0.13458252201733456,0.28001108194772,-0.15306122448979592
SINCERITIES,0.09887737582706135,0.29322443701101264,0.45918367346938777
