,Clustering Coefficient,Assortativity,In Centralization
GRNBOOST2,0.39663884212396916,0.10309397642619884,0.20408163265306123
SINCERITIES,0.36093369593369595,0.11630733148949152,0.8163265306122449
ground truth,0.2620563201066346,-0.17691710552152115,0.35714285714285715
