,Clustering Coefficient,Global Efficiency,Local Efficiency,Shortest Path Length,Assortativity,Centralization
PIDC,0.6816402116402116,0.6880952380952381,0.8297530864197531,1.7333333333333334,0.0697237361398229,0.24725274725274726
GRNBOOST2,0.6513997113997115,0.6952380952380952,0.8153174603174602,1.6857142857142857,-0.07425742574257423,0.41208791208791207
PPCOR,0.629153439153439,0.6880952380952381,0.8063315696649028,1.7333333333333334,-0.13062004114017092,0.32967032967032966
SINCERITIES,0.6683150183150184,0.7079365079365079,0.8314339981006647,1.6095238095238096,-0.2559475455494952,0.5769230769230769
ground truth,0.4633333333333333,0.7095238095238096,0.6604717813051146,1.6,-0.11757105943152626,0.24725274725274726
