,PageRank,Out Centrality,Betweenness,Clustering Coefficient,Node In Degrees
GRNBOOST2,-0.42499999999999993,0.5128793892656791,0.15419804446416238,0.5668181951670007,-0.31686983122724016
SINCERITIES,0.6242215229007323,0.3297976461092531,0.2678039930541045,0.30278832039960724,0.3531170105568195
