,PageRank,Out Centrality,Betweenness,Clustering Coefficient,Node In Degrees
GRNBOOST2,0.1868512339009993,0.41050534187860377,0.30386657168118353,0.11480290803285231,0.034125694442569444
SINCERITIES,0.16697572667980257,-0.0186239570785766,0.009131338388864998,-0.0696642690048749,0.01729703181396691
