,PageRank,Centrality,Betweenness,Radiality,Clustering Coefficient,Local Efficiency,Node Degrees
PIDC,2.665121668597914,2.665121668597914,2.665121668597914,2.665121668597914,0.0,0.0,2.665121668597914
GRNBOOST2,0.0,2.4427586206896557,0.0,2.4427586206896557,2.4427586206896557,2.4427586206896557,2.4427586206896557
PPCOR,2.5539432176656156,0.0,2.5539432176656156,0.0,2.5539432176656156,2.5539432176656156,0.0
SINCERITIES,0.0,0.0,0.0,0.0,0.0,0.0,0.0
