,Clustering Coefficient,Assortativity,In Centralization
GRNBOOST2,0.5119320239971864,-0.0873511238535898,0.128099173553719
SINCERITIES,0.2182953109268899,0.0316377506940813,0.6510416666666666
ground truth,0.2872781777821079,0.01758923017885099,0.13020833333333334
