,Clustering Coefficient,Global Efficiency,Local Efficiency,Shortest Path Length,Assortativity,Centralization
PIDC,0.6531774891774892,0.5881666666666666,0.7582010582010581,2.1066666666666665,0.24164012738853652,0.21739130434782608
GRNBOOST2,0.611456176673568,0.6366930171277998,0.7578013572578791,1.8972332015810276,0.03392130257802101,0.11255411255411256
PPCOR,0.44682840307840316,0.632548309178744,0.5949467392175725,1.8695652173913044,0.07732536421367162,0.2134387351778656
SINCERITIES,0.38184802778920435,0.6308333333333334,0.5891862592744945,1.82,-0.28861920818855574,0.4438405797101449
ground truth,0.4967031214399635,0.6455555555555555,0.7365719348877243,1.7266666666666666,-0.2820730926266924,0.5797101449275363
