,Clustering Coefficient,Assortativity,In Centralization
GRNBOOST2,0.7820080451271585,-5.966170944685197,-0.016198347107438164
SINCERITIES,-0.240125676749243,0.7987001348201143,3.999999999999999
