,Clustering Coefficient,Assortativity,In Centralization
GRNBOOST2,0.2246538462150785,-0.10494035403244079,-0.0021091597796143446
SINCERITIES,-0.06898286685521801,0.014048520515230308,0.5208333333333333
