,PageRank,Centrality,Betweenness,Radiality,Clustering Coefficient,Local Efficiency,Node Degrees
PIDC,0.3512889832941782,0.38886874446182124,0.2479744282411526,0.3172093688332946,0.24840170106543247,0.23763568306713578,0.38886874446182124
GRNBOOST2,0.16654312344356842,0.21803464423186183,0.18190807956499397,0.14816704939621347,0.24118305894766157,0.20742597133060134,0.21803464423186183
PPCOR,0.2252173913043478,0.13595971625741413,0.31267667623265616,0.18891741794449524,0.10139864013775869,-0.06489547038327527,0.13595971625741413
SINCERITIES,0.25769230769230766,0.30898949974080625,0.13156376469567135,0.25292318952322723,0.0356520382184396,0.12268883384950663,0.30898949974080625
