,Clustering Coefficient,Global Efficiency,Local Efficiency,Shortest Path Length,Assortativity,Centralization
PIDC,0.31502594001000006,-0.08889845094664378,0.029364577020750463,0.22007722007722003,1.8566578440302826,-0.6250000000000001
GRNBOOST2,0.23102946263138135,-0.013728544896695656,0.028821926772693008,0.09878370747935968,1.1202571371205332,-0.8058441558441558
PPCOR,-0.1004115259372065,-0.020148918655990274,-0.19227612261895344,0.08275977841195244,1.2741323658120318,-0.6318181818181818
SINCERITIES,-0.2312348940304408,-0.022805507745266736,-0.2000967843496451,0.05405405405405415,-0.02320716060119482,-0.23437500000000008
