,Clustering Coefficient,Global Efficiency,Local Efficiency,Shortest Path Length,Assortativity,Centralization
PIDC,0.1564743677375257,-0.057388888888888934,0.021629123313333776,0.3799999999999999,0.5237132200152289,-0.3623188405797102
GRNBOOST2,0.11475305523360452,-0.00886253842775575,0.021229422370154793,0.17056653491436102,0.3159943952047134,-0.4671560323734237
PPCOR,-0.04987471836156032,-0.013007246376811499,-0.14162519567015186,0.14289855072463786,0.359398456840364,-0.36627140974967065
SINCERITIES,-0.11485509365075913,-0.014722222222222192,-0.1473856756132298,0.09333333333333349,-0.006546115561863353,-0.13586956521739135
