,Clustering Coefficient,Assortativity,In Centralization
GRNBOOST2,0.3248403770142904,-108657304378019.92,1.0
SINCERITIES,-0.12607499833717525,73280853445505.22,4.180276134122288
