,Clustering Coefficient,Assortativity,In Centralization
GRNBOOST2,0.09131623931623939,-0.2525773195876259,0.07653061224489796
SINCERITIES,-0.03544108286589481,0.170343647362777,0.31991909189711387
