,PageRank,Out Centrality,Betweenness,Clustering Coefficient,Node In Degrees
GRNBOOST2,-0.27499999999999997,,-0.3378017434666193,0.28763076293352774,-0.379094414163938
SINCERITIES,0.2951549010151056,,0.18261837233243147,-0.11615750547982319,0.32338083338177726
