,Clustering Coefficient,Global Efficiency,Local Efficiency,Shortest Path Length,Assortativity,Centralization
PIDC,0.08187464709203872,0.0,-0.005088970435505012,0.0,-11.32183908047343,1.0
GRNBOOST2,0.09768492377188072,-0.011286681715575581,0.0419580419580416,0.0290697674418605,-5.961038961047122,0.0
PPCOR,-0.060674503362249985,0.013544018058690698,-0.0463347034004102,-0.03488372093023257,-24.078212290530853,4.0
SINCERITIES,-0.14515608614987485,0.05747525612085443,-0.11215022601161231,-0.06753130590339897,-44.353079687744305,2.8888888888888893
