,PageRank,Centrality,Betweenness,Radiality,Clustering Coefficient,Local Efficiency,Node Degrees
PIDC,-0.2928571428571428,-0.4980582450917522,-0.125,0.016607772316073837,0.030387020677044872,-0.05511596503783801,-0.4980582450917522
GRNBOOST2,0.10714285714285714,0.11180339887498948,0.2321428571428571,0.3127918210476577,0.3640738002622873,0.4563423524967904,0.11180339887498948
PPCOR,0.44146577056219555,0.6785339833301384,0.44146577056219555,0.7857399896608149,0.017077153243918952,-0.33557296224006405,0.6785339833301384
SINCERITIES,0.2175824175824176,0.38145491387817354,-0.05054945054945055,0.15114265320025344,-0.19209734222234537,-0.3540038635716917,0.38145491387817354
