,Clustering Coefficient,Global Efficiency,Local Efficiency,Shortest Path Length,Assortativity,Centralization
PIDC,0.0460317460317462,0.0,-0.0038888888888888307,0.0,-0.0844913364213487,0.08241758241758242
GRNBOOST2,0.05492063492063515,-0.007936507936507908,0.032063492063491794,0.04761904761904767,-0.04448536538089876,0.0
PPCOR,-0.03411255411255387,0.00952380952380949,-0.03540804874138226,-0.05714285714285716,-0.17968815142167044,0.32967032967032966
SINCERITIES,-0.08160997732426295,0.040415140415140494,-0.08570294784580512,-0.11062271062271067,-0.33099313199772046,0.23809523809523814
