,Clustering Coefficient,Assortativity,In Centralization
GRNBOOST2,0.3724273504273504,-0.25257731958762825,0.15306122448979592
SINCERITIES,0.24567002824521622,0.17034364736277466,0.39644970414201186
ground truth,0.28111111111111103,-2.324531434250446e-15,0.07653061224489796
