,Clustering Coefficient,Global Efficiency,Local Efficiency,Shortest Path Length,Assortativity,Centralization
PIDC,0.6082539682539683,0.7031746031746031,0.7602910052910055,1.638095238095238,-0.09195402298850451,0.16483516483516483
GRNBOOST2,0.6171428571428572,0.6952380952380952,0.7962433862433861,1.6857142857142857,-0.05194805194805457,0.08241758241758242
PPCOR,0.5281096681096682,0.7126984126984126,0.728771845438512,1.5809523809523809,-0.18715083798882626,0.41208791208791207
SINCERITIES,0.4806122448979591,0.7435897435897436,0.6784769463340892,1.5274725274725274,-0.3384558185648763,0.32051282051282054
ground truth,0.5622222222222221,0.7031746031746031,0.7641798941798943,1.638095238095238,-0.007462686567155806,0.08241758241758242
