,Clustering Coefficient,Assortativity,In Centralization
GRNBOOST2,0.1798737715074991,0.47910379258794983,3.0
SINCERITIES,-0.19907218545953598,2.271148406437014,2.625
