,Clustering Coefficient,Global Efficiency,Local Efficiency,Shortest Path Length,Assortativity,Centralization
PIDC,0.6006349206349206,0.6761904761904762,0.6995855379188712,1.7619047619047619,0.15574043261231316,0.2692307692307692
GRNBOOST2,0.6734676434676435,0.7047619047619048,0.833986568986569,1.5904761904761904,-0.2490129723632255,0.6813186813186813
PPCOR,0.6448051948051948,0.6984126984126984,0.8089189514189514,1.6285714285714286,-0.31026936026936003,0.5164835164835165
SINCERITIES,0.5871676471676471,0.7047619047619048,0.7860644910644913,1.5904761904761904,-0.5400198968978935,0.5989010989010989
ground truth,0.5587512487512486,0.7015873015873016,0.7388187738187739,1.6095238095238096,-0.3644644644644641,0.5989010989010989
