,PageRank,Centrality,Betweenness,Radiality,Clustering Coefficient,Local Efficiency,Node Degrees
PIDC,-0.22182504188289742,-0.251908182760509,0.03677131523711421,-0.1361942668787338,0.017055682783339392,0.026032357932465392,-0.251908182760509
GRNBOOST2,0.4392857142857142,0.3983761921316488,0.35986474876686925,0.37570607870003764,-0.07384881674579306,-0.07384881674579306,0.3983761921316488
PPCOR,0.28571428571428564,0.13372160093619787,0.3763446903704226,0.13346154729706564,0.2686442822684988,0.3028673835125449,0.13372160093619787
SINCERITIES,-0.2737034790974461,-0.3595094583724668,-0.3291372229981127,-0.40925570172787024,0.17846151290175796,0.17846151290175796,-0.3595094583724668
