,PageRank,Out Centrality,Betweenness,Clustering Coefficient,Node In Degrees
GRNBOOST2,-0.10196796280100931,0.371752991602751,0.03285021599088021,-0.34591544021913584,0.13549738378092294
SINCERITIES,-0.305486863129687,-0.23133728982972152,0.1359766836250189,0.0009033427353333022,-0.2656831090319698
