,Clustering Coefficient,Global Efficiency,Local Efficiency,Shortest Path Length,Assortativity,Centralization
PIDC,0.07495942421118114,-0.03619909502262446,-0.05310265154351136,0.0946745562130177,1.4273130793180473,-0.5504587155963303
GRNBOOST2,0.20530852498813068,0.004524886877828038,0.1288107429591914,-0.011834319526627314,0.31677022963234686,0.13761467889908263
PPCOR,0.15401119236201785,-0.004524886877828196,0.09488142435505097,0.011834319526627177,0.14869791016454006,-0.13761467889908247
SINCERITIES,0.050856975228075564,0.004524886877828038,0.06394764036857885,-0.011834319526627314,-0.48168051909089854,0.0
