,Clustering Coefficient,Assortativity,In Centralization
GRNBOOST2,0.47210074000637336,-0.1858675243825435,0.8163265306122449
SINCERITIES,0.32047378547378547,0.4535744435558303,0.7397959183673469
ground truth,0.40012817591764965,-0.35682257182478333,0.20408163265306123
