,Clustering Coefficient,Global Efficiency,Local Efficiency,Shortest Path Length,Assortativity,Centralization
PIDC,0.041883671883672036,-0.025396825396825418,-0.039233235899902685,0.15238095238095228,0.5202048970767773,-0.32967032967032966
GRNBOOST2,0.11471639471639494,0.0031746031746031633,0.09516779516779506,-0.019047619047619202,0.11545149210123862,0.08241758241758246
PPCOR,0.08605394605394623,-0.0031746031746032743,0.0701001776001775,0.01904761904761898,0.054195104195104093,-0.08241758241758235
SINCERITIES,0.028416398416398536,0.0031746031746031633,0.047245717245717356,-0.019047619047619202,-0.17555543243342941,0.0
