,Clustering Coefficient,Assortativity,In Centralization
GRNBOOST2,0.07197256408872371,0.17095504744223983,0.6122448979591837
SINCERITIES,-0.07965439044386419,0.8103970153806137,0.5357142857142857
