,Clustering Coefficient,Assortativity,In Centralization
GRNBOOST2,2.2918135525140335,-0.0093425552008799,1.0945454545454543
SINCERITIES,0.7503759491401242,0.18911202172557762,3.6666666666666656
