,Clustering Coefficient,Assortativity,In Centralization
GRNBOOST2,0.48714223807432744,-0.10390413336539465,0.2727272727272727
SINCERITIES,0.25903109144331166,-0.08347474522388727,0.6076388888888888
ground truth,0.14798597499614938,-0.10294238841907899,0.13020833333333334
