,Clustering Coefficient,Assortativity,In Centralization
GRNBOOST2,0.33915626307817803,-0.0009617449463156652,0.14251893939393936
SINCERITIES,0.11104511644716228,0.019467643195191717,0.47743055555555547
