,Clustering Coefficient,Global Efficiency,Local Efficiency,Shortest Path Length,Assortativity,Centralization
PIDC,0.6747223790702052,0.5967061923583663,0.808668988016814,2.2529644268774702,0.7208694314861321,0.15800865800865802
GRNBOOST2,0.7106868976434195,0.6314229249011858,0.8341641450337103,1.9367588932806323,0.22488703510601488,0.35714285714285715
PPCOR,0.41660606060606065,0.6288888888888888,0.6338429533429533,1.8333333333333333,-0.013176098557217193,0.16847826086956522
SINCERITIES,0.3943332092743857,0.6305555555555555,0.5315872145283911,1.8266666666666667,-0.3465137243930488,0.4855072463768116
ground truth,0.2705483405483405,0.6416666666666667,0.44459865319865316,1.7566666666666666,0.008087201125170411,0.16847826086956522
