,Clustering Coefficient,Global Efficiency,Local Efficiency,Shortest Path Length,Assortativity,Centralization
PIDC,1.4939069214126208,-0.07006827164929934,0.8188741288325245,0.2825224441427725,88.13707231077949,-0.06214215891635242
GRNBOOST2,1.6268388717632398,-0.01596427288126898,0.8762183354185591,0.10251929408764653,26.807770775736223,1.1198156682027651
PPCOR,0.5398581257667081,-0.019913419913420084,0.42565198698373696,0.04364326375711575,-2.629253230293509,0.0
SINCERITIES,0.4575332765862145,-0.017316017316017427,0.19565637615836448,0.039848197343453545,-43.847175311934286,1.8817204301075268
