,Clustering Coefficient,Global Efficiency,Local Efficiency,Shortest Path Length,Assortativity,Centralization
PIDC,0.4041740385218647,-0.04496047430830041,0.3640703348181608,0.49629776021080363,0.7127822303609618,-0.010469602860907201
GRNBOOST2,0.44013855709507904,-0.01024374176548093,0.3895654918350571,0.18009222661396573,0.21679983398084446,0.18866459627329193
PPCOR,0.14605772005772016,-0.012777777777777888,0.1892443001443001,0.07666666666666666,-0.021263299682387604,0.0
SINCERITIES,0.12378486872604522,-0.011111111111111183,0.08698856132973792,0.07000000000000006,-0.3546009255182192,0.31702898550724634
