,PageRank,Out Centrality,Betweenness,Clustering Coefficient,Node In Degrees
GRNBOOST2,2.4427586206896557,2.4427586206896557,2.4427586206896557,0.0,2.4427586206896557
SINCERITIES,6.662804171494785,2.665121668597914,0.0,0.0,6.662804171494785
