,PageRank,Centrality,Betweenness,Radiality,Clustering Coefficient,Local Efficiency,Node Degrees
PIDC,0.3232023819943434,0.4044174821059836,0.07066963398347265,0.34185004614608533,-0.004708799318822746,-0.15264722304070893,0.4044174821059836
GRNBOOST2,0.2549407114624506,0.2775920443086232,0.39861542743741935,0.39418334076197964,0.008680555555555556,-0.1668317649405969,0.2775920443086232
PPCOR,0.3153846153846154,0.31486276007239633,0.013076923076923076,0.2594304585331611,-0.259760417788881,-0.4661147823415513,0.31486276007239633
SINCERITIES,-0.04232397389086484,-0.030057417361239524,-0.1297306967038371,-0.08095071837479176,0.16122180351349266,0.020246855998273444,-0.030057417361239524
