,PageRank,Out Centrality,Betweenness,Clustering Coefficient,Node In Degrees
GRNBOOST2,-0.27045742914208964,-0.08605499700488123,0.06456506960772655,0.04975248134404524,-0.22884954959328002
SINCERITIES,0.004301669264901363,-0.09043023174977534,0.13372370128595654,0.3509921082272693,0.32734871091307643
