,Clustering Coefficient,Assortativity,In Centralization
GRNBOOST2,0.6622374847374848,3.8503091942891677e-16,0.10059171597633136
SINCERITIES,0.18875872555117837,-0.15132607999490263,0.6319444444444444
ground truth,0.34474987974987975,0.12879214711891207,0.1836734693877551
