,PageRank,Out Centrality,Betweenness,Clustering Coefficient,Node In Degrees
GRNBOOST2,0.5562927461598269,-0.13061333289360177,0.4024766663153798,0.13227950477074646,0.22025387038687164
SINCERITIES,0.14715357241347224,-0.27659463168220844,0.37207449445378005,0.3431232666711933,-0.010803395392536072
