,Clustering Coefficient,Assortativity,In Centralization
GRNBOOST2,0.31748760498760503,-0.12879214711891168,-0.08308175341142375
SINCERITIES,-0.15599115419870138,-0.28011822711381473,0.44827097505668934
