,PageRank,Centrality,Betweenness,Radiality,Clustering Coefficient,Local Efficiency,Node Degrees
PIDC,3.6206896551724133,3.6206896551724133,3.6206896551724133,0.0,0.0,0.0,3.6206896551724133
GRNBOOST2,3.6206896551724133,0.0,3.6206896551724133,0.0,0.0,0.0,0.0
PPCOR,0.0,0.0,0.0,0.0,0.0,0.0,0.0
SINCERITIES,3.12,0.0,3.12,0.0,0.0,0.0,0.0
