,Clustering Coefficient,Global Efficiency,Local Efficiency,Shortest Path Length,Assortativity,Centralization
PIDC,0.0035161135161134727,-0.033333333333333326,-0.023675645342311924,0.19999999999999996,0.6988644277377141,-0.3296703296703297
GRNBOOST2,-0.10696007696007692,-0.023809523809523836,-0.09171797338463994,0.1428571428571428,0.5270001330264426,-0.3296703296703297
PPCOR,-0.01075826290112003,-0.0037851037851037717,0.0006884892003941046,0.13699633699633695,0.8751963834961475,-0.17032967032967034
SINCERITIES,-0.3337000037000037,0.07222222222222219,-0.3044713311379977,-0.17619047619047623,0.033817172773287774,-0.08408258408258412
