,PageRank,Centrality,Betweenness,Radiality,Clustering Coefficient,Local Efficiency,Node Degrees
PIDC,0.21422845142764982,0.179282242410098,0.17397042520331293,0.17230416685010388,-0.1857292992572603,-0.1937855732028172,0.179282242410098
GRNBOOST2,0.25223653956039144,0.22737073058725657,0.2539782112306262,0.306861205425623,0.28116481157279627,0.34090965439658866,0.22737073058725657
PPCOR,-0.35942864749527137,-0.3287808339146127,0.051869730333110674,-0.3484885406171553,0.1118593425356707,0.17411408312951746,-0.3287808339146127
SINCERITIES,0.23658894458871366,0.07072199454316805,0.1994509519874157,0.1592234677302826,0.49652729269926454,0.49304753677636504,0.07072199454316805
