,Clustering Coefficient,Assortativity,In Centralization
GRNBOOST2,0.9209215829689228,-0.999999999999997,-0.4523339907955293
SINCERITIES,-0.4524763121364244,-2.1749635624537365,2.440586419753086
