,Clustering Coefficient,Assortativity,In Centralization
GRNBOOST2,0.16389675554780564,0.1970089621633284,0.32023358585858586
SINCERITIES,-0.130649651954799,0.1283445639740267,0.44809060596513334
