,Clustering Coefficient,Global Efficiency,Local Efficiency,Shortest Path Length,Assortativity,Centralization
PIDC,0.7155839329752374,0.6640316205533597,0.7879975097366401,1.7984189723320159,0.2541569742396823,0.2683982683982684
GRNBOOST2,0.6416423576423577,0.6186111111111111,0.7481542901542901,2.0,-0.11605194509798421,0.32065217391304346
PPCOR,0.48910955710955717,0.6416666666666667,0.614469252969253,1.8133333333333332,0.09061589767402616,0.32065217391304346
SINCERITIES,0.27190679690679687,0.6521739130434783,0.39252337169003826,1.8079710144927537,-0.27216339441266474,0.3201581027667984
ground truth,0.5904761904761904,0.6211111111111112,0.7765873015873014,1.9333333333333333,0.03285968028422342,0.04891304347826087
