,PageRank,Centrality,Betweenness,Radiality,Clustering Coefficient,Local Efficiency,Node Degrees
PIDC,0.06134063558021599,0.11537833133320394,0.0014888485979641405,-0.07991856959232682,-0.03521420753984385,-0.05393507594702232,0.11537833133320394
GRNBOOST2,0.08695652817577686,0.07721212658585715,0.11038223303364895,-0.17498425969426512,0.05641431843664923,0.018232857624807294,0.07721212658585715
PPCOR,0.14153846153846153,0.17798591034708863,0.13464127965931277,0.1344626737103031,-0.18389501458748972,-0.12879950582008007,0.17798591034708863
SINCERITIES,0.1996086152862158,0.08750249451480914,0.036996757485112636,0.044264046876995686,-0.2494550040730931,-0.03619007768837293,0.08750249451480914
