,PageRank,Out Centrality,Betweenness,Clustering Coefficient,Node In Degrees
GRNBOOST2,-0.050520214353843455,,-0.16703214613351983,0.1008590517812153,-0.05571722829284129
SINCERITIES,-0.3531180692002806,,-0.26688237061964754,-0.2122014088408326,-0.1892170263038241
