,Clustering Coefficient,Assortativity,In Centralization
GRNBOOST2,0.5486448246286799,12021134906876.748,7.378181818181818
SINCERITIES,-0.43735005702190954,7831356001037.99,10.324007561436673
