,Clustering Coefficient,Assortativity,In Centralization
GRNBOOST2,0.4626269142779643,0.19700896216334476,0.36363636363636365
SINCERITIES,0.16808050677535968,0.12834456397404306,0.4914933837429111
ground truth,0.2987301587301587,1.6388549308321002e-14,0.043402777777777776
