,Clustering Coefficient,Global Efficiency,Local Efficiency,Shortest Path Length,Assortativity,Centralization
PIDC,0.125107742499047,0.04292050944224857,0.011410208149338685,-0.13491436100131748,0.22129729395545888,0.21948522492000755
GRNBOOST2,0.05116616716616729,-0.0025000000000000577,-0.028433011433011246,0.06666666666666665,-0.14891162538220762,0.2717391304347826
PPCOR,-0.10136663336663321,0.02055555555555555,-0.16211804861804835,-0.1200000000000001,0.05775621738980274,0.2717391304347826
SINCERITIES,-0.3185693935693935,0.0310628019323671,-0.3840639298972631,-0.1253623188405797,-0.30502307469688816,0.27124505928853754
