,Clustering Coefficient,Assortativity,In Centralization
GRNBOOST2,0.08934764557455888,-0.06268055609048542,-0.12007718966603659
SINCERITIES,0.03236976710300854,-0.20127960602246214,0.19750315059861367
