,PageRank,Centrality,Betweenness,Radiality,Clustering Coefficient,Local Efficiency,Node Degrees
PIDC,-0.15749119686610424,-0.1534937372535678,-0.4296567027538904,-0.2142222117480126,0.07806143315139864,0.14721407540861392,-0.1534937372535678
GRNBOOST2,0.05307692307692308,0.018482579818617534,0.14513958146726819,-0.048088079238316074,0.0015498065632792665,0.07214519595785411,0.018482579818617534
PPCOR,0.059230769230769226,0.012992613347294018,0.09809578946607074,-0.12000833232112205,0.1921389821449948,0.21581533619966844,0.012992613347294018
SINCERITIES,-0.15739130434782608,-0.13687474964296267,-0.2631578947368421,-0.09453927889859624,-0.215870533475085,-0.13805928499950704,-0.13687474964296267
