,Clustering Coefficient,Assortativity,In Centralization
GRNBOOST2,0.332916839360069,-0.7194295056488814,-0.23054820415879024
SINCERITIES,0.1206124737306302,-2.3102297824049205,0.37920604914933825
