,PageRank,Out Centrality,Betweenness,Clustering Coefficient,Node In Degrees
GRNBOOST2,-0.16750054779605464,-0.4636853633394675,-0.1395033149196789,-0.17517512029807894,-0.5005693267614579
SINCERITIES,-0.49435640723963886,0.4126724605132534,-0.09925515095093335,-0.08946130939927427,-0.716022224599378
