,Clustering Coefficient,Assortativity,In Centralization
GRNBOOST2,0.0634199276908583,-0.004173636741174158,-0.0010566356720203007
SINCERITIES,-0.315214385121086,-0.03388304776067784,0.1530612244897959
