,PageRank,Out Centrality,Betweenness,Clustering Coefficient,Node In Degrees
GRNBOOST2,0.046255506607929514,0.46843456504948483,-0.18113670841756463,-0.38913621156407746,-0.311408372573961
SINCERITIES,0.27549194991055453,-0.49294383149595633,-0.10278822384457999,0.0642536304677381,0.31821852835869113
