,Clustering Coefficient,Assortativity,In Centralization
GRNBOOST2,0.13790824125234286,-0.03954076375640413,-0.005917159763313684
SINCERITIES,-0.6854416750739019,-0.3210057966077347,0.857142857142857
