,PageRank,Centrality,Betweenness,Radiality,Clustering Coefficient,Local Efficiency,Node Degrees
PIDC,0.21842436286746103,0.4149878805727711,-0.12422620483143441,0.04098530637573791,-0.07311600624044087,-0.05387495196664065,0.4149878805727711
GRNBOOST2,0.10554578605718508,0.16187622452072967,0.10997073870323701,0.13243264740322197,-0.24878996326685657,-0.21256766976440236,0.16187622452072967
PPCOR,0.1032967032967033,0.060783813560789685,-0.19958192136811007,0.036748329621380846,-0.004730472703803728,-0.021145995486226407,0.060783813560789685
SINCERITIES,-0.3214285714285714,-0.4310669047822316,0.11736947548487114,-0.38190185996317577,0.2861351177692465,0.225022307091388,-0.4310669047822316
