,Clustering Coefficient,Assortativity,In Centralization
GRNBOOST2,0.523290397468029,-0.10972639659392698,0.17751479289940827
SINCERITIES,0.14465608465608465,-0.13943580761343066,0.33163265306122447
ground truth,0.45987046977717067,-0.10555275985275282,0.17857142857142858
