,Clustering Coefficient,Assortativity,In Centralization
GRNBOOST2,1.5704029037268703,1.563546300066375,0.0
SINCERITIES,0.1807569113679303,-0.5791639709747898,2.0000000000000004
