,PageRank,Centrality,Betweenness,Radiality,Clustering Coefficient,Local Efficiency,Node Degrees
PIDC,0.12316333370070304,0.13671222133667685,0.09996703322098323,0.14610266919533593,-0.09580925721896769,-0.17106301067890237,0.13671222133667685
GRNBOOST2,0.1314321704386391,0.20000243629039713,0.08386369349688384,0.04955185018421699,-0.04855873813654742,0.03709428129829985,0.20000243629039713
PPCOR,-0.07692307692307691,-0.02957897195684082,-0.16102347056560215,0.03128064843760895,0.19582856364519077,0.17351108999355275,-0.02957897195684082
SINCERITIES,0.23846153846153845,0.2513715026443777,0.2701038861100423,0.08800815896680415,-0.17320703977217278,-0.2019305621355055,0.2513715026443777
