,Clustering Coefficient,Global Efficiency,Local Efficiency,Shortest Path Length,Assortativity,Centralization
PIDC,0.2771618440039492,-0.08055555555555549,0.1437045138097769,0.5833333333333333,0.1991556984522056,-0.40760869565217395
GRNBOOST2,0.23912721196931713,-0.05638888888888882,0.10242457152983453,0.3800000000000001,0.3751332043485973,-0.40760869565217395
PPCOR,0.01016634277315398,-0.014722222222222192,-0.018179692397958802,0.10000000000000009,0.17700468945626402,-0.09057971014492755
SINCERITIES,0.04100096394833236,-0.0005555555555555314,0.010505131320920569,0.0033333333333334103,-0.1426233984739474,-0.04528985507246386
