,Clustering Coefficient,Assortativity,In Centralization
GRNBOOST2,0.5958438731115431,0.3096848249386702,0.1736111111111111
SINCERITIES,0.27371069735900405,0.05083837649945429,0.5208333333333334
ground truth,0.23180952380952383,0.12080328915091251,0.1736111111111111
