,Clustering Coefficient,Global Efficiency,Local Efficiency,Shortest Path Length,Assortativity,Centralization
PIDC,0.7345743145743145,0.5733333333333334,0.8300120250120251,2.3,-0.08706786171574282,0.1503623188405797
GRNBOOST2,0.6965396825396825,0.5975,0.7887320827320827,2.0966666666666667,0.08890964418064888,0.1503623188405797
PPCOR,0.4675788133435193,0.6391666666666667,0.6681278188042894,1.8166666666666667,-0.1092188707116844,0.4673913043478261
SINCERITIES,0.4984134345186977,0.6533333333333333,0.6968126425231688,1.72,-0.4288469586418958,0.5126811594202898
ground truth,0.4574124705703653,0.6538888888888889,0.6863075112022482,1.7166666666666666,-0.2862235601679484,0.5579710144927537
