,Clustering Coefficient,Global Efficiency,Local Efficiency,Shortest Path Length,Assortativity,Centralization
PIDC,0.6059341662861648,-0.1231945624468988,0.20938793684195678,0.3398058252427184,0.6958047001279221,-0.7305194805194806
GRNBOOST2,0.5227824498775474,-0.08623619371282913,0.14924005618182867,0.22135922330097096,1.310630068777284,-0.7305194805194806
PPCOR,0.022225766517640355,-0.022514868309260787,-0.026489135119783676,0.05825242718446608,0.6184141143112131,-0.16233766233766236
SINCERITIES,0.08963674273507818,-0.0008496176720475416,0.015306741000864273,0.001941747572815579,-0.49829370576712745,-0.08116883116883132
