,PageRank,Out Centrality,Betweenness,Clustering Coefficient,Node In Degrees
GRNBOOST2,-0.2023855478781355,0.11900343010050561,0.03824640313047842,-0.11574077519528049,-0.02190183692979383
SINCERITIES,0.3356584378684827,-0.02455580396496639,0.30437169387516394,-0.25308404009252117,0.2506202940025319
