,Clustering Coefficient,Assortativity,In Centralization
GRNBOOST2,0.3640343493020193,0.1888815357877577,0.0
SINCERITIES,0.041901173549480225,-0.06996491265145822,0.34722222222222227
