,Clustering Coefficient,Assortativity,In Centralization
GRNBOOST2,0.12862672781151885,-0.049586990619016634,0.13020833333333334
SINCERITIES,0.22510420374415185,0.06517902318402,0.607638888888889
