,PageRank,Centrality,Betweenness,Radiality,Clustering Coefficient,Local Efficiency,Node Degrees
PIDC,-0.2546624062881496,-0.303001027060445,-0.26851489446606924,-0.31879585546887335,-0.2518107236295932,-0.1334989305820005,-0.303001027060445
GRNBOOST2,-0.060886432866096754,-0.1867882261326733,0.10790000761080437,-0.15429059253344882,0.17465224111282845,0.0755445345198351,-0.1867882261326733
PPCOR,0.36,0.3083854544678592,0.4669230769230769,0.30730273240259026,0.045173758642168535,0.0837666477245543,0.3083854544678592
SINCERITIES,-0.3484615384615385,-0.3504393301420397,-0.20935158385111335,-0.17676368238031825,0.09408809891808347,0.11721638079564453,-0.3504393301420397
