,Clustering Coefficient,Global Efficiency,Local Efficiency,Shortest Path Length,Assortativity,Centralization
PIDC,0.5658481240981241,0.2680555555555555,0.36270260942760946,-0.5583333333333333,-0.0005613704375918155,0.025103519668737057
GRNBOOST2,0.12667288267288268,-0.033333333333333326,0.05932272542272543,0.20666666666666655,0.3020138845611386,0.13586956521739132
PPCOR,0.18292707292707278,-0.014444444444444482,0.08963520923520929,0.08666666666666667,0.19934473958077134,0.18115942028985507
SINCERITIES,0.31058866786434414,0.005555555555555536,0.23461481158397313,-0.03333333333333344,-0.2823423335678783,0.5434782608695653
