,Clustering Coefficient,Assortativity,In Centralization
GRNBOOST2,0.6456699094610118,-3.303935944188091,0.8823529411764707
SINCERITIES,1.1299596384334347,4.342818848582572,4.11764705882353
