,Clustering Coefficient,Global Efficiency,Local Efficiency,Shortest Path Length,Assortativity,Centralization
PIDC,0.9314123376623378,0.9375,0.9657061688311688,1.125,-0.10832323931476348,0.14285714285714285
GRNBOOST2,0.4922370962370963,0.6361111111111112,0.6623262848262848,1.89,0.19425201568396694,0.2536231884057971
PPCOR,0.5484912864912864,0.655,0.6926387686387686,1.77,0.09158287070359968,0.29891304347826086
SINCERITIES,0.6761528814285578,0.675,0.8376183709875324,1.65,-0.39010420244504995,0.6612318840579711
ground truth,0.36556421356421365,0.6694444444444445,0.6030035594035593,1.6833333333333333,-0.10776186887717167,0.11775362318840579
