,PageRank,Out Centrality,Betweenness,Clustering Coefficient,Node In Degrees
GRNBOOST2,-0.23171677381867384,-0.29358381121193133,-0.13931426104868178,0.1290696033137097,-0.5580376814849616
SINCERITIES,-0.07909214950816686,0.22200425325522744,-0.1157843838160793,-0.08903451092935759,-0.12517497960020163
