,Clustering Coefficient,Global Efficiency,Local Efficiency,Shortest Path Length,Assortativity,Centralization
PIDC,1.5478761407774653,0.40041493775933595,0.6014933142125471,-0.3316831683168317,-0.0052093606341559705,0.21318681318681318
GRNBOOST2,0.3465133565395667,-0.04979253112033193,0.09837873176304715,0.1227722772277227,2.802604369318964,1.153846153846154
PPCOR,0.5003965545301947,-0.021576763485477234,0.14864789409181753,0.05148514851485149,1.8498634225431538,1.5384615384615385
SINCERITIES,0.8496145310180568,0.008298755186721962,0.3890769928722054,-0.019801980198019865,-2.6200578786332636,4.615384615384616
