,Clustering Coefficient,Assortativity,In Centralization
GRNBOOST2,0.3278411033411034,-0.034578530571162364,0.2777777777777778
SINCERITIES,0.4243185792737364,0.08018748323187426,0.7552083333333334
ground truth,0.19921437552958454,0.015008460047854269,0.14756944444444445
