,PageRank,Centrality,Betweenness,Radiality,Clustering Coefficient,Local Efficiency,Node Degrees
PIDC,-0.021078952797356325,0.055324055131627754,0.0006258803417444419,0.07689672715519963,0.012401533425084469,0.01561696717085392,0.055324055131627754
GRNBOOST2,0.13165645146953686,0.13532741931761688,0.08979343346880335,0.11036871545009169,0.011457605992615747,0.005769468586051571,0.13532741931761688
PPCOR,-0.05735183385402458,-0.05981613550257707,-0.0309169898551193,-0.08758743113428648,-0.04378785297718558,-0.048047678271075756,-0.05981613550257707
SINCERITIES,0.05038605525131927,0.048480301248759815,0.03757355013361667,0.006058560585107128,0.013305455091209544,0.013113772174587692,0.048480301248759815
