,Clustering Coefficient,Assortativity,In Centralization
GRNBOOST2,-0.33447963089257404,0.223992517309684,0.00270910337882535
SINCERITIES,-0.4928956017288277,0.13022059021853583,0.021010157251648207
