,Clustering Coefficient,Assortativity,In Centralization
GRNBOOST2,-0.6719329103924798,3.0820578866322674,0.9933514744026563
SINCERITIES,-0.9901732291006805,1.7917893057563996,7.703829557218931
