,PageRank,Out Centrality,Betweenness,Clustering Coefficient,Node In Degrees
GRNBOOST2,0.058203635278005185,0.0473382275420496,0.03890938427419667,0.041002619175517716,0.12706886629135386
SINCERITIES,0.032416276471311956,0.059511738950883214,0.028749505818179297,0.024884567519173156,0.029426200454441043
