,PageRank,Out Centrality,Betweenness,Clustering Coefficient,Node In Degrees
GRNBOOST2,-0.19503751082077594,-0.31980062085277067,0.14472675574056704,-0.15193530033292052,-0.13647382807658037
SINCERITIES,-0.045127284765538574,-0.1390533358543933,0.04422452917505764,-0.1044841097083152,-0.12847178664369785
