,Clustering Coefficient,Global Efficiency,Local Efficiency,Shortest Path Length,Assortativity,Centralization
PIDC,0.3188023088023088,-0.0427777777777778,0.25815406445406447,0.27333333333333343,0.19564924856689891,0.0
GRNBOOST2,0.23242712842712837,-0.02055555555555555,0.25934800384800377,0.1233333333333333,0.2514342408289226,0.0
PPCOR,0.08340082140082139,-0.009444444444444478,0.1298491101491101,0.05666666666666664,0.11952513349840102,0.09057971014492752
SINCERITIES,0.2538801383801384,-0.006135265700483061,0.20913245643245643,0.096231884057971,0.007072410489978795,0.1383399209486166
