,Clustering Coefficient,Global Efficiency,Local Efficiency,Shortest Path Length,Assortativity,Centralization
PIDC,0.6042222222222222,0.595,0.7103963443963444,2.046666666666667,0.07128656631638515,0.21739130434782608
GRNBOOST2,0.5178470418470418,0.6172222222222222,0.7115902837902837,1.8966666666666667,0.12707155857840882,0.21739130434782608
PPCOR,0.3688207348207348,0.6283333333333333,0.58209139009139,1.83,-0.004837548752112739,0.3079710144927536
SINCERITIES,0.5393000518000518,0.6316425120772947,0.6613747363747363,1.8695652173913044,-0.11729027176053497,0.3557312252964427
ground truth,0.2854199134199134,0.6377777777777778,0.4522422799422799,1.7733333333333334,-0.12436268225051376,0.21739130434782608
