,Clustering Coefficient,Assortativity,In Centralization
GRNBOOST2,0.3730416407799884,0.21056639262154195,0.1736111111111111
SINCERITIES,0.36363587680561876,0.23166283113794137,0.4914933837429111
ground truth,0.15440155262670557,-0.07237506679326076,0.1736111111111111
