,Clustering Coefficient,Assortativity,In Centralization
GRNBOOST2,1.4160485075035862,3.9093775239340975,0.0
SINCERITIES,1.3551309596269152,4.20086517916019,1.8310018903591683
