,Clustering Coefficient,Assortativity,In Centralization
GRNBOOST2,0.21864008815328284,0.2829414594148027,0.0
SINCERITIES,0.2092343241789132,0.3040378979312021,0.3178822726318
