,Clustering Coefficient,Global Efficiency,Local Efficiency,Shortest Path Length,Assortativity,Centralization
PIDC,1.1169588869340128,-0.06707317073170736,0.5708313351131453,0.1541353383458647,1.5732150917490415,0.0
GRNBOOST2,0.8143339602418652,-0.03222996515679442,0.5734713788394676,0.0695488721804511,2.0217820674086004,0.0
PPCOR,0.29220393350102747,-0.014808362369338031,0.28712288945138625,0.0319548872180451,0.9611012832421217,0.41666666666666663
SINCERITIES,0.8894969357188007,-0.009619754582638947,0.46243455268965167,0.05426610003269042,0.05686923409815389,0.6363636363636365
