,PageRank,Centrality,Betweenness,Radiality,Clustering Coefficient,Local Efficiency,Node Degrees
PIDC,-0.38161185549153787,-0.4048016102758167,-0.33583382040737164,-0.4447149746082268,0.10771039196085762,0.12374719147004741,-0.4048016102758167
GRNBOOST2,-0.3623076923076923,-0.4099050513372616,-0.3815384615384615,-0.35490805616592036,-0.35726761782766986,-0.1786333045606951,-0.4099050513372616
PPCOR,-0.05153846153846154,-0.05700201230257969,0.043076923076923075,-0.02263881195278263,-0.059620815141356955,-0.23460355856458892,-0.05700201230257969
SINCERITIES,-0.23478260869565212,-0.3114834002333608,-0.09607078498925448,-0.34982134365689405,-0.18516909417544444,-0.14357449167005484,-0.3114834002333608
