,Clustering Coefficient,Assortativity,In Centralization
GRNBOOST2,0.5323614485945666,0.15247388360234243,0.1736111111111111
SINCERITIES,0.24748756418360476,0.17280439341855786,0.8246527777777778
ground truth,0.18135688094600674,-0.16831559722288275,0.1736111111111111
