,PageRank,Centrality,Betweenness,Radiality,Clustering Coefficient,Local Efficiency,Node Degrees
PIDC,-0.26235815065043233,-0.16821101154828183,-0.46325513240546606,-0.22812837871592198,0.054534988807974,0.12413394919168592,-0.16821101154828183
GRNBOOST2,0.04076923076923076,0.08731947414816951,-0.12307692307692307,-0.17304333875165967,-0.04524370405862451,0.11153925420692229,0.08731947414816951
PPCOR,0.043076923076923075,0.000792907977655329,0.006153846153846154,-0.06998445319014979,-0.009477767633114188,0.02270540738589042,0.000792907977655329
SINCERITIES,-0.04157045111697139,-0.0056575170990777225,-0.11701196792760783,0.06243924369128755,0.15795591262262795,0.17496188850877403,-0.0056575170990777225
