,Clustering Coefficient,Assortativity,In Centralization
GRNBOOST2,1.9354356218392412,1.9058808935005422,0.0
SINCERITIES,0.3646439158671147,2.026668925932818,3.7500000000000004
