,Clustering Coefficient,Global Efficiency,Local Efficiency,Shortest Path Length,Assortativity,Centralization
PIDC,0.5444444444444444,0.5955555555555555,0.724164021164021,2.01,0.06977971243899113,0.14130434782608695
GRNBOOST2,0.5799018759018758,0.5969444444444445,0.7578650793650792,1.9933333333333334,0.011725405044262683,0.18659420289855072
PPCOR,0.4686176046176047,0.6130555555555556,0.6403506493506493,1.8966666666666667,0.11699540664685225,0.18659420289855072
SINCERITIES,0.42967343767343763,0.6377777777777778,0.6074674214674215,1.7466666666666666,-0.35125826185283227,0.6847826086956522
ground truth,0.27831457431457435,0.6266666666666667,0.44388114478114477,1.8133333333333332,-0.1672487731553122,0.2318840579710145
