,Clustering Coefficient,Global Efficiency,Local Efficiency,Shortest Path Length,Assortativity,Centralization
PIDC,0.9562196690032764,-0.04964539007092213,0.6314367701314942,0.10845588235294111,1.4172210720744218,-0.39062500000000006
GRNBOOST2,1.0836202248123101,-0.04742907801418437,0.707360378505701,0.09926470588235303,1.0701075698377418,-0.19531250000000003
PPCOR,0.6837695466423329,-0.021719858156028397,0.4426173692653102,0.04595588235294126,1.6995292368345616,-0.19531250000000003
SINCERITIES,0.5438409531072019,0.017730496453900645,0.3685362142763077,-0.036764705882352935,-1.1002142809540574,1.953125
