,PageRank,Out Centrality,Betweenness,Clustering Coefficient,Node In Degrees
GRNBOOST2,-0.09232544890924305,0.4029145078010944,-0.14404977397384675,-0.021982286085783675,0.005044760352009252
SINCERITIES,-0.05250176629283658,0.05691612728001137,-0.11856532855206958,0.162840129794834,-0.20634562227754175
