,Clustering Coefficient,Assortativity,In Centralization
GRNBOOST2,0.3510045676485598,0.3207894808252252,0.0
SINCERITIES,0.06613068323759802,0.3411199906414406,0.6510416666666667
