,Clustering Coefficient,Global Efficiency,Local Efficiency,Shortest Path Length,Assortativity,Centralization
PIDC,0.26612987012987005,-0.0311111111111112,0.28028287638287624,0.19666666666666655,0.23702848559430334,-0.09057971014492755
GRNBOOST2,0.30158730158730146,-0.029722222222222205,0.3139839345839344,0.18000000000000016,0.17897417819957487,-0.045289855072463775
PPCOR,0.19030303030303036,-0.01361111111111113,0.19646950456950457,0.08333333333333348,0.28424417980216443,-0.045289855072463775
SINCERITIES,0.15135886335886328,0.011111111111111072,0.16358627668627673,-0.06666666666666665,-0.18400948869752007,0.4528985507246377
