,PageRank,Centrality,Betweenness,Radiality,Clustering Coefficient,Local Efficiency,Node Degrees
PIDC,0.07046979865771812,0.06957250628667226,0.06333333333333334,0.08411214953271028,0.05716652858326429,0.055417700578990904,0.06957250628667226
GRNBOOST2,0.07450331125827815,0.07628524046434494,0.08076602830974189,0.08528428093645485,0.06831275720164609,0.057003257328990226,0.07717842323651453
PPCOR,0.0384,0.03923138510808647,0.03923138510808647,0.0384,0.04424778761061947,0.06132461161079313,0.03923138510808647
SINCERITIES,0.057279236276849645,0.057279236276849645,0.06490384615384616,0.052256532066508314,0.057279236276849645,0.052256532066508314,0.057279236276849645
