,PageRank,Centrality,Betweenness,Radiality,Clustering Coefficient,Local Efficiency,Node Degrees
PIDC,1.3373221176298569,1.3202939870457384,1.2018917190508334,1.5962162525515247,1.0848627996490756,1.0516748749693854,1.3202939870457384
GRNBOOST2,1.4127486918193892,1.4465380377191785,1.5315037534705225,1.6171798849054055,1.29536200124901,1.0809086986993082,1.4634747720955046
PPCOR,0.7281495124129373,0.7439144254619099,0.7439144254619099,0.7281495124129373,0.8390365878652026,1.1628511990445776,0.7439144254619099
SINCERITIES,1.0853947699341764,1.0853947699341764,1.229874903071448,1.0139277837449907,1.0853947699341764,0.9902186252230044,1.0853947699341764
