,Clustering Coefficient,Assortativity,In Centralization
GRNBOOST2,-0.8260774331996241,31.328913482095306,-0.014654316828952397
SINCERITIES,-0.9265039963947564,26.459122639417807,6.737725187560832
