,PageRank,Centrality,Betweenness,Radiality,Clustering Coefficient,Local Efficiency,Node Degrees
PIDC,0.00923666137025471,0.05042898381990692,0.005468892273787855,0.0804654511893537,-0.014551961826727924,-0.022051984106160057,0.05042898381990692
GRNBOOST2,0.13393142105697367,0.13341680029979036,0.11394592394307058,0.1519386533210626,-0.013507503038385237,-0.05226817311260878,0.13341680029979036
PPCOR,-0.08313844225876726,-0.0825501662415333,-0.08038848111484051,-0.08832277026749044,-0.01975066112577937,0.051269620897884165,-0.0825501662415333
SINCERITIES,0.06732592907184323,0.06621446892288098,0.06081664941281024,0.06428897572454223,-0.0383581082748947,-0.04014138697760598,0.06621446892288098
