,PageRank,Out Centrality,Betweenness,Clustering Coefficient,Node In Degrees
GRNBOOST2,0.047619047619047616,0.3340184994861254,0.2528957528957529,0.062193126022913256,0.09167367535744322
SINCERITIES,0.08711656441717791,0.029036004645760744,0.03625730994152047,0.05476190476190476,0.09247842170160296
