,PageRank,Out Centrality,Betweenness,Clustering Coefficient,Node In Degrees
GRNBOOST2,-0.014358244836723582,0.034065511976345615,0.05733284834691474,-0.022405115378657237,0.12274969624054134
SINCERITIES,0.10826311578121244,0.01032834243092666,0.009980599735484737,-0.04000777161051422,0.1261882650112143
