,Clustering Coefficient,Assortativity,In Centralization
GRNBOOST2,-0.3880410419654032,0.2819287485497621,-0.00015432098398030641
SINCERITIES,-0.4352153462824979,0.2381055231206453,0.07095331654622163
