,PageRank,Centrality,Betweenness,Radiality,Clustering Coefficient,Local Efficiency,Node Degrees
PIDC,0.0,0.0,2.665121668597914,2.665121668597914,0.0,0.0,0.0
GRNBOOST2,0.0,0.0,2.665121668597914,2.665121668597914,0.0,0.0,0.0
PPCOR,0.0,0.0,0.0,2.665121668597914,6.662804171494785,6.662804171494785,0.0
SINCERITIES,0.0,0.0,2.2203672787979967,2.2203672787979967,0.0,0.0,0.0
