,Clustering Coefficient,Global Efficiency,Local Efficiency,Shortest Path Length,Assortativity,Centralization
PIDC,0.5746551226551228,0.6313888888888889,0.7632282347282345,1.8666666666666667,0.24213817074926627,0.18840579710144928
GRNBOOST2,0.5766608946608947,0.635,0.7450740740740741,1.85,0.17223862965150483,0.18840579710144928
PPCOR,0.4884242424242424,0.6394444444444445,0.7130512265512265,1.8233333333333333,0.14107302867383675,0.1431159420289855
SINCERITIES,0.6016948659805804,0.7246031746031746,0.7707132814275671,1.5857142857142856,-0.2114320641578229,0.3131578947368421
ground truth,0.5376190476190476,0.6288888888888888,0.7353968253968255,1.88,0.021778584391985895,0.05253623188405797
