,PageRank,Centrality,Betweenness,Radiality,Clustering Coefficient,Local Efficiency,Node Degrees
PIDC,0.22384615384615386,-0.030831422561008497,0.27999999999999997,0.23091339161338018,0.29526694084251637,0.26840095007141773,-0.030831422561008497
GRNBOOST2,-0.005385651186372511,-0.1936669537613789,0.12156184106383668,0.1458816128385005,0.3026682900671894,0.2202737580703081,-0.1936669537613789
PPCOR,0.043076923076923075,-0.10299261487208053,0.09076923076923075,0.27780381038816154,0.022819622314212726,0.005392918574411949,-0.10299261487208053
SINCERITIES,0.0617083501204427,0.03171069253855594,-0.0019512220916430452,0.14097229870067637,-0.14621487794366028,-0.11646066225485405,0.03171069253855594
