,Clustering Coefficient,Assortativity,In Centralization
GRNBOOST2,0.2520490782297575,0.3487968599229452,-0.0041609274563819965
SINCERITIES,0.11696421333625678,0.11516964371279406,0.4672110649430594
