,Clustering Coefficient,Assortativity,In Centralization
GRNBOOST2,0.9399215676294084,5.056231273218468,-0.0479338842975206
SINCERITIES,0.4361737306388435,1.6695229263093216,5.382271468144045
