,PageRank,Out Centrality,Betweenness,Clustering Coefficient,Node In Degrees
GRNBOOST2,0.11956521739130435,,0.12845849802371542,0.34381993177860765,-0.039503636654970385
SINCERITIES,0.12457638549954793,,-0.018437443702213858,-0.25349013304717716,0.11199977165720802
