,Clustering Coefficient,Assortativity,In Centralization
GRNBOOST2,0.5202087703894497,0.4177804251665745,0.08264462809917356
SINCERITIES,0.385123905495949,0.1841532089564234,0.554016620498615
ground truth,0.2681596921596922,0.06898356524362934,0.08680555555555555
