,Clustering Coefficient,Global Efficiency,Local Efficiency,Shortest Path Length,Assortativity,Centralization
PIDC,0.0370360750360752,0.0025000000000000577,0.02783140933140904,-0.013333333333333197,0.22035958635728037,0.1358695652173913
GRNBOOST2,0.0390418470418471,0.006111111111111178,0.009677248677248618,-0.029999999999999805,0.15046004525951892,0.1358695652173913
PPCOR,-0.049194805194805125,0.010555555555555651,-0.022345598845598946,-0.05666666666666664,0.11929444428185086,0.09057971014492754
SINCERITIES,0.06407581836153287,0.09571428571428575,0.03531645603074163,-0.29428571428571426,-0.2332106485498088,0.2606216628527841
