,Clustering Coefficient,Global Efficiency,Local Efficiency,Shortest Path Length,Assortativity,Centralization
PIDC,0.06888906782618062,0.003975265017667937,0.03784543034489034,-0.0070921985815602115,10.11817767358509,2.586206896551724
GRNBOOST2,0.07261991035241712,0.009717314487632616,0.013159220087776017,-0.015957446808510536,6.90862374484199,2.586206896551724
PPCOR,-0.0915049520895401,0.016784452296819942,-0.03038577006848119,-0.030141843971631194,5.477603233282185,1.7241379310344829
SINCERITIES,0.11918442742180606,0.15219586067642613,0.04802367213332014,-0.15653495440729484,-10.708255612592795,4.960798548094373
