,Clustering Coefficient,Global Efficiency,Local Efficiency,Shortest Path Length,Assortativity,Centralization
PIDC,0.6215873015873015,0.7079365079365079,0.7304232804232804,1.6476190476190475,0.30670983989925965,0.22527472527472528
GRNBOOST2,0.5426984126984126,0.7126984126984126,0.7127910052910055,1.619047619047619,0.03192584963954445,0.22527472527472528
PPCOR,0.6027801827801827,0.7111111111111111,0.7503848003848004,1.6285714285714286,-0.14081163859111967,0.4725274725274725
SINCERITIES,0.48426647426647423,0.719047619047619,0.619016354016354,1.5809523809523809,-0.3804246745195286,0.3901098901098901
ground truth,0.5124386724386725,0.719047619047619,0.6910565977232643,1.5809523809523809,-0.16954712754040516,0.3901098901098901
