,Clustering Coefficient,Assortativity,In Centralization
GRNBOOST2,0.2788253973057277,0.3230343354227783,0.09693877551020408
SINCERITIES,0.2644222444222444,-0.009752818987140258,0.5561224489795918
ground truth,0.298167985036406,-0.24790493414735415,0.4030612244897959
