,Clustering Coefficient,Assortativity,In Centralization
GRNBOOST2,-0.019342587730678318,0.5709392695701325,-0.30612244897959184
SINCERITIES,-0.033745740614161635,0.2381521151602139,0.15306122448979592
