,PageRank,Centrality,Betweenness,Radiality,Clustering Coefficient,Local Efficiency,Node Degrees
PIDC,0.2609473785509334,0.3181867467461895,0.4915104732979909,0.478919237829967,0.049819576342118956,0.14721747244566633,0.3181867467461895
GRNBOOST2,0.028571428571428564,-0.004642623596340283,-0.007142857142857141,0.12523040263177113,0.30082295022543976,0.1924799338937718,-0.004642623596340283
PPCOR,-0.028571428571428564,-0.11355616089534508,0.05540663517177352,-0.09689359619684483,0.2757757496831536,0.27443957225748655,-0.11355616089534508
SINCERITIES,0.18214285714285713,0.26887706737566586,0.11974982440351052,0.3866129284149825,-0.29811283355674206,-0.17652329749103945,0.26887706737566586
