,Clustering Coefficient,Assortativity,In Centralization
GRNBOOST2,-0.06487144395571713,2.303057305147333,-0.759493670886076
SINCERITIES,-0.1131769415487089,0.9606590364137602,0.379746835443038
