,PageRank,Out Centrality,Betweenness,Clustering Coefficient,Node In Degrees
GRNBOOST2,-0.23056309474705758,0.05612062891373981,0.2714285714285714,0.662489074797168,0.2167210909232059
SINCERITIES,0.11949806116661056,0.2991072415778893,0.2055798883528304,-0.207547923759275,0.10443783495980369
