,Clustering Coefficient,Global Efficiency,Local Efficiency,Shortest Path Length,Assortativity,Centralization
PIDC,0.109148629148629,-0.011111111111111183,0.03936668270001609,0.06666666666666665,0.47625696743966484,-0.16483516483516483
GRNBOOST2,0.030259740259740098,-0.006349206349206438,0.021734407567741143,0.03809523809523818,0.2014729771799496,-0.16483516483516483
PPCOR,0.09034151034151028,-0.007936507936507908,0.059328202661536045,0.04761904761904767,0.028735488949285487,0.0824175824175824
SINCERITIES,-0.028172198172198237,0.0,-0.07204024370691031,0.0,-0.21087754697912345,0.0
