,Clustering Coefficient,Global Efficiency,Local Efficiency,Shortest Path Length,Assortativity,Centralization
PIDC,0.2129984230682583,-0.015452538631346678,0.056965931342978934,0.04216867469879517,2.8089946102222636,-0.4225352112676056
GRNBOOST2,0.059050461815723945,-0.00883002207505531,0.031450980483142356,0.02409638554216873,1.1883007403468757,-0.4225352112676056
PPCOR,0.17629721408725677,-0.011037527593818946,0.08585143801100674,0.030120481927710878,0.16948378522330004,0.21126760563380279
SINCERITIES,-0.0549767214838178,0.0,-0.10424651749835263,0.0,-1.2437695054955664,0.0
