,PageRank,Out Centrality,Betweenness,Clustering Coefficient,Node In Degrees
GRNBOOST2,0.06255587841974432,0.07424534125100016,0.075,-0.05640109690840755,0.045334693394536406
SINCERITIES,0.1183868405501389,0.20860236566825294,0.5237229365663817,-0.3747845087736602,0.3237744216067844
