,Clustering Coefficient,Global Efficiency,Local Efficiency,Shortest Path Length,Assortativity,Centralization
PIDC,0.10020202020202018,-0.0015873015873015817,0.13065015231681887,0.00952380952380949,-0.020647198336234907,-0.24725274725274723
GRNBOOST2,0.05258297258297262,0.0031746031746031633,0.013895302228635553,-0.01904761904761898,0.22742265054791283,-0.24725274725274723
PPCOR,0.05665704665704663,-0.004761904761904745,0.05726390893057565,0.028571428571428692,0.3087360336760788,-0.24725274725274723
SINCERITIES,-0.08424242424242429,0.0,-0.0768851210517878,0.0,0.1552116848272263,-0.24725274725274723
