,Clustering Coefficient,Assortativity,In Centralization
GRNBOOST2,0.3792171078668121,1.6857771582309282,-0.375
SINCERITIES,-0.19369430607334737,2.0375417016679593,1.5
