,Clustering Coefficient,Global Efficiency,Local Efficiency,Shortest Path Length,Assortativity,Centralization
PIDC,0.5846031746031746,0.719047619047619,0.7770546737213403,1.5809523809523809,-0.2801173266289533,0.22527472527472528
GRNBOOST2,0.536984126984127,0.7238095238095238,0.660299823633157,1.5523809523809524,-0.032047477744805555,0.22527472527472528
PPCOR,0.541058201058201,0.7158730158730159,0.7036684303350971,1.6,0.04926590538336044,0.22527472527472528
SINCERITIES,0.4001587301587301,0.7206349206349206,0.5695194003527336,1.5714285714285714,-0.10425844346549205,0.22527472527472528
ground truth,0.4844011544011544,0.7206349206349206,0.6464045214045214,1.5714285714285714,-0.25947012829271837,0.4725274725274725
