,Clustering Coefficient,Assortativity,In Centralization
GRNBOOST2,0.09850999833381091,0.26084734244817875,-0.07653061224489796
SINCERITIES,-0.050316363298819416,0.3152773398384252,0.30612244897959184
