,Clustering Coefficient,Assortativity,In Centralization
GRNBOOST2,0.35828202942163145,0.10611316469842527,0.12755102040816327
SINCERITIES,0.20945566778900113,0.1605431620886717,0.5102040816326531
ground truth,0.25977203108782054,-0.15473417774975348,0.20408163265306123
