,PageRank,Centrality,Betweenness,Radiality,Clustering Coefficient,Local Efficiency,Node Degrees
PIDC,0.23928571428571427,0.06922360372099629,0.3,0.18739210746120827,0.12976492017712454,0.14170454879175018,0.06922360372099629
GRNBOOST2,0.014285714285714282,0.09091159435210787,-0.049999999999999996,0.16283355556619633,0.28909138692830716,0.25581395348837205,0.09091159435210787
PPCOR,-0.11071428571428568,0.048941660906811776,-0.0857142857142857,0.07502365782805588,0.4670434392388959,0.4490161001788908,0.048941660906811776
SINCERITIES,0.1964285714285714,0.21482402386096033,0.014285714285714282,0.11531443822136661,-0.2849325762173424,-0.22182468694096596,0.21482402386096033
