,Clustering Coefficient,Global Efficiency,Local Efficiency,Shortest Path Length,Assortativity,Centralization
PIDC,0.7144852248580771,0.09192546583850934,0.2675965255115073,-0.05987394957983192,4.386352664605066,2.346240601503759
GRNBOOST2,0.6167804771925395,0.09937888198757765,0.23576545097405155,-0.08876050420168068,2.353769107440665,2.4499999999999997
PPCOR,0.2217875515800941,-0.008695652173913014,0.09603374631089445,0.02022058823529422,3.97575117254826,1.7857142857142854
SINCERITIES,-0.4251909778394415,-0.00043478260869554637,-0.4741362750081557,0.003676470588235379,-3.864756343056105,1.7857142857142854
