,Clustering Coefficient,Global Efficiency,Local Efficiency,Shortest Path Length,Assortativity,Centralization
PIDC,0.3181614047328333,0.058730158730158744,0.179441876465686,-0.10857142857142854,0.19251351297958746,0.23802440884820747
GRNBOOST2,0.2746533255104683,0.06349206349206349,0.15809695154933257,-0.16095238095238096,0.10330504504863591,0.24855072463768113
PPCOR,0.09876234876234857,-0.005555555555555536,0.06439723239723272,0.03666666666666685,0.1744925416362737,0.18115942028985504
SINCERITIES,-0.18933821733821732,-0.0002777777777777102,-0.31794098494098477,0.006666666666666821,-0.16962106727432133,0.18115942028985504
