,PageRank,Centrality,Betweenness,Radiality,Clustering Coefficient,Local Efficiency,Node Degrees
PIDC,0.36050667701942846,0.3980874235186378,0.011074977320749814,0.2951255574086234,-0.20876963350785344,-0.33322608421542443,0.3980874235186378
GRNBOOST2,0.1974025974025974,0.2564575259977415,-0.051466071078778534,0.16970678359114397,0.18045121459831562,0.19232029991135074,0.2564575259977415
PPCOR,0.22615384615384618,0.248123914249586,0.0646651461819555,0.14838773483223341,0.3722238578197981,0.31100846805234794,0.248123914249586
SINCERITIES,0.01846508978184861,-0.14190473464793407,-0.03616775950673905,-0.06342999165407685,0.08995438579105969,0.16301263572343627,-0.14190473464793407
