,Clustering Coefficient,Assortativity,In Centralization
GRNBOOST2,1.6265160534402983,2.8941962441821816,2.5102493074792243
SINCERITIES,-0.4476302509690697,2.0564749861422116,3.5
