,Clustering Coefficient,Assortativity,In Centralization
GRNBOOST2,0.3717735332192029,0.298934605260767,0.21790358571868265
SINCERITIES,-0.1023150553150553,0.21240838089221376,0.3038194444444444
