,Clustering Coefficient,Assortativity,In Centralization
GRNBOOST2,0.6003439997896695,0.19564699791151566,0.3047091412742382
SINCERITIES,0.12625541125541126,0.10912077354296244,0.390625
ground truth,0.22857046657046656,-0.1032876073492513,0.08680555555555555
