,PageRank,Out Centrality,Betweenness,Clustering Coefficient,Node In Degrees
GRNBOOST2,0.06844678934591084,,0.056407747948818365,-0.1278857206439701,0.34622029328820436
SINCERITIES,0.35200850253779165,,0.046193344531767336,0.05146691078211153,0.2751250008146191
