,Clustering Coefficient,Global Efficiency,Local Efficiency,Shortest Path Length,Assortativity,Centralization
PIDC,0.7634629920344206,0.6976190476190476,0.850010659534469,1.7047619047619047,0.14862431215607802,0.3394736842105263
GRNBOOST2,0.7199549128120556,0.7023809523809523,0.8286657346181155,1.6523809523809523,0.059415844225126475,0.35
PPCOR,0.5440639360639359,0.6333333333333333,0.7349660154660157,1.85,0.13060334081276426,0.2826086956521739
SINCERITIES,0.25596336996337,0.6386111111111111,0.3526277981277982,1.82,-0.21351026809783077,0.2826086956521739
ground truth,0.4453015873015873,0.6388888888888888,0.670568783068783,1.8133333333333332,-0.04388920082350944,0.10144927536231885
