,PageRank,Out Centrality,Betweenness,Clustering Coefficient,Node In Degrees
GRNBOOST2,0.25134143899750877,0.2328945359274555,-0.05000385847127942,-0.003970520789445384,0.40910682446581775
SINCERITIES,-0.31969438749333245,-0.20632003123932197,0.013112794277516522,0.24696575791302008,-0.25345816650358405
