,PageRank,Centrality,Betweenness,Radiality,Clustering Coefficient,Local Efficiency,Node Degrees
PIDC,0.1170152815567285,0.26269995297351345,-0.07238543898517516,-0.03070805058787005,-0.07456769613684269,0.0017006813651988574,0.26269995297351345
GRNBOOST2,-0.006214689265536723,0.08183815443905305,-0.2862864743687675,-0.2864521403083161,-0.02551024097346508,-0.05607487654443459,0.08183815443905305
PPCOR,-0.1369863046081873,-0.09997116137736489,-0.05678144535540001,-0.12902588822048833,-0.05524036428143315,0.10274917029879756,-0.09997116137736489
SINCERITIES,-0.07118141374196738,-0.1288473164747864,-0.056177372846402306,-0.008225360821032892,0.17800476212018046,0.32364693801716066,-0.1288473164747864
