,Clustering Coefficient,Assortativity,In Centralization
GRNBOOST2,0.16309456072918083,0.1782349261589447,-0.007865646258503403
SINCERITIES,-0.09594431776114601,0.4449244461798343,0.2807908631772268
