,Clustering Coefficient,Global Efficiency,Local Efficiency,Shortest Path Length,Assortativity,Centralization
PIDC,0.6796340023612751,0.6067099567099568,0.7807151602606148,2.0995670995670994,0.15925879554275607,0.2
GRNBOOST2,0.649913974913975,0.645021645021645,0.7975135975135976,1.8311688311688312,-0.07682963862739316,0.29523809523809524
PPCOR,0.5042087542087543,0.6099033816425121,0.6512683882475548,1.9275362318840579,-0.115241635687732,0.2015810276679842
SINCERITIES,0.36307508916204567,0.6416337285902504,0.4861853122722688,1.790513833992095,-0.39468452443235363,0.3463203463203463
ground truth,0.49976823176823176,0.6105555555555555,0.6797315647315649,1.88,-0.41789569182097286,0.29528985507246375
