,Clustering Coefficient,Assortativity,In Centralization
GRNBOOST2,0.43375679342563306,0.03655638601595642,0.09977324263038549
SINCERITIES,0.17471791493530622,0.30324590603684604,0.3884297520661157
ground truth,0.27066223269645223,-0.14167854014298828,0.1076388888888889
