,Clustering Coefficient,Global Efficiency,Local Efficiency,Shortest Path Length,Assortativity,Centralization
PIDC,0.35989836720245233,-0.006298524041927002,0.14856393430681664,0.11679101040803166,1.38109700257686,-0.3226993865030674
GRNBOOST2,0.30043074689744087,0.0564503740117936,0.1732772742848074,-0.02597402597402589,0.8161511589348782,-0.00017528483786143447
PPCOR,0.008885163478301806,-0.0010681647347389575,-0.0418741426187124,0.025285229725562755,0.7242334918898813,-0.31734523145566085
SINCERITIES,-0.2735130684928724,0.05090146629886326,-0.28473924487489427,-0.047599024472289864,0.05554296883865202,0.17281491514620353
