,Clustering Coefficient,Assortativity,In Centralization
GRNBOOST2,0.6025759822652886,1.258023452098406,-0.0730743910467413
SINCERITIES,-0.3544798873685033,3.1403799455499524,2.608637696614236
