,PageRank,Centrality,Betweenness,Radiality,Clustering Coefficient,Local Efficiency,Node Degrees
PIDC,0.021542604745490045,-0.03661862373688044,0.3774774501574439,0.058905357923480506,0.03146243472130159,0.021549217399681492,-0.03661862373688044
GRNBOOST2,0.16156953559117535,0.1283599629925756,0.22370265588731642,0.12712180645945917,0.39666839606011667,0.3628898693654157,0.1283599629925756
PPCOR,-0.009230769230769232,-0.058570982381774966,0.2621550994093931,-0.02725382301310582,-0.08796792539667389,-0.15009807077349097,-0.058570982381774966
SINCERITIES,-0.21447838723201165,-0.18129720276905073,-0.16434511845323987,-0.1638761487279195,0.13039796326332886,0.11703438418342456,-0.18129720276905073
