,Clustering Coefficient,Assortativity,In Centralization
GRNBOOST2,0.6240954606470176,-4.318839425241929,0.4032258064516127
SINCERITIES,0.04754527537673067,0.719300449871487,7.258064516129032
