,Clustering Coefficient,Global Efficiency,Local Efficiency,Shortest Path Length,Assortativity,Centralization
PIDC,0.5022273866484394,0.6172222222222222,0.5669402040454673,1.87,-0.182519948042308,0.5489130434782609
GRNBOOST2,0.7414535200519855,0.6411111111111112,0.8474407197425101,1.7266666666666666,-0.4809205413286575,0.730072463768116
PPCOR,0.3525383505383506,0.6202777777777778,0.4980965700965701,1.8533333333333333,-0.07497339174772787,0.322463768115942
SINCERITIES,0.778033912184942,0.6433333333333333,0.8886787918412635,1.7133333333333334,-0.5541098064106637,0.7753623188405797
ground truth,0.6086762360446571,0.6411111111111112,0.7636269967848915,1.7266666666666666,-0.5183533756699538,0.6394927536231884
