,PageRank,Out Centrality,Betweenness,Clustering Coefficient,Node In Degrees
GRNBOOST2,-0.5344631983447615,0.3686532642598746,0.39513095578835905,0.11356616639804318,-0.6749373587956987
SINCERITIES,-0.5505024778783965,-0.0412026518404435,0.011588800432341992,0.11077911577077948,-0.45540700605175966
