,Clustering Coefficient,Assortativity,In Centralization
GRNBOOST2,0.23046928998428323,-0.4257429109430184,0.04340277777777776
SINCERITIES,0.017557772086376267,0.07090725938572144,0.78125
