,Clustering Coefficient,Assortativity,In Centralization
GRNBOOST2,0.5997546069217741,-0.3271648280315035,0.15104166666666666
SINCERITIES,0.3868430890238671,0.16948534229723639,0.8888888888888888
ground truth,0.36928531693749084,0.09857808291151494,0.1076388888888889
