,PageRank,Centrality,Betweenness,Radiality,Clustering Coefficient,Local Efficiency,Node Degrees
PIDC,0.05540663517177352,0.027469216450894073,-0.11479936053346801,0.11293934979978096,0.3333565717337043,0.07692320000777896,0.027469216450894073
GRNBOOST2,-0.10781084631673665,-0.06638258975566824,-0.4251111634023536,-0.0011210875052096489,0.18750420409347965,-0.013245162202698207,-0.06638258975566824
PPCOR,-0.13214285714285715,-0.029069063990700833,-0.25022351367897727,0.02481621839897708,0.17942456346711932,-0.05908705285709607,-0.029069063990700833
SINCERITIES,0.48658396283990407,0.45592582623838024,0.3059038884030279,0.40550731762432707,-0.4468894449874816,-0.21461831244427831,0.45592582623838024
