,Clustering Coefficient,Global Efficiency,Local Efficiency,Shortest Path Length,Assortativity,Centralization
PIDC,0.4260101338183702,-0.02954545454545444,0.19587224180751722,0.0760233918128655,133.2007104807547,0.306122448979592
GRNBOOST2,0.6560213205009876,0.018793706293706386,0.29795179720067827,0.03238866396761136,-168.2969659837508,0.6190476190476192
PPCOR,0.6094700414565292,-0.01818181818181812,0.4013597692496155,0.04678362573099412,-526.9211783487007,0.6122448979591838
SINCERITIES,-0.43185656749382895,-0.0090909090909089,-0.38602993908008676,0.02339181286549713,-1409.0874878615941,0.306122448979592
