,Clustering Coefficient,Assortativity,In Centralization
GRNBOOST2,1.3236878103826986,1.903314762193413,1.2798611111111111
SINCERITIES,-0.36207525480984254,7.597511272755606,1.5
