,PageRank,Out Centrality,Betweenness,Clustering Coefficient,Node In Degrees
GRNBOOST2,-0.011019325559678172,0.04243285715573942,-0.20057655766612603,0.06094206207049892,0.2784085590824024
SINCERITIES,0.4485869307728395,0.3929481785073203,0.6195136282645533,-0.12263345140834027,0.665789170783014
