,Clustering Coefficient,Global Efficiency,Local Efficiency,Shortest Path Length,Assortativity,Centralization
PIDC,0.5807407407407407,0.6777777777777778,0.6984832451499118,1.7523809523809524,0.03892835997631492,0.3516483516483517
GRNBOOST2,0.6744124922696352,0.7115384615384616,0.7581057170342885,1.6813186813186813,-0.04985187455307063,0.4358974358974359
PPCOR,0.6554545454545454,0.6857142857142857,0.8185040885040886,1.7047619047619047,-0.15545382165605173,0.4340659340659341
SINCERITIES,0.23137566137566137,0.6920634920634922,0.3586067019400352,1.6666666666666667,-0.415220108318289,0.3516483516483517
ground truth,0.40724867724867736,0.6984126984126984,0.5840784832451499,1.6285714285714286,-0.0002944640753801544,0.2692307692307692
