,Clustering Coefficient,Assortativity,In Centralization
GRNBOOST2,0.33802184730184415,0.027657380070624807,0.26119614512471656
SINCERITIES,-0.09246088506150424,0.11040068675729908,0.30612244897959184
