,Clustering Coefficient,Assortativity,In Centralization
GRNBOOST2,0.5933855702661863,0.013126215483453762,0.4652777777777778
SINCERITIES,0.16290283790283794,0.09586952217012804,0.5102040816326531
ground truth,0.2553637229643422,-0.014531164587171047,0.20408163265306123
