,Clustering Coefficient,Global Efficiency,Local Efficiency,Shortest Path Length,Assortativity,Centralization
PIDC,0.1734920634920633,-0.02063492063492056,0.1144047619047619,0.12380952380952381,0.039222824051695075,0.08241758241758246
GRNBOOST2,0.2671638150209578,0.01312576312576319,0.17402723378913865,0.05274725274725278,-0.049557410477690474,0.16666666666666669
PPCOR,0.24820586820586804,-0.012698412698412653,0.23442560525893874,0.07619047619047614,-0.1551593575806716,0.16483516483516486
SINCERITIES,-0.175873015873016,-0.006349206349206216,-0.2254717813051147,0.03809523809523818,-0.41492564424290884,0.08241758241758246
