,Clustering Coefficient,Global Efficiency,Local Efficiency,Shortest Path Length,Assortativity,Centralization
PIDC,0.7148148148148148,0.6746031746031745,0.7648148148148148,1.8476190476190477,0.7226675573368943,0.22527472527472528
GRNBOOST2,0.7425925925925925,0.6522222222222223,0.7840123456790123,2.104761904761905,0.6762873073138738,0.3076923076923077
PPCOR,0.5972486772486773,0.7111111111111111,0.7438668430335097,1.6285714285714286,0.017744479495264563,0.3076923076923077
SINCERITIES,0.5131379731379732,0.7206349206349206,0.7128021978021978,1.5714285714285714,-0.34938295287422405,0.554945054945055
ground truth,0.44089947089947096,0.7238095238095238,0.5860978835978836,1.5523809523809524,-0.08013016066707339,0.3076923076923077
