,Clustering Coefficient,Assortativity,In Centralization
GRNBOOST2,1.4935623153214308,8.71952147778953,-0.16388888888888892
SINCERITIES,0.241560961672391,14.643273000911012,1.2857142857142858
