,Clustering Coefficient,Global Efficiency,Local Efficiency,Shortest Path Length,Assortativity,Centralization
PIDC,0.6212648505940235,-0.06798245614035095,0.30492676431424764,0.19018404907975464,10.01867101377033,-0.2678571428571429
GRNBOOST2,0.6842673706948273,-0.09890350877192976,0.3376815846291573,0.3558282208588957,9.439859619447509,0.0
PPCOR,0.35461418456738253,-0.017543859649122744,0.2691853423307529,0.04907975460122696,1.2214456996909033,0.0
SINCERITIES,0.16384347681599562,-0.004385964912280686,0.2161828557143278,0.012269938650306705,-3.360192840818681,0.8035714285714286
