,Clustering Coefficient,Assortativity,In Centralization
GRNBOOST2,0.5683299083050943,0.22753767090914548,0.2986111111111111
SINCERITIES,0.282975172975173,0.36621493271628824,0.8163265306122449
ground truth,0.22791887125220459,0.023410377911001173,0.35714285714285715
