,Clustering Coefficient,Assortativity,In Centralization
GRNBOOST2,0.3404110370528898,0.2041272929981443,-0.058531746031746046
SINCERITIES,0.05505630172296841,0.34280455480528704,0.45918367346938777
