,PageRank,Centrality,Betweenness,Radiality,Clustering Coefficient,Local Efficiency,Node Degrees
PIDC,-0.3655152769260173,-0.3410186966548463,-0.29393181225034,-0.4331477304762859,-0.22220534183098914,-0.1268009851160793,-0.3410186966548463
GRNBOOST2,-0.30116930096841704,-0.27360130143865297,-0.15310636316482223,-0.30240736837950305,-0.24538645681399135,-0.23308661869922598,-0.27360130143865297
PPCOR,-0.24642857142857136,-0.327792781262961,0.06785714285714285,-0.48747963894663854,-0.007200792994989317,-0.20143248895859836,-0.327792781262961
SINCERITIES,-0.1928571428571428,-0.15234948981487365,-0.05361932435978083,-0.08700362724868331,0.14375845869332216,0.15026857675938216,-0.15234948981487365
