,Clustering Coefficient,Global Efficiency,Local Efficiency,Shortest Path Length,Assortativity,Centralization
PIDC,0.27391534391534383,-0.049206349206349254,0.17871693121693122,0.2952380952380953,0.8027977180039676,-0.08241758241758243
GRNBOOST2,0.3016931216931215,-0.07158730158730153,0.19791446208112873,0.5523809523809524,0.7564174679809471,0.0
PPCOR,0.1563492063492063,-0.012698412698412653,0.15776895943562608,0.07619047619047614,0.09787464016233795,0.0
SINCERITIES,0.0722385022385022,-0.0031746031746031633,0.12670431420431416,0.01904761904761898,-0.26925279220715065,0.24725274725274726
