,PageRank,Out Centrality,Betweenness,Clustering Coefficient,Node In Degrees
GRNBOOST2,-0.23076923076923078,0.06204320863451919,0.12087912087912088,-0.062069024560336826,-0.3227719319089533
SINCERITIES,-0.30983866769659335,0.4048394212071607,0.4423723288259838,0.2772287334749832,-0.45921626399484566
