,PageRank,Out Centrality,Betweenness,Clustering Coefficient,Node In Degrees
GRNBOOST2,-0.05022439704011399,0.16937457503275458,-0.3071581179117289,-0.3182262977251991,0.07860990563470618
SINCERITIES,0.2947027048108607,0.4187980125028076,0.2112144143330543,-0.27969078457900276,-0.018561684764667373
