,Clustering Coefficient,Assortativity,In Centralization
GRNBOOST2,2.1436306087067174,0.9798447025096677,-0.3
SINCERITIES,0.44778310236152497,1.9675443213509372,0.3453254437869821
