,Clustering Coefficient,Global Efficiency,Local Efficiency,Shortest Path Length,Assortativity,Centralization
PIDC,0.3407936507936508,-0.015873015873015928,0.3733597883597884,0.09523809523809534,0.09266175763680026,0.0824175824175824
GRNBOOST2,0.40665223665223654,-0.0031746031746032743,0.39572390572390576,0.019047619047619202,-0.0932081091081291,0.24725274725274726
PPCOR,0.4201587301587301,-0.0365079365079366,0.42963844797178125,0.24761904761904763,0.2743976369311438,0.0824175824175824
SINCERITIES,0.21470521541950122,0.022954822954822984,0.25295729402872275,-0.02344322344322336,-0.09588113028576539,0.16666666666666663
