,Clustering Coefficient,Global Efficiency,Local Efficiency,Shortest Path Length,Assortativity,Centralization
PIDC,1.1624255549539797,-0.023584905660377437,0.9465459423205903,0.05586592178770956,0.6731365510988561,0.35714285714285704
GRNBOOST2,1.3870650194418466,-0.00471698113207562,1.0032437046521554,0.01117318435754199,-0.6771054931357597,1.0714285714285714
PPCOR,1.4331348132106119,-0.05424528301886806,1.0892242342946568,0.1452513966480447,1.993347457075976,0.35714285714285704
SINCERITIES,0.73234588908655,0.03410740203193038,0.6413001820446492,-0.013751611516974597,-0.6965235173824065,0.722222222222222
