,Clustering Coefficient,Assortativity,In Centralization
GRNBOOST2,0.55038485101643,-0.003938228916713156,0.17857142857142858
SINCERITIES,0.2534769463340892,0.18905258165371058,0.3431952662721893
ground truth,0.17507936507936506,-0.19539423412639664,0.25510204081632654
