,PageRank,Centrality,Betweenness,Radiality,Clustering Coefficient,Local Efficiency,Node Degrees
PIDC,0.08609952040010102,-0.049906835431983466,-0.22980399488627262,-0.07721227488053592,0.010850353103361392,0.08318604045910401,-0.049906835431983466
GRNBOOST2,-0.28520466132533456,-0.3519770199704017,-0.18598570422171717,0.07045159598774522,0.11201815563950307,0.1371876914720502,-0.3519770199704017
PPCOR,-0.2198392298751014,-0.3641217076556653,0.10189695335935878,-0.25022675741623185,0.3924211039049037,0.2809487613216569,-0.3641217076556653
SINCERITIES,0.6483516483516484,0.665250753000006,0.48840047349979365,0.6979935638240234,-0.32154715762477076,-0.3653421633554084,0.665250753000006
