,Clustering Coefficient,Global Efficiency,Local Efficiency,Shortest Path Length,Assortativity,Centralization
PIDC,0.633968253968254,0.6571428571428571,0.7678042328042328,1.8,-0.04499494438827231,0.3131868131868132
GRNBOOST2,0.6998268398268397,0.6698412698412698,0.7901683501683502,1.723809523809524,-0.23086481113320168,0.47802197802197804
PPCOR,0.7133333333333333,0.6365079365079365,0.8240828924162257,1.9523809523809523,0.1367409349060712,0.3131868131868132
SINCERITIES,0.5078798185941044,0.695970695970696,0.6474017384731672,1.6813186813186813,-0.23353783231083797,0.3974358974358974
ground truth,0.29317460317460314,0.6730158730158731,0.39444444444444443,1.7047619047619047,-0.13765670202507257,0.23076923076923078
