,Clustering Coefficient,Assortativity,In Centralization
GRNBOOST2,0.3753054859370649,0.19145600520968348,-0.07653061224489796
SINCERITIES,0.07839758125472412,0.3844468157801072,0.08809322545586279
