,PageRank,Out Centrality,Betweenness,Clustering Coefficient,Node In Degrees
GRNBOOST2,0.0,0.0,0.0,3.6206896551724133,3.6206896551724133
SINCERITIES,3.37037037037037,3.37037037037037,0.0,3.37037037037037,3.37037037037037
