,Clustering Coefficient,Global Efficiency,Local Efficiency,Shortest Path Length,Assortativity,Centralization
PIDC,0.07756613756613756,-0.01984126984126977,-0.012663139329805895,0.12380952380952381,0.22226258815259298,0.0
GRNBOOST2,0.1948677248677249,0.0800366300366302,0.07975376475376483,-0.17692307692307696,0.1304514372436379,-0.03080253080253076
PPCOR,0.201386999244142,0.03638583638583648,0.12943688586545743,-0.08351648351648366,9.960398753477984e-05,-0.10073260073260071
SINCERITIES,0.14268768268768267,0.0031746031746032743,0.07542809042809062,-0.019047619047619202,-0.33077035340948013,0.24725274725274726
