,Clustering Coefficient,Global Efficiency,Local Efficiency,Shortest Path Length,Assortativity,Centralization
PIDC,0.1608867427568042,-0.02783964365256115,-0.018136121951527407,0.07738095238095238,1.5437934044163544,0.0
GRNBOOST2,0.40419227392449525,0.11230083947233191,0.11422317689130872,-0.1105769230769231,0.9060907194831146,-0.09665621734587239
PPCOR,0.417714473849241,0.05105362343669707,0.18537924016649457,-0.05219780219780229,0.0006918302368736634,-0.31609195402298845
SINCERITIES,0.295961062642362,0.00445434298440994,0.10802795507073185,-0.011904761904762001,-2.2974675774919198,0.7758620689655173
