,Clustering Coefficient,Assortativity,In Centralization
GRNBOOST2,0.9995491811577701,38.97027241690015,0.4254545454545455
SINCERITIES,0.2967871013416592,2.3891395173133447,4.2
