,Clustering Coefficient,Assortativity,In Centralization
GRNBOOST2,0.2791393195764781,0.5159883637880256,0.054267161410018555
SINCERITIES,0.08288231443662164,0.03163355332012547,0.5357142857142857
