,Clustering Coefficient,Assortativity,In Centralization
GRNBOOST2,0.558404537175029,0.5027478003588549,0.18181818181818182
SINCERITIES,0.3621475320351726,0.018392989890954826,0.6632653061224489
ground truth,0.27926521759855094,-0.013240563429170642,0.12755102040816327
