,PageRank,Centrality,Betweenness,Radiality,Clustering Coefficient,Local Efficiency,Node Degrees
PIDC,0.064343189231737,0.17440453565696615,0.028725499360784078,0.11202204375920563,0.09506730280814893,0.17293906810035842,0.17440453565696615
GRNBOOST2,0.005502068478807295,0.2134502923976608,0.1377410468319559,0.22497362425804726,0.1682760221413576,0.02482760982413473,0.2134502923976608
PPCOR,-0.23076923076923075,-0.118193066400999,-0.19493392070484586,-0.0939992420053944,0.27654867256637167,0.24861893630781248,-0.118193066400999
SINCERITIES,-0.17889116280878825,-0.15776626406043637,-0.07637094134708194,-0.11060347550302281,0.056213130906465854,0.08424410719492252,-0.15776626406043637
