,Clustering Coefficient,Global Efficiency,Local Efficiency,Shortest Path Length,Assortativity,Centralization
PIDC,0.5596825396825397,0.6928571428571428,0.6855643738977073,1.723809523809524,0.07829087048832337,0.31868131868131866
GRNBOOST2,0.676984126984127,0.7927350427350428,0.777981277981278,1.4230769230769231,-0.013520280420631728,0.2878787878787879
PPCOR,0.6835034013605441,0.7490842490842491,0.8276643990929706,1.5164835164835164,-0.14387211367673483,0.21794871794871795
SINCERITIES,0.6248040848040848,0.7158730158730159,0.7736556036556038,1.5809523809523809,-0.47474207107374977,0.5659340659340659
ground truth,0.4821164021164021,0.7126984126984126,0.6982275132275132,1.6,-0.1439717176642696,0.31868131868131866
