,PageRank,Out Centrality,Betweenness,Clustering Coefficient,Node In Degrees
GRNBOOST2,-0.014035174116450076,0.4773776604325145,-0.2963078174361377,-0.06326899050385834,-0.2000003628127786
SINCERITIES,0.11831095515516304,0.3515652466142183,-0.24577600402774094,-0.0341728829576206,-0.06418048504459187
