,Clustering Coefficient,Assortativity,In Centralization
GRNBOOST2,0.04353002570222336,0.24149204272745067,0.0
SINCERITIES,-0.11879914984476003,0.2374453820478148,0.564236111111111
