,PageRank,Out Centrality,Betweenness,Clustering Coefficient,Node In Degrees
GRNBOOST2,0.04695016442506156,-0.03326736847589292,-0.3695151210397457,0.10739883031748726,-0.2425935411529729
SINCERITIES,0.13533964728712508,-0.268525899423033,0.25014313130022536,-0.22516535956651804,-0.16679952172180154
