,Clustering Coefficient,Global Efficiency,Local Efficiency,Shortest Path Length,Assortativity,Centralization
PIDC,0.6280461760461759,0.6033333333333334,0.7595800865800865,2.0,-0.12532131636571245,0.21739130434782608
GRNBOOST2,0.5116587856587856,0.6211111111111112,0.6888268398268399,1.8733333333333333,-0.09448361675653297,0.26268115942028986
PPCOR,0.3707099567099567,0.63,0.5312930254930255,1.82,0.11399357782659988,0.21739130434782608
SINCERITIES,0.35649563302194875,0.6422222222222221,0.5233107633107633,1.7466666666666666,-0.3829426841974058,0.5344202898550725
ground truth,0.5191548802075118,0.6394444444444445,0.7352403960561855,1.7633333333333334,-0.23385771307818662,0.5344202898550725
