,Clustering Coefficient,Assortativity,In Centralization
GRNBOOST2,0.3476815619520014,0.15460935591454664,0.13020833333333334
SINCERITIES,0.185352386405018,0.15056269523491075,0.6944444444444444
ground truth,0.30415153624977803,-0.08688268681290404,0.13020833333333334
