,Clustering Coefficient,Assortativity,In Centralization
GRNBOOST2,0.14311953258219037,2.779518585187028,0.0
SINCERITIES,-0.39059197697820847,2.7329424394889776,4.333333333333332
