,PageRank,Centrality,Betweenness,Radiality,Clustering Coefficient,Local Efficiency,Node Degrees
PIDC,-0.25635111522132353,-0.31159548591032454,0.20323331657186014,0.0801320328912791,0.10639563654889239,0.151322141401962,-0.31159548591032454
GRNBOOST2,-0.1342565902888576,-0.17124199876649374,0.15733795251616833,-0.1499708937258028,0.05579157232790877,0.08402397315890923,-0.17124199876649374
PPCOR,-0.07153846153846154,-0.11013305405951167,0.061538461538461535,-0.16850920630005595,-0.040278901936154674,0.06318637892087911,-0.11013305405951167
SINCERITIES,0.06885939731147711,0.12108154188538602,0.05736287546184315,0.1740652938641031,-0.3151798176212513,-0.2961034170982704,0.12108154188538602
