,Clustering Coefficient,Global Efficiency,Local Efficiency,Shortest Path Length,Assortativity,Centralization
PIDC,0.10889129583866408,-0.036111111111111094,0.024339690523900948,0.23666666666666658,0.10853639671247417,-0.31702898550724645
GRNBOOST2,-0.007496094548726129,-0.018333333333333313,-0.04641355622934562,0.10999999999999988,0.13937409632165365,-0.27173913043478265
PPCOR,-0.14844492349755506,-0.009444444444444478,-0.20394737056316004,0.05666666666666664,0.3478512909047865,-0.31702898550724645
SINCERITIES,-0.16265924718556302,0.002777777777777657,-0.2119296327454222,-0.01666666666666683,-0.14908497111921917,0.0
