,Clustering Coefficient,Global Efficiency,Local Efficiency,Shortest Path Length,Assortativity,Centralization
PIDC,0.3461345633209667,-0.12906178489702522,0.05511554054902151,0.430232558139535,2.792610685308403,-0.2941176470588236
GRNBOOST2,0.1971322570941542,-0.07826086956521722,0.025869535201897855,0.255813953488372,1.6411483253588512,0.0
PPCOR,0.17376917677729872,-0.02631578947368412,0.07578857523001424,0.06976744186046514,1.2019748866576554,-0.2941176470588236
SINCERITIES,-0.04398238881343267,-0.013729977116704917,-0.009405962624905754,0.03488372093023257,0.09134941393005554,0.588235294117647
