,Clustering Coefficient,Assortativity,In Centralization
GRNBOOST2,0.233986225642075,-0.12000762179312333,0.258078231292517
SINCERITIES,-0.07254560504295948,0.20591243963318073,0.6122448979591837
