,Clustering Coefficient,Global Efficiency,Local Efficiency,Shortest Path Length,Assortativity,Centralization
PIDC,0.18264550264550272,-0.08952380952380956,0.03872134038800701,0.7047619047619049,1.2921034514113514,-0.08241758241758243
GRNBOOST2,0.10402116402116401,-0.05428571428571416,0.018174603174603177,0.4190476190476189,0.7593372848675286,0.0
PPCOR,0.09169312169312172,-0.01825396825396819,0.053245149911816614,0.11428571428571432,0.5561376341251841,-0.08241758241758243
SINCERITIES,-0.023208273208273233,-0.009523809523809601,-0.0066081449414781,0.05714285714285716,0.04226614674375706,0.1648351648351648
