,PageRank,Centrality,Betweenness,Radiality,Clustering Coefficient,Local Efficiency,Node Degrees
PIDC,-0.05532833351724881,0.09542692851524459,0.03634336141192148,-0.09073580705136501,0.11022974274454964,0.10414752637285703,0.09542692851524459
GRNBOOST2,0.2844369488659733,0.2833756482086463,0.28420015589415176,0.07931810571874603,0.30000198349074536,0.26993462345534325,0.2833756482086463
PPCOR,0.575,0.5055736938095431,0.4901610017889087,0.3828207467443883,0.5252741810520959,0.5165937981268868,0.5055736938095431
SINCERITIES,-0.10762440050012627,-0.17512777831630244,-0.06912073283688669,-0.12760691558146273,0.2061486191524574,0.14581464052489995,-0.17512777831630244
