,Clustering Coefficient,Global Efficiency,Local Efficiency,Shortest Path Length,Assortativity,Centralization
PIDC,0.7103174603174605,0.6041269841269841,0.7412698412698412,2.342857142857143,0.8294168842471721,0.1978021978021978
GRNBOOST2,0.6316931216931218,0.6393650793650795,0.7207231040564374,2.057142857142857,0.29665071770334933,0.2802197802197802
PPCOR,0.6193650793650795,0.6753968253968254,0.7557936507936508,1.7523809523809524,0.09345106696100484,0.1978021978021978
SINCERITIES,0.5044636844636845,0.684126984126984,0.6959403559403561,1.6952380952380952,-0.42042042042042227,0.44505494505494503
ground truth,0.5276719576719577,0.6936507936507936,0.7025485008818342,1.638095238095238,-0.46268656716417933,0.2802197802197802
