,Clustering Coefficient,Assortativity,In Centralization
GRNBOOST2,0.6164535756067794,-0.04563858403024833,0.3958333333333333
SINCERITIES,0.3099217449217449,0.28028147739605574,0.75
ground truth,0.3824673499647044,0.074369037762875,0.1377551020408163
