,PageRank,Out Centrality,Betweenness,Clustering Coefficient,Node In Degrees
GRNBOOST2,-0.2130064768030775,0.15136679482394053,0.39896097239971345,0.622222222222222,-0.15441333098101748
SINCERITIES,-0.764989515810993,-0.09833397779204894,0.0032813724128557616,0.2500016409529342,-0.6968241918519201
