,Clustering Coefficient,Assortativity,In Centralization
GRNBOOST2,0.6117809158446288,-1.6136772157220394,1.873456790123457
SINCERITIES,-0.18967790335476814,2.768792575879907,4.444444444444445
