,Clustering Coefficient,Assortativity,In Centralization
GRNBOOST2,0.438794064223926,-2.9071208407265483,-0.3333333333333334
SINCERITIES,1.2716235309175905,-1.1376461953499715,0.5833333333333333
