,Clustering Coefficient,Global Efficiency,Local Efficiency,Shortest Path Length,Assortativity,Centralization
PIDC,0.8192538884887552,-0.03584928456772032,0.3633530176237316,0.16803959957149708,2.8757260093389903,-0.4196660482374768
GRNBOOST2,0.07608973744963843,-0.024454148471615877,-0.02314353156952276,0.0523364485981308,-0.13768176732449794,-0.4081632653061224
PPCOR,-0.18591576496699663,0.0,-0.12210007695230325,0.0,1.1604069702620645,-0.6122448979591837
SINCERITIES,0.8466751620737046,0.021834061135371098,0.48067347635101637,-0.046728971962616904,-1.7333366519960116,0.6122448979591837
