,Clustering Coefficient,Assortativity,In Centralization
GRNBOOST2,0.10240454935062587,-0.038765739669877626,-0.17361111111111116
SINCERITIES,0.29676799493079165,-0.01517023153201359,0.3038194444444444
