,Clustering Coefficient,Global Efficiency,Local Efficiency,Shortest Path Length,Assortativity,Centralization
PIDC,0.7026579700492744,0.6133069828722002,0.788167830559135,2.08300395256917,0.3322384310694597,0.25757575757575757
GRNBOOST2,0.41562259962259973,0.6205555555555555,0.5647303622303622,1.8766666666666667,-0.20151216305062739,0.26268115942028986
PPCOR,0.3144271284271284,0.6361111111111112,0.5075226070226071,1.7833333333333334,0.028412124088024168,0.1721014492753623
SINCERITIES,0.7132490022055239,0.65,0.8559919452528149,1.7,-0.48414292723052216,0.7155797101449275
ground truth,0.38623414494002745,0.6361111111111112,0.5781098661686899,1.7833333333333334,-0.17712524612618724,0.4438405797101449
