,Clustering Coefficient,Assortativity,In Centralization
GRNBOOST2,0.3357817932560189,-0.052100493123122205,0.3472222222222222
SINCERITIES,0.5301452388361847,-0.02850498498525817,0.8246527777777778
ground truth,0.23337724390539305,-0.01333475345324458,0.5208333333333334
