,PageRank,Out Centrality,Betweenness,Clustering Coefficient,Node In Degrees
GRNBOOST2,-0.09200288875949451,0.2808331224622812,-0.25440169678102,0.13153346719533235,0.0774728740277151
SINCERITIES,-0.18023115806586237,-0.05704442056687381,-0.3727101187736079,-0.04793197111094207,-0.21719796133100144
