,Clustering Coefficient,Global Efficiency,Local Efficiency,Shortest Path Length,Assortativity,Centralization
PIDC,0.316423825109247,-0.02280412823891098,0.2100579643904451,0.2996706192358365,0.5093636771956469,-0.18626482213438733
GRNBOOST2,0.029388454682572285,-0.015555555555555656,-0.013379503938327653,0.09333333333333327,-0.024386916924440144,-0.18115942028985504
PPCOR,-0.07180701651289906,0.0,-0.07058725914608277,0.0,0.20553737021421142,-0.2717391304347826
SINCERITIES,0.32701485726549645,0.01388888888888884,0.277882079084125,-0.08333333333333348,-0.3070176811043349,0.2717391304347826
