,PageRank,Centrality,Betweenness,Radiality,Clustering Coefficient,Local Efficiency,Node Degrees
PIDC,0.0,0.0,0.0,0.0,0.0,0.0,0.0
GRNBOOST2,2.665121668597914,2.665121668597914,2.665121668597914,0.0,0.0,0.0,0.0
PPCOR,2.665121668597914,2.665121668597914,2.665121668597914,2.665121668597914,0.0,0.0,2.665121668597914
SINCERITIES,2.665121668597914,0.0,2.665121668597914,0.0,0.0,2.665121668597914,0.0
