,PageRank,Centrality,Betweenness,Radiality,Clustering Coefficient,Local Efficiency,Node Degrees
PIDC,-0.043960853011722076,0.03016841806070784,0.21488029089519003,0.08533924204123643,0.3327656340270475,0.33843289409074645,0.03016841806070784
GRNBOOST2,0.15999999999999998,0.1059192695247249,0.10349557966207666,0.0764774272223822,-0.2508241847376028,-0.15255221558228504,0.1059192695247249
PPCOR,0.04521739130434782,0.089635550588816,-0.013519418461315475,-0.024256993006993008,-0.35116838574918824,-0.4129201222173724,0.089635550588816
SINCERITIES,-0.04519774732639901,-0.06074579362107133,-0.12723176064165279,-0.16274460097569948,-0.26526684117577415,-0.2967001178040519,-0.06074579362107133
