,Clustering Coefficient,Assortativity,In Centralization
GRNBOOST2,0.45490736964873063,0.20088406743568793,0.13043478260869565
SINCERITIES,0.17622642509006148,0.3264035459897705,0.6281179138321995
ground truth,0.2508106581527634,-0.01804927793109674,0.1736111111111111
