,Clustering Coefficient,Assortativity,In Centralization
GRNBOOST2,0.20409671149596725,0.21893334536678466,-0.043176328502415456
SINCERITIES,-0.0745842330627019,0.34445282392086723,0.4545068027210884
