,Clustering Coefficient,Global Efficiency,Local Efficiency,Shortest Path Length,Assortativity,Centralization
PIDC,0.6171282096731473,-0.09494443639674698,0.4674028780055771,0.27146510778224336,1.3535109599101516,-0.5856236786469345
GRNBOOST2,0.21311164075927466,-0.045692527367920135,0.19204304940662179,0.08571428571428567,0.7596500390931804,-0.5813953488372092
PPCOR,0.11580883710575737,0.01970076361153066,0.1589036243760241,-0.01899890390938988,0.43523193225588985,-0.38266384778012685
SINCERITIES,-0.3431576257681794,0.0780271608448667,-0.18621910487683616,-0.07235621521335811,0.08846619632814252,-0.15437430786268003
