,Clustering Coefficient,Global Efficiency,Local Efficiency,Shortest Path Length,Assortativity,Centralization
PIDC,0.7372354497354495,0.5282004830917875,0.8305362654320988,2.5217391304347827,0.11493096316171991,0.19367588932806323
GRNBOOST2,0.553047619047619,0.5569444444444445,0.6746851851851852,2.1533333333333333,-0.07814086587279595,0.1956521739130435
PPCOR,0.5086880711880711,0.595108695652174,0.6559285814494148,1.9456521739130435,-0.1836133680418605,0.2885375494071146
SINCERITIES,0.2994490358126722,0.6291486291486292,0.460592353774172,1.8398268398268398,-0.2963513720680665,0.3952380952380952
ground truth,0.45589177489177496,0.5836111111111112,0.5659906204906204,1.9833333333333334,-0.3251128711566136,0.4673913043478261
