,Clustering Coefficient,Assortativity,In Centralization
GRNBOOST2,0.8137481596641573,12.129756448017723,-0.24869565217391304
SINCERITIES,-0.2973726619595019,19.084022376729894,2.6179591836734692
