,Clustering Coefficient,Global Efficiency,Local Efficiency,Shortest Path Length,Assortativity,Centralization
PIDC,0.28134367484367456,-0.05541062801932373,0.26454564494147836,0.5384057971014493,0.4400438343183335,-0.2737154150197629
GRNBOOST2,0.09715584415584405,-0.026666666666666727,0.10869456469456473,0.16999999999999993,0.24697200528381763,-0.2717391304347826
PPCOR,0.052796296296296175,0.011497584541062755,0.08993796095879436,-0.037681159420289934,0.1414995031147531,-0.17885375494071148
SINCERITIES,-0.15644273907910278,0.04553751803751804,-0.10539826671644842,-0.14350649350649358,0.028761499088547082,-0.07215320910973089
