,PageRank,Out Centrality,Betweenness,Clustering Coefficient,Node In Degrees
GRNBOOST2,-0.21835580687255327,0.049212977564686865,-0.007826862318045484,0.23999139275611198,0.13287546830578434
SINCERITIES,-0.06022083229991317,-0.2736988187874403,0.20021922703888764,-0.07256698113688935,-0.07379163977749055
