,PageRank,Out Centrality,Betweenness,Clustering Coefficient,Node In Degrees
GRNBOOST2,0.0903954802259887,0.4621212121212121,0.41911764705882354,0.06336088154269973,0.10919540229885058
SINCERITIES,0.04433497536945813,0.02912621359223301,0.0707070707070707,0.08163265306122448,0.10416666666666667
