,PageRank,Centrality,Betweenness,Radiality,Clustering Coefficient,Local Efficiency,Node Degrees
PIDC,0.0680239269581155,0.12081571556012097,0.056861948663335306,0.10513110317464264,-0.02723705970718014,-0.025724778087629723,0.12081571556012097
GRNBOOST2,0.1917946144230429,0.20102306968346542,0.17830752098460056,0.14670092035619547,0.047660522839222445,0.0531507970696454,0.20102306968346542
PPCOR,-0.0062603591781287184,-0.0024561039281309938,0.006752997526873447,-0.06230749999899123,0.0026995827447785065,0.0033048784729146972,-0.0024561039281309938
SINCERITIES,-0.01394497183126126,-0.014237662949728683,0.011225037558110343,0.010008840722368614,-0.02032573380827167,-0.02036494956828463,-0.014237662949728683
