,Clustering Coefficient,Assortativity,In Centralization
GRNBOOST2,0.026856921934368616,0.09731818685860164,0.008068956813470928
SINCERITIES,-0.24923676340756196,-0.043673532487862717,0.071142045966583
