,Clustering Coefficient,Assortativity,In Centralization
GRNBOOST2,0.1041805988900588,9.576114691428385,3.7286165432387386
SINCERITIES,-0.9668135216936999,-4.297477887573608,32.87431270768541
