,Clustering Coefficient,Assortativity,In Centralization
GRNBOOST2,0.36737241982335267,0.20062811442779505,0.13020833333333331
SINCERITIES,0.1453793913540724,0.16222950142984469,0.5208333333333333
