,Clustering Coefficient,Assortativity,In Centralization
GRNBOOST2,0.5185898136992533,0.006338639763456837,0.3003472222222222
SINCERITIES,0.296596785229973,-0.032059973234493534,0.6909722222222222
ground truth,0.1512173938759006,-0.1942894746643382,0.1701388888888889
