,Clustering Coefficient,Global Efficiency,Local Efficiency,Shortest Path Length,Assortativity,Centralization
PIDC,0.33727117327117323,-0.04194444444444445,0.2546295500795501,0.27333333333333343,0.3143312401977262,0.22644927536231885
GRNBOOST2,0.3815805109922758,-0.022222222222222143,0.36933454715219427,0.1333333333333333,0.0047735394542732235,0.3170289855072464
PPCOR,0.21869597069597074,-0.02083333333333337,0.22371773041773035,0.13666666666666671,0.1119130259716006,0.1358695652173913
SINCERITIES,0.2381829632355948,-0.0011111111111111738,0.22279677418098465,0.006666666666666599,-0.2612322492712977,0.40760869565217395
