,PageRank,Centrality,Betweenness,Radiality,Clustering Coefficient,Local Efficiency,Node Degrees
PIDC,0.07384615384615385,0.0009975031426745116,-0.09930718877943165,-0.039525231925529904,0.2573303235175069,0.4084083436479248,0.0009975031426745116
GRNBOOST2,-0.1853846153846154,-0.03841249566686138,-0.22857313228771298,-0.019352569856033303,-0.060360245263997254,0.09315910041290723,-0.03841249566686138
PPCOR,-0.09769230769230769,-0.08336643214423503,-0.1785989751692104,-0.1152493148719659,-0.1837994521730719,-0.05580142493142562,-0.08336643214423503
SINCERITIES,0.29846153846153844,0.37011944004913555,0.24711323719532993,0.38314753682980424,-0.3420088746805261,-0.22457642114368087,0.37011944004913555
