,Clustering Coefficient,Assortativity,In Centralization
GRNBOOST2,2.429432292192813,1.0326247202758034,0.7653061224489794
SINCERITIES,0.9613933134794053,0.8349886256582785,3.0612244897959178
