,PageRank,Out Centrality,Betweenness,Clustering Coefficient,Node In Degrees
GRNBOOST2,-0.20973642132142792,0.027795529307747476,0.01915817286757333,-0.11714839702805216,-0.06654642957535888
SINCERITIES,0.19831902967092233,0.02023255905649349,0.22833536614190336,-0.2619414678162473,0.20237668252677274
