,Clustering Coefficient,Global Efficiency,Local Efficiency,Shortest Path Length,Assortativity,Centralization
PIDC,0.6215366855366855,0.6113888888888889,0.7140270007770009,1.9933333333333334,0.14538631650827352,0.37681159420289856
GRNBOOST2,0.6658460232577881,0.6311111111111112,0.828731997849645,1.8533333333333333,-0.1641713842351794,0.4673913043478261
PPCOR,0.502961482961483,0.6325,0.6831151811151811,1.8566666666666667,-0.05703189771785202,0.286231884057971
SINCERITIES,0.5224484755011071,0.6522222222222221,0.6821942248784354,1.7266666666666666,-0.4301771729607503,0.5579710144927537
ground truth,0.2842655122655123,0.6533333333333333,0.45939745069745075,1.72,-0.16894492368945263,0.1503623188405797
