,Clustering Coefficient,Global Efficiency,Local Efficiency,Shortest Path Length,Assortativity,Centralization
PIDC,0.20073481597086762,-0.007798960138648186,0.1297722770709377,0.0185873605947956,0.8451073077255392,4.545454545454545
GRNBOOST2,0.20391368288364023,-0.010398613518197639,0.09122850543175512,0.024163568773234265,1.0254172094632796,3.03030303030303
PPCOR,0.030361555468851602,0.0008665511265164267,-0.00823215608173805,-0.0018587360594794732,0.9985267714037562,2.2727272727272725
SINCERITIES,0.05441264743839833,0.02253032928942796,-0.07709752037890755,-0.04832713754646828,-3.720087425599858,9.09090909090909
