,Clustering Coefficient,Assortativity,In Centralization
GRNBOOST2,1.4301821794978204,-0.739681152952339,2.0000000000000004
SINCERITIES,0.14837448418401034,0.8170261027281608,17.0
