,Clustering Coefficient,Assortativity,In Centralization
GRNBOOST2,0.3364484659514926,-0.0312930175863235,0.08680555555555557
SINCERITIES,0.034904901141743216,0.03456518000912901,0.7378472222222222
