,Clustering Coefficient,Global Efficiency,Local Efficiency,Shortest Path Length,Assortativity,Centralization
PIDC,0.08908802308802316,-0.0050000000000000044,0.08474987974987991,0.03333333333333344,0.09241872474564244,0.2717391304347826
GRNBOOST2,0.09049883449883461,-0.00666666666666671,0.05957824767824771,0.043333333333333446,0.1121369439886666,0.18115942028985504
PPCOR,0.013474747474747473,0.0005555555555555314,-0.005376142376142257,-0.0033333333333331883,0.10919627601597888,0.1358695652173913
SINCERITIES,0.02414885114885107,0.014444444444444371,-0.05034977984977973,-0.08666666666666645,-0.40681903075898473,0.5434782608695652
