,Clustering Coefficient,Assortativity,In Centralization
GRNBOOST2,0.5716971432001698,-0.07359910780022388,0.13020833333333334
SINCERITIES,0.2701535783904205,-0.00774091020477137,0.78125
ground truth,0.23524867724867726,-0.04230609021390038,0.043402777777777776
