,PageRank,Centrality,Betweenness,Radiality,Clustering Coefficient,Local Efficiency,Node Degrees
PIDC,0.31999999999999995,0.49667027184333934,0.43,0.4032557706521723,0.22891757581960898,0.04505199641718143,0.49667027184333934
GRNBOOST2,0.30198115580731577,0.42722551174920737,0.495479909146271,0.2795772070569159,0.4437453670579693,0.026766805930061192,0.42722551174920737
PPCOR,0.38,0.3715720792019099,0.31692307692307686,0.3296238791259347,0.40947630843480015,0.47409982877561624,0.3715720792019099
SINCERITIES,0.17349490607528587,0.28424065453866626,0.26594779355619064,0.33347743804211427,0.21161920737434387,0.32760678807541127,0.28424065453866626
