,PageRank,Out Centrality,Betweenness,Clustering Coefficient,Node In Degrees
GRNBOOST2,0.01962671098604188,,-0.041321057981036434,0.45985994548885084,-0.11145991603906573
SINCERITIES,0.24894621458673738,,-0.007815751585783593,0.17247469482832678,0.45532969980908283
