,Clustering Coefficient,Global Efficiency,Local Efficiency,Shortest Path Length,Assortativity,Centralization
PIDC,0.532897546897547,0.6361111111111112,0.7378160173160174,1.8266666666666667,-0.01693865969630675,0.33152173913043476
GRNBOOST2,0.5343083583083584,0.6344444444444445,0.7126443852443852,1.8366666666666667,0.0027795595467174075,0.24094202898550723
PPCOR,0.4572842712842713,0.6416666666666667,0.6476899951899953,1.79,-0.00016110842597031195,0.1956521739130435
SINCERITIES,0.4679583749583749,0.6555555555555556,0.6027163577163578,1.7066666666666668,-0.5161764152009339,0.6032608695652174
ground truth,0.4438095238095238,0.6411111111111112,0.6530661375661375,1.7933333333333332,-0.10935738444194919,0.059782608695652176
