,Clustering Coefficient,Assortativity,In Centralization
GRNBOOST2,0.15515182543252715,-0.2617159496438067,0.07653061224489793
SINCERITIES,0.18088769681423184,0.14100342716994313,0.6122448979591837
