,Clustering Coefficient,Global Efficiency,Local Efficiency,Shortest Path Length,Assortativity,Centralization
PIDC,0.2798412698412699,-0.01904761904761898,0.2316754850088184,0.11428571428571432,0.21904716546808436,0.0824175824175824
GRNBOOST2,0.2281481481481482,-0.004761904761904745,0.23880511463844822,0.028571428571428692,-0.03242743889218627,0.1648351648351648
PPCOR,0.11264550264550266,0.0,0.10083774250440913,0.0,0.06737053795877586,0.0824175824175824
SINCERITIES,0.35032153032153035,0.0031746031746031633,0.27275335775335785,-0.01904761904761898,-0.26473006221169404,0.4945054945054945
