,Clustering Coefficient,Assortativity,In Centralization
GRNBOOST2,0.8280513418814213,-10.523878453369802,0.3749999999999999
SINCERITIES,0.9654046909167884,5.6698987244172265,3.0
