,PageRank,Out Centrality,Betweenness,Clustering Coefficient,Node In Degrees
GRNBOOST2,0.25,0.2600750612293365,0.03756714418984554,-0.08333346715345072,0.0439438926363914
SINCERITIES,-0.056525348509680766,-0.5637504448196874,-0.0063786488334384335,0.5827347554720684,-0.3002581504660018
