,PageRank,Centrality,Betweenness,Radiality,Clustering Coefficient,Local Efficiency,Node Degrees
PIDC,0.024999999999999998,-0.1069767904713093,0.11369744932329777,-0.1516295471105158,0.1233025737467624,0.4028649779171968,-0.1069767904713093
GRNBOOST2,0.16785714285714282,0.13302331336867157,0.2683367442131824,0.13758132194703546,0.3327257535575281,0.32823443383014683,0.13302331336867157
PPCOR,-0.049999999999999996,-0.0690723210277367,0.07871211163586683,-0.06355417746376503,-0.05525096117556766,0.23455694269845678,-0.0690723210277367
SINCERITIES,0.1714285714285714,0.12019643630392704,0.10748256753125898,0.09241275818609092,0.7085621954850568,0.6185956637568153,0.12019643630392704
