,Clustering Coefficient,Global Efficiency,Local Efficiency,Shortest Path Length,Assortativity,Centralization
PIDC,0.6376190476190476,0.6968253968253969,0.773289241622575,1.6952380952380952,0.03386198028289669,0.23626373626373626
GRNBOOST2,0.585925925925926,0.7111111111111111,0.7804188712522048,1.6095238095238096,-0.21761262407737395,0.31868131868131866
PPCOR,0.4704232804232804,0.7158730158730159,0.6424514991181657,1.5809523809523809,-0.11781464722641181,0.23626373626373626
SINCERITIES,0.7080993080993081,0.719047619047619,0.8143671143671144,1.561904761904762,-0.4499152473968817,0.6483516483516484
ground truth,0.35777777777777775,0.7158730158730159,0.5416137566137565,1.5809523809523809,-0.18518518518518767,0.15384615384615385
