,Clustering Coefficient,Global Efficiency,Local Efficiency,Shortest Path Length,Assortativity,Centralization
PIDC,0.7821650399290153,-0.02660753880266066,0.4277503704065519,0.07228915662650605,1.1828546935276396,0.5357142857142856
GRNBOOST2,0.6376811594202901,-0.006651884700665165,0.4409140493983952,0.01807228915662658,-0.17510817001780352,1.0714285714285712
PPCOR,0.31484767820171555,0.0,0.1861801722593985,0.0,0.36380090497738476,0.5357142857142856
SINCERITIES,0.9791595567993086,0.004434589800443443,0.5035938515643495,-0.012048192771084295,-1.4295423359431285,3.2142857142857144
