,Clustering Coefficient,Assortativity,In Centralization
GRNBOOST2,0.34252163885497217,-0.2368471761394905,0.28061224489795916
SINCERITIES,0.36825751023667685,0.16587220067425928,0.8163265306122449
ground truth,0.18736981342244502,0.024868773504316162,0.20408163265306123
