,PageRank,Out Centrality,Betweenness,Clustering Coefficient,Node In Degrees
GRNBOOST2,0.125,0.2631578947368421,0.125,0.09090909090909091,0.1076923076923077
SINCERITIES,0.053763440860215055,0.2727272727272727,0.1951219512195122,0.10112359550561797,0.08888888888888889
