,Clustering Coefficient,Assortativity,In Centralization
GRNBOOST2,0.17279192390836864,0.4050154958944975,0.023711228871334103
SINCERITIES,-0.02208691790812042,0.472380217705003,0.1493829837385971
