,Clustering Coefficient,Assortativity,In Centralization
GRNBOOST2,7.429055601922034,15.745583975855947,3.9074695727637474
SINCERITIES,-0.9496100136111,18.364488425264447,24.617427751832402
