,PageRank,Out Centrality,Betweenness,Clustering Coefficient,Node In Degrees
GRNBOOST2,0.13699421639213166,-0.05277966211802963,-0.05780690024876626,0.13971207673720565,0.3336521240401339
SINCERITIES,0.03845936912428738,0.09681398615551133,0.038840308699933684,0.08472436497646668,0.05957864186396117
