,Clustering Coefficient,Assortativity,In Centralization
GRNBOOST2,0.5253978891478893,0.6677667514737207,0.09829867674858223
SINCERITIES,0.14629343989343985,-0.20051092636747234,0.4913194444444444
ground truth,0.29546675686594953,-0.03922550228457392,0.2309027777777778
