,Clustering Coefficient,Global Efficiency,Local Efficiency,Shortest Path Length,Assortativity,Centralization
PIDC,0.5499047619047619,0.5977777777777779,0.7157142857142855,1.9766666666666666,-0.0012626900348500364,0.14855072463768115
GRNBOOST2,0.5599867724867725,0.623792270531401,0.7133818342151677,1.8659420289855073,-0.06578947368421464,0.1422924901185771
PPCOR,0.3644126984126984,0.6183333333333333,0.5220312169312169,1.85,-0.027995520716684125,0.14855072463768115
SINCERITIES,0.19361793761793764,0.6177777777777778,0.28430943130943126,1.8533333333333333,-0.5339468979672926,0.32971014492753625
ground truth,0.49367587967587967,0.6233333333333333,0.6635191105191105,1.82,-0.38453597605037887,0.28442028985507245
