,PageRank,Centrality,Betweenness,Radiality,Clustering Coefficient,Local Efficiency,Node Degrees
PIDC,0.2713103763907246,0.3042092639194039,0.27586872586872585,0.24354877345102927,0.4007368401586713,0.3591033156634976,0.3042092639194039
GRNBOOST2,0.19699935234129795,0.21156967457757045,0.2850299663370567,0.3426007333625938,0.5249477586677959,0.4403242008969159,0.21156967457757045
PPCOR,0.055010579975090644,0.04281237340149284,0.2913300205491718,0.16264868478445907,0.4544755554751547,0.4949839593669941,0.04281237340149284
SINCERITIES,0.11417023023670336,0.17590495780127705,-0.02642238451284659,0.10216181208132091,-0.08963018263586094,-0.056660741670135774,0.17590495780127705
