,Clustering Coefficient,Global Efficiency,Local Efficiency,Shortest Path Length,Assortativity,Centralization
PIDC,0.05622888222888223,-0.025555555555555443,0.052195175195175025,0.1566666666666665,0.38327328601552885,-0.1358695652173913
GRNBOOST2,0.06631089281089286,0.000458937198067666,0.049862723696057154,0.045942028985507255,0.3187465023661642,-0.14212779973649536
PPCOR,-0.12926318126318126,-0.0050000000000000044,-0.1414878935878936,0.030000000000000027,0.3565404553336947,-0.1358695652173913
SINCERITIES,-0.300057942057942,-0.005555555555555536,-0.37920967920967924,0.033333333333333215,-0.14941092191691369,0.0452898550724638
