,Clustering Coefficient,Assortativity,In Centralization
GRNBOOST2,0.7781962841466371,18.023790967141572,-0.5742854300211777
SINCERITIES,-0.5048734367101345,-4.111749109362624,1.1278195488721803
