,Clustering Coefficient,Assortativity,In Centralization
GRNBOOST2,0.2299311322819398,0.7069922537582946,-0.13260410102919556
SINCERITIES,-0.14917331697250968,-0.16128542408289842,0.26041666666666663
