,PageRank,Out Centrality,Betweenness,Clustering Coefficient,Node In Degrees
GRNBOOST2,0.04612707138222452,-0.1336831419901893,0.17237688730501172,0.42207699678783955,0.0027618847732796604
SINCERITIES,0.3152939968426734,-0.41501738218738055,0.006134372902267477,-0.16023166023166022,0.23663179069678064
