,PageRank,Centrality,Betweenness,Radiality,Clustering Coefficient,Local Efficiency,Node Degrees
PIDC,0.0,2.665121668597914,0.0,0.0,13.32560834298957,6.662804171494785,2.665121668597914
GRNBOOST2,0.0,2.5539432176656156,0.0,2.5539432176656156,6.384858044164038,6.384858044164038,2.5539432176656156
PPCOR,0.0,2.665121668597914,0.0,2.665121668597914,6.662804171494785,6.662804171494785,2.665121668597914
SINCERITIES,0.0,2.665121668597914,0.0,2.665121668597914,0.0,0.0,2.665121668597914
