,PageRank,Centrality,Betweenness,Radiality,Clustering Coefficient,Local Efficiency,Node Degrees
PIDC,-0.3162686091253088,-0.40132093470662417,0.05962470772877607,-0.15751021421689929,0.17771362344606267,0.17526050453609934,-0.40132093470662417
GRNBOOST2,-0.052349640687242724,-0.06313968091022786,-0.07581672099531707,0.11614479143381255,-0.19403426233396637,-0.12105622478266657,-0.06313968091022786
PPCOR,0.005361932435978083,-0.05469232096354992,0.028699840133367002,0.2770282692838402,-0.25696575559135804,-0.3497793016254104,-0.05469232096354992
SINCERITIES,-0.3934065934065934,-0.45599239735904135,-0.42244249985333543,-0.4082784265947416,0.037444933920704845,-0.12981305985076452,-0.45599239735904135
