,Clustering Coefficient,Global Efficiency,Local Efficiency,Shortest Path Length,Assortativity,Centralization
PIDC,0.46162151697022946,-0.09688195991091296,0.22900182765549246,0.3072289156626508,2.8258219471737154,-0.7142857142857143
GRNBOOST2,0.34226398796669977,-0.037861915367483165,0.10444880861836023,0.10240963855421693,0.7660897266590114,-0.5714285714285714
PPCOR,0.12532950094568623,-0.03118040089086849,0.0493296704544163,0.08433734939759034,1.0723673230974566,-0.5714285714285714
SINCERITIES,0.08363526505811313,0.040774370395751415,0.04132374476393703,-0.02687673772011112,-0.26023564837007906,-0.44444444444444436
