,Clustering Coefficient,Assortativity,In Centralization
GRNBOOST2,0.5225953437687184,-0.08876566600211878,0.20408163265306123
SINCERITIES,0.3390949305912746,0.13878810794730898,0.5325443786982249
ground truth,0.30606286959228135,0.11251319876019401,0.35714285714285715
