,Clustering Coefficient,Global Efficiency,Local Efficiency,Shortest Path Length,Assortativity,Centralization
PIDC,0.25231176231176233,-0.06904761904761891,0.16420838420838413,0.485714285714286,0.7298750258482701,-0.41208791208791207
GRNBOOST2,0.18707366707366702,-0.026984126984126888,0.07489621489621467,0.161904761904762,0.19787154658013095,-0.3296703296703296
PPCOR,0.06850223850223847,-0.022222222222222143,0.03537240537240527,0.1333333333333333,0.2769792797622719,-0.3296703296703296
SINCERITIES,0.04571312285597984,0.02905982905982918,0.029631664631664445,-0.04249084249084234,-0.06721566472746926,-0.25641025641025633
