,Clustering Coefficient,Assortativity,In Centralization
GRNBOOST2,0.7074771090818324,-1.7889355824938393,-0.42857142857142855
SINCERITIES,0.1079257377511901,0.233527350361056,0.4911242603550297
