,Clustering Coefficient,Assortativity,In Centralization
GRNBOOST2,0.21653247417643706,-0.2012788647623128,-0.15306122448979592
SINCERITIES,0.03303206099899325,0.02627490918711496,0.17540152155536776
