,PageRank,Out Centrality,Betweenness,Clustering Coefficient,Node In Degrees
GRNBOOST2,0.06440071556350627,-0.1865731408028742,0.3837844067603576,0.2731366615706476,0.11660468054686111
SINCERITIES,0.027533039647577095,-0.6692825112107625,-0.6584969072330534,0.015469849363075237,0.09781416170199354
