,Clustering Coefficient,Global Efficiency,Local Efficiency,Shortest Path Length,Assortativity,Centralization
PIDC,0.798888888888889,0.6436507936507937,0.8812698412698413,2.066666666666667,0.47158733487104326,0.16483516483516483
GRNBOOST2,0.7336507936507937,0.6857142857142857,0.7919576719576719,1.7428571428571429,-0.060416144397095924,0.24725274725274726
PPCOR,0.6150793650793651,0.6904761904761905,0.7524338624338625,1.7142857142857142,0.018691588785045038,0.24725274725274726
SINCERITIES,0.5922902494331065,0.7417582417582418,0.7466931216931216,1.5384615384615385,-0.32550335570469613,0.32051282051282054
ground truth,0.5465771265771266,0.7126984126984126,0.7170614570614572,1.5809523809523809,-0.25828769097722687,0.5769230769230769
