,Clustering Coefficient,Global Efficiency,Local Efficiency,Shortest Path Length,Assortativity,Centralization
PIDC,0.6509019869019868,0.5909444444444444,0.7798474118474117,2.1566666666666667,0.33204969513592514,0.29347826086956524
GRNBOOST2,0.589835497835498,0.6177777777777778,0.7377902837902838,1.93,0.19143991814508382,0.2028985507246377
PPCOR,0.46201554001554007,0.6252777777777778,0.6492553927553927,1.8766666666666667,0.04709811986755738,0.29347826086956524
SINCERITIES,0.2777264108440579,0.6391666666666667,0.4448797591297591,1.7933333333333332,-0.5614658045294292,0.42934782608695654
ground truth,0.4248051948051949,0.6361111111111112,0.6219052429052428,1.81,-0.13848263254113397,0.15760869565217392
