,Clustering Coefficient,Assortativity,In Centralization
GRNBOOST2,0.18834928936116835,0.2491115997154638,0.0
SINCERITIES,-0.04240454797507143,-0.007814070026307157,0.4340277777777778
