,Clustering Coefficient,Global Efficiency,Local Efficiency,Shortest Path Length,Assortativity,Centralization
PIDC,0.5322364106222246,-0.07100436681222727,0.25396500631565483,0.19152854511970535,3.397771395899015,0.8620689655172414
GRNBOOST2,0.38848466320187525,-0.028820960698690095,0.18633874244841805,0.06629834254143639,2.382411026077366,0.2873563218390805
PPCOR,0.08759390343003903,-0.01703056768558956,0.04397800173284125,0.03683241252302025,1.340101274819192,0.8620689655172414
SINCERITIES,-0.3462264250995887,0.004803493449781537,-0.2846502514571282,-0.009208103130755154,-3.0544131363379092,1.7241379310344827
