,Clustering Coefficient,Global Efficiency,Local Efficiency,Shortest Path Length,Assortativity,Centralization
PIDC,0.22609679209679184,-0.0451666666666668,0.15794216894216884,0.3466666666666667,0.4705323276770591,0.13586956521739132
GRNBOOST2,0.16503030303030314,-0.018333333333333424,0.11588504088504092,0.11999999999999988,0.3299225506862178,0.045289855072463775
PPCOR,0.037210345210345164,-0.010833333333333361,0.02735014985014983,0.06666666666666665,0.18558075240869135,0.13586956521739132
SINCERITIES,-0.147078783961137,0.003055555555555478,-0.17702548377548377,-0.01666666666666683,-0.4229831719882952,0.2717391304347826
