,Clustering Coefficient,Assortativity,In Centralization
GRNBOOST2,0.41259751916753773,0.2745609296434272,0.13020833333333334
SINCERITIES,0.18184368183129795,0.017635259901656267,0.5642361111111112
ground truth,0.22424822980636938,0.025449329927963425,0.13020833333333334
