,PageRank,Out Centrality,Betweenness,Clustering Coefficient,Node In Degrees
GRNBOOST2,-0.2704366274299911,,-0.0610043157119234,0.08404009876597542,-0.046122883407870754
SINCERITIES,0.3864021676433829,,0.08498150032695977,-0.12422743431883602,0.5085411970311237
