,Clustering Coefficient,Assortativity,In Centralization
GRNBOOST2,0.8399142750147971,9.78853275982496,0.0
SINCERITIES,-0.18909646694507373,-0.3070442345014809,3.333333333333333
