,PageRank,Centrality,Betweenness,Radiality,Clustering Coefficient,Local Efficiency,Node Degrees
PIDC,-0.07964602359462748,0.04829535161106966,-0.45736306072932653,0.0745595093225309,0.0774443731705562,0.05185052037709147,0.04829535161106966
GRNBOOST2,0.03,0.061581728743851746,-0.013464127965931277,0.2554622480001538,0.19957582136766033,0.18895516994020675,0.061581728743851746
PPCOR,0.43538461538461537,0.28834030502850916,0.3276923076923077,0.47884628001865637,0.3741319712964921,0.25789070424655386,0.28834030502850916
SINCERITIES,0.20042316200714846,0.2867628851320625,0.24706565594193897,0.3770304925768076,-0.32082769890191914,-0.2280266379408893,0.2867628851320625
