,Clustering Coefficient,Assortativity,In Centralization
GRNBOOST2,0.5717517517517516,-0.1482398080628849,0.15306122448979592
SINCERITIES,0.3117478691750536,-0.12447982609715234,0.7653061224489796
ground truth,0.30309523809523814,-0.056832861622539275,0.07653061224489796
