,Clustering Coefficient,Assortativity,In Centralization
GRNBOOST2,0.2686565136565135,-0.09140694644034561,0.07653061224489796
SINCERITIES,0.008652631079815454,-0.06764696447461307,0.6887755102040816
