,Clustering Coefficient,Global Efficiency,Local Efficiency,Shortest Path Length,Assortativity,Centralization
PIDC,0.8150789950789951,0.7047619047619048,0.9061963961963961,1.5904761904761904,-0.4918248766975211,0.6813186813186813
GRNBOOST2,0.7062626262626263,0.7047619047619048,0.8509712509712509,1.5904761904761904,-0.5073205726024714,0.5989010989010989
PPCOR,0.5752834467120181,0.7289377289377289,0.7142290249433109,1.5714285714285714,-0.16987071388420377,0.34615384615384615
SINCERITIES,0.5558241758241758,0.7047619047619048,0.6557956857956858,1.5904761904761904,-0.4910197199618795,0.5989010989010989
ground truth,0.5739682539682538,0.6825396825396826,0.7698412698412699,1.723809523809524,-0.2751235584843578,0.1043956043956044
