,Clustering Coefficient,Global Efficiency,Local Efficiency,Shortest Path Length,Assortativity,Centralization
PIDC,0.4200767889927186,0.03255813953488377,0.17712109196645265,-0.07734806629834265,-0.7876508991340481,5.526315789473685
GRNBOOST2,0.2304907481898636,0.03255813953488377,0.10538533631317125,-0.07734806629834265,-0.8439735782616202,4.7368421052631575
PPCOR,0.0022914032869788157,0.06797853309481208,-0.07223858615611171,-0.08839779005524868,0.38256572857659593,2.31578947368421
SINCERITIES,-0.03161164057181738,0.03255813953488377,-0.14814168649220197,-0.07734806629834265,-0.7847243713583927,4.7368421052631575
