,Clustering Coefficient,Global Efficiency,Local Efficiency,Shortest Path Length,Assortativity,Centralization
PIDC,0.24111074111074127,0.022222222222222254,0.13635512635512625,-0.13333333333333353,-0.2167013182131633,0.576923076923077
GRNBOOST2,0.13229437229437246,0.022222222222222254,0.08112998112998104,-0.13333333333333353,-0.2321970141181136,0.49450549450549447
PPCOR,0.0013151927437643485,0.046398046398046344,-0.05561224489795902,-0.1523809523809525,0.10525284460015405,0.24175824175824173
SINCERITIES,-0.018144078144078035,0.022222222222222254,-0.11404558404558407,-0.13333333333333353,-0.21589616147752166,0.49450549450549447
