,PageRank,Out Centrality,Betweenness,Clustering Coefficient,Node In Degrees
GRNBOOST2,0.28573717857003444,,0.04813494421312729,0.120375530611745,0.025794107751137895
SINCERITIES,0.39528470752104744,,-0.07252406676228422,0.19326266814963805,0.2960419256393412
