,PageRank,Centrality,Betweenness,Radiality,Clustering Coefficient,Local Efficiency,Node Degrees
PIDC,0.10357142857142855,-0.31568169797684364,0.0018860540215855997,-0.23983666688708694,0.10746699999779372,0.2002262488921756,-0.31568169797684364
GRNBOOST2,0.350626679105225,0.20561884197481012,0.274845449668148,0.26280303635197794,0.33334321257373484,0.3900408161434572,0.20561884197481012
PPCOR,-0.16483516483516483,-0.4665295564322019,-0.178021978021978,-0.052128603514268686,0.030941094486015737,0.062334549899761595,-0.4665295564322019
SINCERITIES,0.19141354420540344,0.08305395344999218,0.5583563931615944,0.20557924898117713,0.4082218991223073,0.19247529617566628,0.08305395344999218
