,Clustering Coefficient,Assortativity,In Centralization
GRNBOOST2,0.8863765572328016,-1.6083467175633936,1.0
SINCERITIES,0.028547565227984996,-1.190279048834399,8.999999999999998
