,PageRank,Out Centrality,Betweenness,Clustering Coefficient,Node In Degrees
GRNBOOST2,0.16842105263157892,0.09714804779645075,-0.36720693858350534,-0.7293941051031101,0.22350775855954336
SINCERITIES,0.2897413437075714,-0.27758847156969524,-0.011503734726526757,0.169766602128659,-0.04490161811425687
