,Clustering Coefficient,Global Efficiency,Local Efficiency,Shortest Path Length,Assortativity,Centralization
PIDC,1.1310918271192791,-0.03694270031196938,0.8482296613337819,0.1143752448100274,1.4565114215946628,-0.2577319587628866
GRNBOOST2,0.9711777343132951,-0.01818504916479103,0.663063858425082,0.06345475910693302,1.1867228763378759,-0.5276476101218369
PPCOR,1.0095569831985762,0.025298596676395422,0.810971240197657,0.0020296976818715232,0.8927069480976156,-0.11929307805596465
SINCERITIES,-0.48694378146747197,-0.002389132409272261,-0.4009049444128431,0.030160595377986647,0.22039331906843432,0.012183692596063712
