,PageRank,Out Centrality,Betweenness,Clustering Coefficient,Node In Degrees
GRNBOOST2,0.0,0.0,0.0,0.0,4.871794871794871
SINCERITIES,2.5539432176656156,0.0,2.5539432176656156,6.384858044164038,2.5539432176656156
