,PageRank,Centrality,Betweenness,Radiality,Clustering Coefficient,Local Efficiency,Node Degrees
PIDC,0.21961296453058599,0.18494174617411374,-0.012616926767609718,0.15947426450538027,-0.34947755186665475,-0.12164235249310384,0.18494174617411374
GRNBOOST2,0.07130434782608694,0.06327739272213259,-0.017829963456938665,0.03743432933227062,-0.5254169291655605,-0.34359448545561755,0.06327739272213259
PPCOR,0.0,-0.00326879815792663,-0.16889601073196683,-0.1988072552791128,0.010311903842319984,0.22751116274386324,-0.00326879815792663
SINCERITIES,0.15528492117106427,0.10161385841683547,0.2571242661950808,0.18436610908355533,0.29366920255104995,0.22723961357295341,0.10161385841683547
