,Clustering Coefficient,Assortativity,In Centralization
GRNBOOST2,0.3831430128625336,-0.08085366112758137,-0.052607533087103725
SINCERITIES,-0.0626401742168691,0.0460363578131614,0.1804669449695442
