,Clustering Coefficient,Global Efficiency,Local Efficiency,Shortest Path Length,Assortativity,Centralization
PIDC,0.3205699300699302,-0.02259661835748794,0.3380535251785252,0.2115942028985507,0.6776496832607919,-0.09057971014492755
GRNBOOST2,0.27524765974765986,-0.01112318840579718,0.2642575295075294,0.11739130434782608,0.5521291280972158,-0.1854413702239789
PPCOR,0.28612496682061916,0.015474308300395201,0.3232045506828117,0.003754940711462318,0.41533665418204235,-0.04192546583850931
SINCERITIES,-0.13800783475783474,-0.0014613526570048663,-0.1597766924433591,0.0557971014492753,0.10253916354188541,0.004281949934123841
