,Clustering Coefficient,Assortativity,In Centralization
GRNBOOST2,2.2797693482348618,-3.2437070045226317,-0.4522677471368917
SINCERITIES,-0.37272022287653295,1.8468978920525572,1.5514770194396637
