,Clustering Coefficient,Assortativity,In Centralization
GRNBOOST2,0.5512051956264112,-0.10577997568523063,0.06371191135734072
SINCERITIES,0.10542200854700856,0.02111004325551213,0.29678638941398866
ground truth,0.16806218276387766,-0.024926314557649265,0.11631944444444445
