,Clustering Coefficient,Global Efficiency,Local Efficiency,Shortest Path Length,Assortativity,Centralization
PIDC,0.6039862914862916,0.5890700483091788,0.7365936147186147,2.0615942028985508,0.21239436619718347,0.2608695652173913
GRNBOOST2,0.5586640211640213,0.6005434782608695,0.6627976190476189,1.9673913043478262,0.08687381103360742,0.16600790513833993
PPCOR,0.5695413282369806,0.6271409749670619,0.7217446402229012,1.8537549407114624,-0.049918662881566066,0.30952380952380953
SINCERITIES,0.14540852665852666,0.6102053140096618,0.23876339709673042,1.9057971014492754,-0.362716153521723,0.3557312252964427
ground truth,0.2834163614163614,0.6116666666666667,0.3985400895400895,1.85,-0.4652553170636084,0.35144927536231885
