,Clustering Coefficient,Global Efficiency,Local Efficiency,Shortest Path Length,Assortativity,Centralization
PIDC,0.194769276949728,0.060317460317460214,0.0238378414957362,-0.09333333333333327,0.018333286696988083,-0.17574370709382148
GRNBOOST2,0.03958484497958181,-0.0008454106280193496,-0.07021347755558294,0.05956521739130438,-0.00513791890675569,-0.2727272727272727
PPCOR,-0.1301846632899265,-0.02444444444444449,-0.19132638686849202,0.15333333333333332,0.4518228240313802,-0.31702898550724634
SINCERITIES,-0.2779598945945695,-0.002777777777777879,-0.38535025853059907,0.01666666666666683,-0.13414110718058353,-0.13586956521739124
