,Clustering Coefficient,Global Efficiency,Local Efficiency,Shortest Path Length,Assortativity,Centralization
PIDC,0.7307519200376342,0.7103174603174602,0.7853211603211603,1.6333333333333333,-0.26333393781861203,0.3894736842105263
GRNBOOST2,0.575567488067488,0.6491545893719807,0.6912698412698411,1.786231884057971,-0.2868051434223558,0.2924901185770751
PPCOR,0.4057979797979797,0.6255555555555555,0.5701569319569321,1.88,0.17015559951578005,0.24818840579710144
SINCERITIES,0.25802274849333673,0.6472222222222221,0.376133060294825,1.7433333333333334,-0.41580833169618364,0.42934782608695654
ground truth,0.5359826430879062,0.65,0.7614833188254241,1.7266666666666666,-0.2816672245156001,0.5652173913043478
