,PageRank,Centrality,Betweenness,Radiality,Clustering Coefficient,Local Efficiency,Node Degrees
PIDC,0.29446410288111263,0.25561627413667953,0.24458441979706175,0.1921813068015273,-0.13086314800416196,-0.14285824711483538,0.25561627413667953
GRNBOOST2,0.09045444875715225,0.021178040679383323,-0.012705740370879796,-0.016732991021967018,-0.20280026737767645,-0.19178697118338506,0.021178040679383323
PPCOR,0.07923076923076922,0.05894986215817238,0.10692307692307691,-0.06050649616064872,-0.2710065007441254,-0.25915929424329737,0.05894986215817238
SINCERITIES,-0.012307692307692308,-0.08829863227055317,0.03846893704551793,-0.11985176130662274,-0.12388868339562044,-0.16808023500060332,-0.08829863227055317
