,Clustering Coefficient,Assortativity,In Centralization
GRNBOOST2,0.44533037586543717,0.09637692469721687,0.26859504132231404
SINCERITIES,0.13380397706868294,-0.11471765691046566,0.5208333333333334
ground truth,0.2833631948386631,0.034204971722390315,0.13020833333333334
