,Clustering Coefficient,Assortativity,In Centralization
GRNBOOST2,0.5715886324580451,1.8176291294557412,1.0628099173553718
SINCERITIES,-0.5278004359568781,-4.353829900563033,3.0
