,Clustering Coefficient,Global Efficiency,Local Efficiency,Shortest Path Length,Assortativity,Centralization
PIDC,0.36338728401282205,0.09279609279609263,0.03130448285131931,-0.05405405405405402,0.06508846291405372,-0.3109311740890688
GRNBOOST2,0.07385471430851824,-0.001300631735414384,-0.09220619259773952,0.03449723014940408,-0.018241096086318437,-0.4825174825174825
PPCOR,-0.2428896998229381,-0.037606837606837674,-0.2512548628952371,0.0888030888030888,1.6041015237339267,-0.5608974358974359
SINCERITIES,-0.5185986863178729,-0.004273504273504429,-0.5060521340441124,0.009652509652509748,-0.4762396740028023,-0.24038461538461528
