,PageRank,Out Centrality,Betweenness,Clustering Coefficient,Node In Degrees
GRNBOOST2,-0.07363479345131066,0.06603549642321635,0.2158031730694954,-0.03735059760956175,-0.025689278960036404
SINCERITIES,-0.057904705080542435,-0.05624070327545434,0.01811190127538469,-0.11911240414711033,-0.24367191365519664
