,Clustering Coefficient,Assortativity,In Centralization
GRNBOOST2,0.16196718102677404,0.062171952974826555,0.1383867079889807
SINCERITIES,-0.14955921776998019,-0.148922628632856,0.390625
