,Clustering Coefficient,Global Efficiency,Local Efficiency,Shortest Path Length,Assortativity,Centralization
PIDC,0.351734427452443,-0.013186813186813294,0.22781970222312897,0.03658536585365855,-1.828963202542594,-0.5769230769230769
GRNBOOST2,0.7559368394877533,-0.0549450549450549,0.4061878456235366,0.17073170731707313,0.037617129846665424,1.1538461538461542
PPCOR,0.4089270172821085,-0.02857142857142847,0.18294921476646941,0.07926829268292683,-0.15107424993014476,1.1538461538461542
SINCERITIES,0.7202345087462582,0.0,0.35678313120695343,0.0,-4.385856238839592,2.884615384615385
