,Clustering Coefficient,Global Efficiency,Local Efficiency,Shortest Path Length,Assortativity,Centralization
PIDC,0.5752380952380952,0.7126984126984126,0.7485185185185187,1.619047619047619,-0.11719181868435634,0.06043956043956044
GRNBOOST2,0.7472486772486773,0.6825396825396826,0.8572574955908291,1.8285714285714285,0.14668954927287567,0.3076923076923077
PPCOR,0.5995767195767195,0.7015873015873016,0.7211640211640211,1.6857142857142857,0.12001395511106033,0.3076923076923077
SINCERITIES,0.7320553520553521,0.7222222222222222,0.8271387871387872,1.561904761904762,-0.47866376844754827,0.554945054945055
ground truth,0.4255555555555556,0.7222222222222222,0.6096322751322751,1.561904761904762,0.14137155705453014,0.14285714285714285
