,PageRank,Centrality,Betweenness,Radiality,Clustering Coefficient,Local Efficiency,Node Degrees
PIDC,0.4142857142857142,0.46695556318576537,0.3071428571428571,0.5244904799812536,-0.11989224448815262,-0.04308824904117611,0.46695556318576537
GRNBOOST2,-0.008936554059963471,-0.02783410433323825,0.13285650512526684,0.010102888720327805,-0.3178511648127054,-0.4093912993376007,-0.02783410433323825
PPCOR,0.1322610000874594,0.16080280545864573,0.0929401622236201,0.17698025034798195,0.048051738298370644,0.09156252921249926,0.16080280545864573
SINCERITIES,-0.10723864871956167,-0.11930336357739746,-0.03783937343321348,-0.04837311857563505,0.640662853561771,0.4276772715436589,-0.11930336357739746
