,Clustering Coefficient,Assortativity,In Centralization
GRNBOOST2,0.8857126771129404,1.1390494717663477,0.6
SINCERITIES,0.6560983730773164,1.636350824178482,4.8
