,Clustering Coefficient,Assortativity,In Centralization
GRNBOOST2,0.1972713286918602,0.08823579505006564,0.07653061224489796
SINCERITIES,0.14613023066511444,0.12675895080159966,0.6122448979591837
