,Clustering Coefficient,Global Efficiency,Local Efficiency,Shortest Path Length,Assortativity,Centralization
PIDC,0.14968253968253964,-0.009523809523809601,0.13888624338624356,0.05714285714285716,-0.2585633757388865,-0.0824175824175824
GRNBOOST2,0.3216931216931217,-0.03968253968253965,0.24762522045855395,0.2666666666666666,0.00531799221834553,0.16483516483516486
PPCOR,0.17402116402116397,-0.02063492063492056,0.11153174603174598,0.12380952380952381,-0.021357601943469806,0.16483516483516486
SINCERITIES,0.30649979649979653,0.0,0.21750651200651205,0.0,-0.6200353255020784,0.4120879120879121
