,Clustering Coefficient,Assortativity,In Centralization
GRNBOOST2,0.4199974268830747,0.0107713852617563,0.20408163265306123
SINCERITIES,0.3688563288563289,0.04929454101329034,0.7397959183673469
ground truth,0.22272609819121447,-0.07746440978830933,0.12755102040816327
