,PageRank,Out Centrality,Betweenness,Clustering Coefficient,Node In Degrees
GRNBOOST2,-0.19999999999999998,0.11986596422217596,0.3252905677826704,0.28573717857003444,-0.42710620206622696
SINCERITIES,0.05163977794943222,0.6013780708063956,-0.03764616262105213,0.515003582733839,0.015488932694783745
