,Clustering Coefficient,Global Efficiency,Local Efficiency,Shortest Path Length,Assortativity,Centralization
PIDC,0.47813913606495734,-0.05298013245033109,0.1617891271719801,0.1463414634146342,0.6212747095988228,-0.34090909090909094
GRNBOOST2,0.527172541346886,-0.013245033112582735,0.19873603204484108,0.03658536585365855,0.4745096010873085,0.17045454545454541
PPCOR,0.1914323962516738,-0.00883002207505531,-0.07608288944290516,0.02439024390243908,0.8318926521523543,-0.17045454545454541
SINCERITIES,0.22920305320494352,0.0,0.048402867632957695,0.0,-0.5864586911696701,0.34090909090909094
