,Clustering Coefficient,Assortativity,In Centralization
GRNBOOST2,0.5329085096489189,-0.5886777949390257,0.5867346938775511
SINCERITIES,0.42052825096122015,-0.10093850629480942,0.8163265306122449
ground truth,0.3046632996632997,-0.08040748005217958,0.20408163265306123
