,Clustering Coefficient,Assortativity,In Centralization
GRNBOOST2,0.7491719883486644,-6.32118199148897,1.8750000000000002
SINCERITIES,0.3803049183343358,-0.25533726749434815,3.0
