,Clustering Coefficient,Global Efficiency,Local Efficiency,Shortest Path Length,Assortativity,Centralization
PIDC,0.262852332852333,-0.03809523809523807,0.1234022767356101,0.22857142857142865,0.20763216130382092,-0.16483516483516486
GRNBOOST2,0.28980796980796986,-0.00952380952380949,0.15158298491631828,0.05714285714285716,0.15858275334721342,0.0824175824175824
PPCOR,0.10523809523809546,-0.006349206349206438,-0.058031104697771285,0.03809523809523818,0.27802140771301775,-0.0824175824175824
SINCERITIES,0.1260021460021462,0.0,0.03691857525190856,0.0,-0.19599652727148348,0.16483516483516486
