,Clustering Coefficient,Assortativity,In Centralization
GRNBOOST2,0.2282452099856192,-0.5082703148868462,0.38265306122448983
SINCERITIES,0.11586495129792046,-0.02053102624262984,0.6122448979591837
