,PageRank,Centrality,Betweenness,Radiality,Clustering Coefficient,Local Efficiency,Node Degrees
PIDC,0.19180488952646252,0.13858101009464033,0.45928318397683604,0.2986900908356045,0.2481396932656713,0.36333986366841087,0.13858101009464033
GRNBOOST2,0.2567362193636913,0.3265185503855366,0.2576013935727591,0.3831333682251437,0.15690990408522892,0.15513583079895055,0.3265185503855366
PPCOR,0.19477964490741223,0.20780114886787457,-0.452682322886671,0.15121244314939086,-0.08132887209529295,-0.10776260201523091,0.20780114886787457
SINCERITIES,0.47721198680204935,0.3789596348915215,0.19657820241165552,0.3789596348915215,-0.19688627526180338,-0.08568827625865105,0.3789596348915215
