,PageRank,Out Centrality,Betweenness,Clustering Coefficient,Node In Degrees
GRNBOOST2,-0.3710664042064515,0.13666607111485907,-0.3052368819522761,-0.07909417751288253,-0.0018998707561885347
SINCERITIES,0.24329565082540533,0.22233337342080242,0.19561189755877864,-0.018018018018018014,0.3881648386040682
