,Clustering Coefficient,Global Efficiency,Local Efficiency,Shortest Path Length,Assortativity,Centralization
PIDC,0.7100716458473749,-0.055698371893744617,0.42025597433893724,0.13243761996161227,2.1857930349118426,-0.364963503649635
GRNBOOST2,0.5182037139753477,-0.07540702656383888,0.33983390079395015,0.19769673704414598,3.633217002790628,-0.18248175182481743
PPCOR,0.410933620115626,-0.028277634961439556,0.24818195132399573,0.06717850287907871,2.200075800400368,-0.18248175182481743
SINCERITIES,0.6364456602807878,-0.0038560411311053164,0.27569907941870053,0.009596928982725622,-2.8140058976988955,1.2773722627737225
