,Clustering Coefficient,Assortativity,In Centralization
GRNBOOST2,0.11686945788143907,0.3272428753150164,-0.04340277777777779
SINCERITIES,0.13490434289902623,0.00533691307444778,0.36521673492963663
