,PageRank,Out Centrality,Betweenness,Clustering Coefficient,Node In Degrees
GRNBOOST2,-0.07082373153261792,0.042334054266136324,-0.20169367023419452,0.14067708755467778,-0.27448196345361614
SINCERITIES,-0.20867024961132466,0.3051237272469706,0.06399254253821737,0.2742430890741554,-0.28762749478253447
