,Clustering Coefficient,Global Efficiency,Local Efficiency,Shortest Path Length,Assortativity,Centralization
PIDC,0.5598701298701299,0.6122222222222222,0.7447748917748918,1.9666666666666666,0.1731815029745609,0.15760869565217392
GRNBOOST2,0.4970533910533911,0.5994444444444444,0.7026019721019722,2.08,0.3845734160812914,0.2028985507246377
PPCOR,0.461933621933622,0.63,0.6545401635401634,1.8533333333333333,0.17526745787656445,0.2028985507246377
SINCERITIES,0.5357652976538424,0.6458333333333334,0.668970003279601,1.7533333333333334,-0.557024079473059,0.5652173913043478
ground truth,0.32739571539571544,0.6483333333333333,0.5243948310948311,1.7366666666666666,-0.1460469895469035,0.24818840579710144
