,PageRank,Centrality,Betweenness,Radiality,Clustering Coefficient,Local Efficiency,Node Degrees
PIDC,-0.4994228919122051,-0.48909166878362087,-0.41285112713543615,-0.3141044881906228,-0.45170015455950546,-0.358421725201181,-0.48909166878362087
GRNBOOST2,-0.38106246857223774,-0.35630024088914686,-0.39645893194889376,-0.29703936007754256,-0.11645423811904114,-0.03892107417389729,-0.35630024088914686
PPCOR,-0.22923076923076924,-0.26321379005848283,-0.06078092053191834,-0.14028662773969403,0.12037051370144768,0.011927665369243726,-0.26321379005848283
SINCERITIES,0.18416517758646472,0.164506763441753,-0.008505818546528121,0.023269671715110917,0.3342630129035799,0.5325722521994192,0.164506763441753
