,Clustering Coefficient,Assortativity,In Centralization
GRNBOOST2,0.6784984909462499,4.461550771207985,-0.20000000000000004
SINCERITIES,0.7832019993790157,0.07276219114091083,1.6829187145557656
