,Clustering Coefficient,Global Efficiency,Local Efficiency,Shortest Path Length,Assortativity,Centralization
PIDC,0.23247441447441441,-0.036111111111111094,0.22038006068006066,0.22999999999999998,0.3192284925214644,-0.09057971014492752
GRNBOOST2,0.16965767565767564,-0.04888888888888887,0.17820714100714108,0.3433333333333335,0.5306204056281949,-0.04528985507246375
PPCOR,0.13453790653790654,-0.018333333333333313,0.13014533244533233,0.1166666666666667,0.32131444742346793,-0.04528985507246375
SINCERITIES,0.20836958225812696,-0.0024999999999999467,0.1445751721847699,0.01666666666666683,-0.41097708992615545,0.31702898550724634
