,Clustering Coefficient,Assortativity,In Centralization
GRNBOOST2,0.28911664699228024,0.2538955366661246,0.1736111111111111
SINCERITIES,0.3071515320098674,-0.068010425574444,0.5822306238185255
ground truth,0.17224718911084116,-0.07334733864889179,0.2170138888888889
