,Clustering Coefficient,Assortativity,In Centralization
GRNBOOST2,-0.015142242104506154,-0.03739859636219624,-0.3826530612244898
SINCERITIES,0.1295364989075682,0.1167506791677443,0.07653061224489799
