,PageRank,Centrality,Betweenness,Radiality,Clustering Coefficient,Local Efficiency,Node Degrees
PIDC,0.8364614600125809,0.8364544428849001,0.7224711937315061,0.8631775907407714,0.6747970232939767,0.7594594594594594,0.8364544428849001
GRNBOOST2,0.6142857142857142,0.6037130203345477,0.5326186219738229,0.6337038851051995,0.2041554581853263,0.28558558558558556,0.6037130203345477
PPCOR,0.27345855423488225,0.38917226690318224,0.22540250447227192,0.40384221481219457,-0.11881308441732373,-0.03776984526207851,0.38917226690318224
SINCERITIES,0.4678571428571427,0.3345960761098802,0.48513770714455773,0.34914575230941425,0.11291784191666278,0.1226330525608077,0.3345960761098802
