,Clustering Coefficient,Assortativity,In Centralization
GRNBOOST2,0.3087122507122508,-0.11760887231167445,0.28061224489795916
SINCERITIES,0.4533909917243251,0.036540403218266085,0.7397959183673469
ground truth,0.32385449281675693,-0.08021027594947822,0.6632653061224489
