,Clustering Coefficient,Global Efficiency,Local Efficiency,Shortest Path Length,Assortativity,Centralization
PIDC,-0.029701779701779674,0.0031746031746031633,-0.003359387526054247,-0.01904761904761898,-0.07693922811438161,-0.2472527472527472
GRNBOOST2,-0.03703222703222708,0.006349206349206216,0.01780880230880222,-0.03809523809523818,-0.09113984674329387,-0.0824175824175824
PPCOR,-0.10943722943722939,-0.00793650793650802,-0.10263187429854126,0.04761904761904767,0.033033033033032955,-0.1648351648351648
SINCERITIES,0.030242350242350335,0.0031746031746031633,-0.025515595515595457,-0.01904761904761898,-0.23163914481265283,0.08241758241758246
