,Clustering Coefficient,Global Efficiency,Local Efficiency,Shortest Path Length,Assortativity,Centralization
PIDC,0.5223809523809524,0.7047619047619048,0.7122707231040565,1.6095238095238096,-0.29916145033660424,0.25824175824175827
GRNBOOST2,0.515050505050505,0.7079365079365079,0.733438912938913,1.5904761904761904,-0.3133620689655165,0.4230769230769231
PPCOR,0.4426455026455027,0.6936507936507936,0.6129982363315695,1.6761904761904762,-0.18918918918918967,0.34065934065934067
SINCERITIES,0.5823250823250824,0.7047619047619048,0.6901145151145153,1.6095238095238096,-0.45386136703487545,0.5879120879120879
ground truth,0.5520827320827321,0.7015873015873016,0.7156301106301107,1.6285714285714286,-0.22222222222222263,0.5054945054945055
