,PageRank,Out Centrality,Betweenness,Clustering Coefficient,Node In Degrees
GRNBOOST2,0.5892857142857142,0.06615900068010253,0.35357142857142854,0.33183385054668785,0.7764619762418833
SINCERITIES,0.1278340197859938,-0.23018661554056177,0.2595417977473208,0.018884922631039254,-0.05740556785741374
