,Clustering Coefficient,Assortativity,In Centralization
GRNBOOST2,-0.046756313222042975,-0.466256921815758,-0.576923076923077
SINCERITIES,0.39998364012464827,1.455557630063281,0.11538461538461543
