,PageRank,Centrality,Betweenness,Radiality,Clustering Coefficient,Local Efficiency,Node Degrees
PIDC,-0.27495538215798465,-0.2913431907018593,-0.054971983643576854,-0.30112663682017404,-0.300628172892927,-0.24553128597399265,-0.2913431907018593
GRNBOOST2,-0.17821792962562585,-0.1337109037035902,-0.03600372432786271,-0.1717198755422328,0.1638404450122893,0.23986873574947054,-0.1337109037035902
PPCOR,-0.22142857142857136,-0.22088724584103514,0.025044722719141325,-0.29752078659575526,-0.4710152656605297,-0.45503597122302153,-0.22088724584103514
SINCERITIES,0.15426164071684767,0.1416758318450008,0.22262262004607655,0.23610325715420494,-0.01719463350545104,-0.08108121269585018,0.1416758318450008
