,Clustering Coefficient,Assortativity,In Centralization
GRNBOOST2,0.6027694519657797,0.13379513982262034,0.27
SINCERITIES,0.22473063973063973,0.1761324060143705,0.5867346938775511
ground truth,0.30389476315736275,-0.20178544182378455,0.20408163265306123
