,PageRank,Out Centrality,Betweenness,Clustering Coefficient,Node In Degrees
GRNBOOST2,0.306636958452314,-0.3000136063677871,-0.3664484082077861,-0.27190094955186944,-0.041262622099929196
SINCERITIES,0.333797723058097,0.2924822605934995,0.04486769800116341,0.2748756119518219,0.42659189963387545
