,Clustering Coefficient,Assortativity,In Centralization
GRNBOOST2,0.29887468880841694,0.3355805816464049,0.06591836734693879
SINCERITIES,-0.07916412342672302,0.3779178478381551,0.38265306122448983
