,Clustering Coefficient,Assortativity,In Centralization
GRNBOOST2,0.9834808790490861,1.6630564554774034,0.32300000000000006
SINCERITIES,-0.2604984785003691,1.8728697393748734,1.8750000000000002
