,Clustering Coefficient,Global Efficiency,Local Efficiency,Shortest Path Length,Assortativity,Centralization
PIDC,0.6550235478806908,0.7362637362637363,0.7052590266875981,1.5274725274725274,-0.5796743666607921,0.6153846153846154
GRNBOOST2,0.7945165945165945,0.7362637362637363,0.8951779701779703,1.5274725274725274,-0.45347891741201046,0.5256410256410257
PPCOR,0.35455026455026445,0.7031746031746031,0.40528218694885365,1.6,0.09290060851926872,0.2692307692307692
SINCERITIES,0.2554497354497354,0.6936507936507936,0.3594885361552028,1.6571428571428573,-0.5442460317460297,0.3516483516483517
ground truth,0.5093650793650794,0.7015873015873016,0.7174963924963923,1.6095238095238096,-0.2639686901490544,0.5164835164835165
