,Clustering Coefficient,Global Efficiency,Local Efficiency,Shortest Path Length,Assortativity,Centralization
PIDC,0.14565846851561148,0.034676434676434664,-0.012237365808794198,-0.0820512820512822,-0.3157056765117377,0.09890109890109888
GRNBOOST2,0.28515151515151516,0.034676434676434664,0.177681577681578,-0.0820512820512822,-0.18951022726295608,0.009157509157509125
PPCOR,-0.1548148148148149,0.0015873015873014706,-0.31221420554753865,-0.00952380952380949,0.3568692986683231,-0.24725274725274732
SINCERITIES,-0.2539153439153439,-0.00793650793650802,-0.3580078563411895,0.04761904761904767,-0.2802773415969753,-0.16483516483516486
