,PageRank,Out Centrality,Betweenness,Clustering Coefficient,Node In Degrees
GRNBOOST2,0.0,0.19242439374341583,0.4642857142857142,0.032258271722969425,0.19216551686195246
SINCERITIES,0.28223964496028386,-0.04142827159919491,0.08275347959165538,0.1393808720853303,0.21704601509890337
