,Clustering Coefficient,Global Efficiency,Local Efficiency,Shortest Path Length,Assortativity,Centralization
PIDC,0.04544590226278753,-0.0063424947145878634,-0.14584500040001372,0.01898734177215198,2.9542975650783343,0.0
GRNBOOST2,0.191049110615568,-0.0021141649048625716,0.06653422922552141,0.00632911392405061,0.1270309231273173,0.34090909090909094
PPCOR,-0.053622361665716003,0.0,-0.0701224041967154,0.0,1.6322369749054277,-0.34090909090909094
SINCERITIES,0.49923878175446923,0.05382989103919332,0.18771010924456163,-0.05793573515092497,-2.104947272681751,0.6439393939393938
