,Clustering Coefficient,Global Efficiency,Local Efficiency,Shortest Path Length,Assortativity,Centralization
PIDC,0.5817989417989418,0.7460317460317459,0.6590476190476191,1.5333333333333334,0.2718310952417916,0.24175824175824176
GRNBOOST2,0.6628282828282828,0.7492063492063492,0.8229148629148629,1.5142857142857142,-0.12142477405635276,0.3241758241758242
PPCOR,0.5266666666666666,0.7507936507936508,0.717473544973545,1.5047619047619047,0.08794037940379401,0.15934065934065933
SINCERITIES,0.8343382807668522,0.7912087912087912,0.9164115646258503,1.4175824175824177,-0.43187958317251607,0.3974358974358974
ground truth,0.5565079365079365,0.7507936507936508,0.77157848324515,1.5047619047619047,-0.13909401520995895,0.24175824175824176
