,Clustering Coefficient,Assortativity,In Centralization
GRNBOOST2,0.16806661220204216,0.34432699820467505,-0.07653061224489796
SINCERITIES,0.19251501633545232,0.0773380037171791,0.3282514189107596
