,PageRank,Centrality,Betweenness,Radiality,Clustering Coefficient,Local Efficiency,Node Degrees
PIDC,-0.40071620469168573,-0.2567510531151459,-0.2790702139817097,-0.24765522011665014,0.5157234785999579,0.41218704183427235,-0.2567510531151459
GRNBOOST2,0.021447729743912333,-0.008372705262920749,0.06970512166771509,0.0018553674006060227,0.04676258992805755,0.07533659556017099,-0.008372705262920749
PPCOR,0.010714285714285713,0.05075196935951401,-0.021428571428571425,-0.001874415068751424,0.4325878655302198,0.39320837863839275,0.05075196935951401
SINCERITIES,0.14081416661777849,0.07596860175565362,0.1080166425960987,0.0734486252602568,0.11866596292727137,0.05294135725407051,0.07596860175565362
