,Clustering Coefficient,Global Efficiency,Local Efficiency,Shortest Path Length,Assortativity,Centralization
PIDC,0.025291005291005253,-0.004761904761904856,-0.11253086419753089,0.028571428571428692,0.41092511045175056,0.0
GRNBOOST2,0.10632034632034626,-0.0015873015873015817,0.05133637966971294,0.00952380952380949,0.0176692411536062,0.08241758241758243
PPCOR,-0.02984126984126989,0.0,-0.05410493827160501,0.0,0.22703439461375297,-0.08241758241758243
SINCERITIES,0.27783034425891573,0.04041514041514038,0.14483308138070028,-0.08717948717948709,-0.2927855679625571,0.15567765567765565
