,Clustering Coefficient,Assortativity,In Centralization
GRNBOOST2,0.57745906668632,24.190895693517376,-0.3191489361702128
SINCERITIES,0.6614611920809641,5.43342691924219,1.3688782575852954
