,Clustering Coefficient,Assortativity,In Centralization
GRNBOOST2,0.4591116782471082,0.3300932549581632,0.16326530612244897
SINCERITIES,0.48356008238051834,0.06310426047066726,0.5680473372781065
ground truth,0.291045066045066,-0.01423374324651183,0.23979591836734693
