,PageRank,Centrality,Betweenness,Radiality,Clustering Coefficient,Local Efficiency,Node Degrees
PIDC,0.19612959802632535,0.2598535612048856,0.3019360523908102,0.43008586151289085,-0.13756853815855644,-0.2214472747456962,0.2598535612048856
GRNBOOST2,0.10153846153846155,0.17495335839623713,0.14164746306523582,0.24296537732943935,-0.1419745639057512,-0.16567150489719656,0.17495335839623713
PPCOR,0.20384615384615384,0.24045086064090332,0.04003080477930578,0.08742957227380135,0.011020894854620778,0.012331414791508065,0.24045086064090332
SINCERITIES,0.14755177397003746,0.17107082586988176,0.08355777113532996,0.05081064923215371,-0.3485348542084988,-0.2811320491702593,0.17107082586988176
