,PageRank,Out Centrality,Betweenness,Clustering Coefficient,Node In Degrees
GRNBOOST2,-0.18521739130434778,0.10537918635295522,0.4601144280649068,0.06598008190911714,0.1339910931224408
SINCERITIES,-0.2042166556129472,-0.17558895834180843,0.17873219416140473,-0.33377854135525953,-0.09115864971014793
