,PageRank,Out Centrality,Betweenness,Clustering Coefficient,Node In Degrees
GRNBOOST2,2.5539432176656156,0.0,2.5539432176656156,2.5539432176656156,2.5539432176656156
SINCERITIES,0.0,0.0,0.0,0.0,0.0
