,Clustering Coefficient,Global Efficiency,Local Efficiency,Shortest Path Length,Assortativity,Centralization
PIDC,0.37384617730068825,-0.04508050797167383,0.19195644737477027,0.12037109835678901,1.8956960815159019,-0.6473829201101928
GRNBOOST2,0.09773817683344735,-0.053230209281164655,-0.05317073213771525,0.10849909584086809,1.4310747025439654,-0.505050505050505
PPCOR,-0.13299612980360442,-0.037306642402183635,-0.0994259966500977,0.07594936708860767,1.01555143908598,-0.505050505050505
SINCERITIES,0.5358811267373365,0.023657870791628816,0.2899996826813133,-0.019183898105196894,0.002095545000386002,0.9393939393939394
