,Clustering Coefficient,Global Efficiency,Local Efficiency,Shortest Path Length,Assortativity,Centralization
PIDC,0.5918320105820106,0.5830314009661836,0.6997878086419753,2.0652173913043477,0.4243487899501187,0.12648221343873517
GRNBOOST2,0.47288888888888886,0.5780555555555555,0.5558756613756614,2.0433333333333334,0.20422778683261603,0.17753623188405798
PPCOR,0.3734920634920635,0.5877777777777778,0.5287195767195768,1.9833333333333334,0.007367716008034594,0.17753623188405798
SINCERITIES,0.6616341991341991,0.625,0.7573481842231843,1.8079710144927537,-0.47277146423175564,0.6956521739130435
ground truth,0.43078477078477084,0.6105555555555555,0.5870917600917601,1.8433333333333333,-0.47376425855513243,0.358695652173913
