,Clustering Coefficient,Assortativity,In Centralization
GRNBOOST2,0.07876895931384567,0.3281049713802658,0.044823829027515236
SINCERITIES,0.10189469789469788,-0.016891471115143386,0.6799845095568158
