,Clustering Coefficient,Assortativity,In Centralization
GRNBOOST2,0.3309819978510009,3.2198581842529035,0.36883607885498254
SINCERITIES,0.4281548337491262,-0.16576445423965064,5.5953011072103696
