,Clustering Coefficient,Assortativity,In Centralization
GRNBOOST2,0.31675458942447576,0.2262045296201591,0.166351606805293
SINCERITIES,0.33988032800532797,-0.11879191287525005,0.8015122873345936
ground truth,0.2379856301106301,-0.10190044176010667,0.12152777777777778
