,Clustering Coefficient,Global Efficiency,Local Efficiency,Shortest Path Length,Assortativity,Centralization
PIDC,0.16104723979723978,-0.027524154589371963,0.1126960485502152,0.2218840579710144,0.8981130485052511,-0.23221343873517786
GRNBOOST2,0.042104118104118016,-0.03249999999999997,-0.03121609871609876,0.20000000000000018,0.6779920453877485,-0.18115942028985504
PPCOR,-0.05729270729270736,-0.022777777777777675,-0.058372183372183306,0.14000000000000012,0.48113197456316703,-0.18115942028985504
SINCERITIES,0.23084942834942823,0.014444444444444482,0.17025642413142417,-0.03536231884057961,0.0009927943233767889,0.33695652173913043
