,PageRank,Centrality,Betweenness,Radiality,Clustering Coefficient,Local Efficiency,Node Degrees
PIDC,-0.34068627450980393,-0.315974971268634,-0.1520539832089106,-0.270625,0.15997898596856616,0.13580619500844912,-0.315974971268634
GRNBOOST2,-0.1853786602868409,-0.13318543164240537,0.0008720298355113248,-0.10079075683338111,0.11001592494556747,0.09109318585492987,-0.13318543164240537
PPCOR,0.12782608695652173,0.10749707086993719,0.12320422606619616,0.04801778888037987,0.02407283502012733,0.14465489629264136,0.10749707086993719
SINCERITIES,0.15826086956521737,0.14320520670944178,0.0839348773722276,0.11809998600020785,-0.24587773992132306,-0.2216858334889925,0.14320520670944178
