,PageRank,Out Centrality,Betweenness,Clustering Coefficient,Node In Degrees
GRNBOOST2,0.012186425642565769,-0.3847182484770594,-0.48394706124334846,0.09519732492341244,-0.17361784517601964
SINCERITIES,0.05088794350627772,-0.26693530304577207,0.17003545395036565,-0.2151496872226665,0.08593225721373844
