,Clustering Coefficient,Assortativity,In Centralization
GRNBOOST2,0.07954375099246158,-16.51382605342532,2.608749662435863
SINCERITIES,0.055905151591391374,4.09599925435493,6.341938968403997
