,Clustering Coefficient,Global Efficiency,Local Efficiency,Shortest Path Length,Assortativity,Centralization
PIDC,0.07954038118744017,0.12473856209150336,0.07138028311557731,-0.27117647058823535,0.4815242164119356,-0.24710144927536232
GRNBOOST2,0.028646367793426664,-0.009408212560386486,0.033489574514084186,0.10478260869565204,0.16681429337043446,-0.1755599472990777
PPCOR,-0.04841175926470048,-0.01967391304347821,-0.01415647156946176,0.16999999999999993,0.5451779158867285,-0.4127140974967062
SINCERITIES,0.10785601684003226,0.023502415458937276,0.16762669175808576,-0.09811594202898566,0.09819007378151345,0.25131752305665356
