,Clustering Coefficient,Assortativity,In Centralization
GRNBOOST2,0.02253392012025185,-0.22216922765933855,0.31703554925435834
SINCERITIES,0.01583734994330821,0.05510564225935436,0.7707217496324301
