,Clustering Coefficient,Global Efficiency,Local Efficiency,Shortest Path Length,Assortativity,Centralization
PIDC,0.5393939393939395,0.7352941176470589,0.6631298984240162,1.5588235294117647,-0.002049437450331372,0.3
GRNBOOST2,0.48849992599992603,0.601147342995169,0.625239189822523,1.934782608695652,-0.3167593604918325,0.3715415019762846
PPCOR,0.4114417989417989,0.5908816425120773,0.5775931437389771,2.0,0.06160426202446152,0.13438735177865613
SINCERITIES,0.5677095750465316,0.6340579710144928,0.7593763070665246,1.7318840579710144,-0.3853835800807535,0.7984189723320159
ground truth,0.45985355820649937,0.6105555555555555,0.5917496153084388,1.83,-0.48357365386226697,0.5471014492753623
