,Clustering Coefficient,Assortativity,In Centralization
GRNBOOST2,0.30582355430392777,-0.20871569926800274,0.43856332703213613
SINCERITIES,0.29912698412698413,0.06855917065069017,0.8922495274102079
ground truth,0.2832896341836759,0.013453528391335812,0.12152777777777778
