,Clustering Coefficient,Global Efficiency,Local Efficiency,Shortest Path Length,Assortativity,Centralization
PIDC,0.2963492063492064,-0.04444444444444451,0.2259439634439636,0.2952380952380953,0.501649927112839,-0.24725274725274723
GRNBOOST2,0.045767195767195734,-0.02777777777777779,0.008527737694404403,0.19047619047619047,0.15620056037563304,-0.1648351648351648
PPCOR,0.0022222222222222365,-0.006349206349206327,-0.05167508417508415,0.03809523809523818,0.4826813680703072,-0.32967032967032966
SINCERITIES,0.11498575498575508,0.009523809523809601,0.10894355644355647,-0.05714285714285716,-0.39709440024065573,0.16483516483516486
