,PageRank,Out Centrality,Betweenness,Clustering Coefficient,Node In Degrees
GRNBOOST2,0.25274725274725274,0.06447981837734021,0.17127333223404725,0.07692307692307691,-0.11015838222804045
SINCERITIES,0.511987811646309,-0.16939372619604692,0.06166027205657152,-0.5022343381699471,0.2855747474501852
