,Clustering Coefficient,Global Efficiency,Local Efficiency,Shortest Path Length,Assortativity,Centralization
PIDC,0.7366666666666667,0.638095238095238,0.8136507936507938,1.980952380952381,0.3824032865457021,0.2087912087912088
GRNBOOST2,0.486084656084656,0.6547619047619048,0.5962345679012346,1.8761904761904762,0.036953919808496126,0.29120879120879123
PPCOR,0.4425396825396825,0.6761904761904762,0.5360317460317461,1.723809523809524,0.3634347275031703,0.12637362637362637
SINCERITIES,0.5553032153032154,0.6920634920634922,0.6966503866503867,1.6285714285714286,-0.5163410408077926,0.6208791208791209
ground truth,0.4403174603174603,0.6825396825396826,0.5877068302068302,1.6857142857142857,-0.11924664056713691,0.45604395604395603
