,Clustering Coefficient,Assortativity,In Centralization
GRNBOOST2,0.5683034423415247,-4.194117345753231,-0.644927536231884
SINCERITIES,0.12806969054799366,1.2280913222928806,0.2608695652173912
