,PageRank,Centrality,Betweenness,Radiality,Clustering Coefficient,Local Efficiency,Node Degrees
PIDC,0.4254998880363275,0.4514933230774462,0.1364114321325288,0.5977963952896194,-0.2355169082839139,-0.40599134773450984,0.4514933230774462
GRNBOOST2,0.5249999999999999,0.5852102718970988,0.07533659556017099,0.6089458524286058,0.37196780512261773,0.32107739536358587,0.5852102718970988
PPCOR,0.4271672840662539,0.5285238982576644,-0.2772808586762075,0.47125053232880637,0.17399110136585746,0.23545219820493943,0.5285238982576644
SINCERITIES,0.45438355353432214,0.5194948248691879,0.13075272776200902,0.6150323390159416,-0.6265709156193895,-0.5461058589544223,0.5194948248691879
