,Clustering Coefficient,Global Efficiency,Local Efficiency,Shortest Path Length,Assortativity,Centralization
PIDC,0.673035328046143,-0.06511627906976754,0.38445012348154556,0.17514124293785313,4.206826496134335,-0.5421686746987951
GRNBOOST2,0.10394136024993986,-0.04069767441860467,0.014510189870352973,0.11299435028248588,1.3098948501420529,-0.36144578313253006
PPCOR,0.005046863734679196,-0.009302325581395316,-0.08792663538876733,0.022598870056497227,4.047756530286095,-0.7228915662650602
SINCERITIES,0.2611428465790401,0.013953488372093136,0.18537058077956356,-0.033898305084745776,-3.3300258887971617,0.3614457831325302
