,Clustering Coefficient,Assortativity,In Centralization
GRNBOOST2,0.45227117336298484,-0.21871877635081502,0.20833333333333334
SINCERITIES,0.3253154898503736,0.1525696631833819,0.7397959183673469
ground truth,0.2883824400000871,0.06847549813459879,0.5867346938775511
