,Clustering Coefficient,Assortativity,In Centralization
GRNBOOST2,0.16388873336289772,-0.2871942744854138,-0.3784013605442177
SINCERITIES,0.0369330498502865,0.0840941650487831,0.15306122448979587
