,Clustering Coefficient,Assortativity,In Centralization
GRNBOOST2,-0.016802030142500923,-0.031012423411376888,-0.07653061224489796
SINCERITIES,0.20707419618732206,0.03515058249631123,0.5357142857142857
