,Clustering Coefficient,Global Efficiency,Local Efficiency,Shortest Path Length,Assortativity,Centralization
PIDC,0.7976137870083954,-0.04566210045662084,0.5320746620896806,0.11695906432748537,1.535246325083387,-0.41666666666666663
GRNBOOST2,0.26012667550449253,-0.006849315068493127,0.30652399342058223,0.017543859649122882,0.012798237764139622,0.41666666666666674
PPCOR,0.2262483429076447,-0.006849315068493127,0.28006150325395085,0.017543859649122882,-1.0810688187861628,0.8333333333333334
SINCERITIES,0.888630003079848,0.004566210045662085,0.5577988306480046,-0.011695906432748496,-1.6048994974874782,2.083333333333334
