,Clustering Coefficient,Assortativity,In Centralization
GRNBOOST2,0.1860588041136821,-0.17586764725789902,0.1377551020408163
SINCERITIES,0.4099350304435051,-0.10970464135021091,0.75
ground truth,0.20286083425618304,-0.14485522384652214,0.21428571428571427
