,Clustering Coefficient,Assortativity,In Centralization
GRNBOOST2,-0.08282540197622602,-0.21409254418215082,-0.35714285714285715
SINCERITIES,1.020769716079439,0.2426600958040297,2.5
