,Clustering Coefficient,Global Efficiency,Local Efficiency,Shortest Path Length,Assortativity,Centralization
PIDC,0.6457142857142856,0.6634920634920636,0.7556613756613758,1.819047619047619,0.09417685118619998,0.11538461538461539
GRNBOOST2,0.4526455026455027,0.6904761904761905,0.6444135802469136,1.6571428571428573,-0.1736986301369875,0.2802197802197802
PPCOR,0.4404761904761905,0.6904761904761905,0.6313615520282185,1.6571428571428573,-0.36616507067943355,0.3626373626373626
SINCERITIES,0.6784078884078883,0.6984126984126984,0.7683492433492434,1.6095238095238096,-0.45833333333333276,0.6098901098901099
ground truth,0.35920634920634925,0.6952380952380952,0.49322751322751324,1.6285714285714286,-0.17595048629531088,0.1978021978021978
