,Clustering Coefficient,Global Efficiency,Local Efficiency,Shortest Path Length,Assortativity,Centralization
PIDC,0.2865079365079363,-0.03174603174603163,0.2624338624338626,0.19047619047619047,0.27012733748151085,-0.0824175824175824
GRNBOOST2,0.09343915343915343,-0.004761904761904745,0.1511860670194004,0.028571428571428692,0.0022518561583233787,0.08241758241758243
PPCOR,0.08126984126984127,-0.004761904761904745,0.1381340388007053,0.028571428571428692,-0.19021458438412267,0.16483516483516483
SINCERITIES,0.3192015392015391,0.0031746031746031633,0.27512173012173013,-0.01904761904761898,-0.28238284703802186,0.4120879120879122
