,PageRank,Centrality,Betweenness,Radiality,Clustering Coefficient,Local Efficiency,Node Degrees
PIDC,-0.46291350030610784,-0.48286784364814794,0.11796251359151783,-0.1636406913812967,0.16251493675662113,0.3429978023720929,-0.48286784364814794
GRNBOOST2,-0.34642857142857136,-0.2636576919115818,0.05357142857142857,-0.0816515135957955,0.169864784571527,0.4366578581874208,-0.2636576919115818
PPCOR,0.20357142857142854,0.3023319910977191,0.17158183795129867,0.30959020300538165,-0.025387076112732016,-0.008064529079366197,0.3023319910977191
SINCERITIES,-0.15907066226734978,-0.2909002336687969,0.07637626158259735,-0.18290564788512345,-0.08487214882557087,-0.0775652059336476,-0.2909002336687969
