,PageRank,Out Centrality,Betweenness,Clustering Coefficient,Node In Degrees
GRNBOOST2,-0.08214285714285713,-0.4891426614863674,-0.22499999999999998,0.11479862180597482,0.2971423088624412
SINCERITIES,0.2834109213169992,0.21181113533264412,0.032961586209002955,0.05072596950838665,-0.22526246333535965
