,PageRank,Out Centrality,Betweenness,Clustering Coefficient,Node In Degrees
GRNBOOST2,0.0726052471018914,0.4910941475826972,0.3734375,0.04580606781677573,0.19429347826086957
SINCERITIES,0.11882229232386961,0.11180773249738767,0.034013605442176874,0.05138339920948617,0.14655172413793102
