,Clustering Coefficient,Assortativity,In Centralization
GRNBOOST2,-0.8091906465539008,0.4968533429283209,0.006375953463989834
SINCERITIES,-0.8625850339098091,0.20436759865662235,0.08142686151375414
