,Clustering Coefficient,Assortativity,In Centralization
GRNBOOST2,-0.9317925120444783,4.080580174225978,2.226496558153849
SINCERITIES,-0.993276774789381,1.6784396909103494,28.434433834182194
