,PageRank,Out Centrality,Betweenness,Clustering Coefficient,Node In Degrees
GRNBOOST2,-0.09686196045011364,-0.03151175422291827,-0.15885408208542623,-0.38808664259927794,-0.3252575053095903
SINCERITIES,-0.3577500169487986,-0.2840073529411765,-0.2900962670491369,-0.12769866789426648,-0.05931542802845606
