,Clustering Coefficient,Global Efficiency,Local Efficiency,Shortest Path Length,Assortativity,Centralization
PIDC,0.4425396825396826,-0.059523809523809534,0.37364638447971793,0.38095238095238093,0.25030021665119173,-0.16483516483516486
GRNBOOST2,0.3677777777777777,-0.020634920634920673,0.36520370370370375,0.12380952380952381,-0.02906486271389022,0.0824175824175824
PPCOR,0.4696969696969698,-0.02539682539682553,0.4438604296937631,0.1523809523809525,0.040529115077513805,0.2472527472527472
SINCERITIES,0.31369889369889364,-0.0174603174603174,0.25940235690235686,0.10476190476190483,-0.3113942424208338,0.1648351648351648
