,Clustering Coefficient,Global Efficiency,Local Efficiency,Shortest Path Length,Assortativity,Centralization
PIDC,0.7587301587301588,0.65,0.8163492063492065,1.9619047619047618,0.12000000000000004,0.09340659340659341
GRNBOOST2,0.6839682539682539,0.6888888888888889,0.8079065255731923,1.7047619047619047,-0.15936507936508193,0.34065934065934067
PPCOR,0.785887445887446,0.684126984126984,0.8865632515632517,1.7333333333333334,-0.0897711015736779,0.5054945054945055
SINCERITIES,0.6298893698893698,0.6920634920634922,0.7021051787718454,1.6857142857142857,-0.44169445907202554,0.4230769230769231
ground truth,0.3161904761904762,0.7095238095238096,0.44270282186948856,1.5809523809523809,-0.1303002166511917,0.25824175824175827
