,Clustering Coefficient,Assortativity,In Centralization
GRNBOOST2,0.4962502980484807,0.29602848436265583,0.28061224489795916
SINCERITIES,0.35954198089492206,0.13049769359573143,0.5867346938775511
ground truth,0.18201619368286037,-0.17571587400137945,0.20408163265306123
