,PageRank,Centrality,Betweenness,Radiality,Clustering Coefficient,Local Efficiency,Node Degrees
PIDC,0.05049842645747725,0.18713592510239577,0.2683059294262321,0.42896822899020687,-0.24840856882933707,-0.24592016050317275,0.18713592510239577
GRNBOOST2,-0.28571428571428564,-0.3144012631872691,-0.24329159212880141,-0.05914984517000607,-0.15851475286652444,-0.2490974729241877,-0.3144012631872691
PPCOR,-0.19158529259725088,-0.08319589839932365,-0.08894968462777779,-0.30301814854966364,0.40909158527590633,0.39674173455574346,-0.08319589839932365
SINCERITIES,-0.5120877914281659,-0.40514175209006825,-0.6627379975039356,-0.4471812906057242,-0.2911748792138749,-0.25317979623758374,-0.40514175209006825
