,Clustering Coefficient,Assortativity,In Centralization
GRNBOOST2,0.3142341043656203,0.4717443583640353,0.07653061224489793
SINCERITIES,0.1775257872120617,0.3062135675971109,0.38265306122448983
