,Clustering Coefficient,Assortativity,In Centralization
GRNBOOST2,1.726407403690314,2.6846997236022734,0.3749999999999999
SINCERITIES,0.9753296320511864,1.7426630879957208,1.8750000000000002
