,Clustering Coefficient,Global Efficiency,Local Efficiency,Shortest Path Length,Assortativity,Centralization
PIDC,1.3995983935742975,-0.08389261744966445,0.844011752402769,0.24096385542168675,1.9209501187648448,-0.6382978723404256
GRNBOOST2,1.1631526104417669,-0.029082774049217053,0.824940988994572,0.0783132530120482,-0.22306073973534254,0.31914893617021267
PPCOR,1.4854874041621031,-0.03579418344519034,1.002614864344858,0.09638554216867479,0.31104411120058667,0.957446808510638
SINCERITIES,0.9921199951320432,-0.024608501118568143,0.5859514421139836,0.0662650602409639,-2.3898213711679643,0.6382978723404253
