,Clustering Coefficient,Assortativity,In Centralization
GRNBOOST2,0.3390536742096941,0.24750506271609984,-0.04346016988062443
SINCERITIES,0.027834336426565853,-0.13164527974364826,0.2170138888888889
