,PageRank,Centrality,Betweenness,Radiality,Clustering Coefficient,Local Efficiency,Node Degrees
PIDC,0.06158585350662427,-0.07693970765066559,0.07050345677404299,-0.25612212107702836,0.07423959670577385,0.06571367223795312,-0.07693970765066559
GRNBOOST2,-0.19573729559377848,-0.3538363532543161,-0.013060524852671094,-0.25365652499808505,-0.008304195804195804,0.06752342979416873,-0.3538363532543161
PPCOR,0.009230769230769232,-0.006973601604843039,-0.041538461538461545,0.12378028796883564,-0.10961026258938766,-0.08949192348854294,-0.006973601604843039
SINCERITIES,-0.011538461538461539,0.0011815082571930762,-0.007692307692307692,-0.14110544282782544,-0.0851515879489625,-0.03330125182004337,0.0011815082571930762
