,Clustering Coefficient,Assortativity,In Centralization
GRNBOOST2,0.5208875630763536,0.21062832480048166,0.17355371900826447
SINCERITIES,0.20966822529322535,-0.16852201765926644,0.4340277777777778
ground truth,0.1818338888666595,-0.03687673791561818,0.2170138888888889
