,Clustering Coefficient,Global Efficiency,Local Efficiency,Shortest Path Length,Assortativity,Centralization
PIDC,0.3222628482628483,-0.041999999999999926,0.25266368446368437,0.31333333333333324,0.09207672570340458,-0.045289855072463775
GRNBOOST2,0.30083920708920703,-0.019782608695652182,0.26494320586820586,0.2146376811594204,0.3139488755202355,-0.09766139657444006
PPCOR,0.07203196803196804,-0.0033333333333332993,0.0588259481259481,0.020000000000000018,0.14428316716495387,0.0
SINCERITIES,0.07697069597069595,0.0011111111111111738,0.08028935508935509,-0.006666666666666599,-0.35618433286906337,0.1358695652173913
