,Clustering Coefficient,Assortativity,In Centralization
GRNBOOST2,1.864634124711073,6.711685379613677,-0.20026446280991736
SINCERITIES,0.15307562633155272,-3.569873236751056,1.0
