,Clustering Coefficient,Global Efficiency,Local Efficiency,Shortest Path Length,Assortativity,Centralization
PIDC,0.6486753246753247,0.6013333333333334,0.7646820586820585,2.0733333333333333,0.02779460259775142,0.20652173913043478
GRNBOOST2,0.6272516835016835,0.6235507246376811,0.77696158008658,1.9746376811594204,0.2496667524145823,0.1541501976284585
PPCOR,0.3984444444444445,0.64,0.5708443223443223,1.78,0.08000104405930071,0.25181159420289856
SINCERITIES,0.4033831723831724,0.6444444444444445,0.5923077293077292,1.7533333333333334,-0.42046645597471655,0.38768115942028986
ground truth,0.32641247641247645,0.6433333333333333,0.5120183742183742,1.76,-0.06428212310565316,0.25181159420289856
