,PageRank,Out Centrality,Betweenness,Clustering Coefficient,Node In Degrees
GRNBOOST2,2.4427586206896557,6.106896551724139,0.0,2.4427586206896557,0.0
SINCERITIES,0.0,2.665121668597914,0.0,0.0,0.0
