,PageRank,Out Centrality,Betweenness,Clustering Coefficient,Node In Degrees
GRNBOOST2,-0.11462450592885376,0.17734460684397824,-0.010378058137433045,0.07469706429526302,-0.30507625242823755
SINCERITIES,0.12250412134995202,0.2760574432316254,0.06302241559435226,0.016184971098265895,-0.11434810523190153
