,Clustering Coefficient,Global Efficiency,Local Efficiency,Shortest Path Length,Assortativity,Centralization
PIDC,0.1801240981240982,-0.032222222222222374,0.13657431457431446,0.19666666666666677,0.17827227314718858,-0.09057971014492754
GRNBOOST2,0.19383993783993797,-0.04555555555555568,0.13926022126022142,0.30333333333333345,0.40032288538037075,0.09057971014492755
PPCOR,0.04064069264069253,-0.01638888888888901,-0.04226897176897182,0.10000000000000009,0.434942723514642,0.09057971014492755
SINCERITIES,0.269273588020391,0.01055555555555543,0.22269414808928856,-0.06333333333333324,-0.23992383033583964,0.5434782608695652
