,PageRank,Centrality,Betweenness,Radiality,Clustering Coefficient,Local Efficiency,Node Degrees
PIDC,0.09078669142742232,0.09862339435524617,-0.11502212176609862,-0.30496592593862365,0.11858858688917573,0.13430825724874168,0.09862339435524617
GRNBOOST2,-0.11076923076923079,-0.21086478834064507,-0.16538461538461538,-0.4126685157731912,-0.15074310259557694,-0.08679753656658969,-0.21086478834064507
PPCOR,-0.2538461538461539,-0.17229524829783657,-0.2746153846153846,-0.21870166417356968,0.1349160418877187,-0.062391691520430406,-0.17229524829783657
SINCERITIES,-0.0034622043340966145,0.021206219073087177,0.04820688603329229,-0.012429637596141135,-0.13595984019204801,-0.09564229119184407,0.021206219073087177
