,Clustering Coefficient,Assortativity,In Centralization
GRNBOOST2,0.49375749470967817,-0.21663077422888843,0.19111111111111112
SINCERITIES,0.31331775568506953,0.03998142200860354,0.8680555555555556
ground truth,0.1850153422544822,0.029502011627510025,0.2170138888888889
