,Clustering Coefficient,Global Efficiency,Local Efficiency,Shortest Path Length,Assortativity,Centralization
PIDC,0.5344761904761905,0.6088888888888888,0.7033862433862432,1.9566666666666668,-0.05809090491290837,0.12318840579710146
GRNBOOST2,0.5481920301920303,0.5955555555555555,0.7060721500721502,2.0633333333333335,0.1639597073202738,0.30434782608695654
PPCOR,0.3949927849927849,0.6247222222222222,0.524542957042957,1.86,0.1985795454545451,0.30434782608695654
SINCERITIES,0.6236256803724833,0.6516666666666666,0.7895060769012173,1.6966666666666668,-0.4762870083959366,0.7572463768115942
ground truth,0.35435209235209236,0.6411111111111112,0.5668119288119288,1.76,-0.23636317806009693,0.213768115942029
