,Clustering Coefficient,Assortativity,In Centralization
GRNBOOST2,1.6687381094619267,-8.342915356554354,-0.11935999999999998
SINCERITIES,0.6934690489295303,0.3552100281636956,3.0000000000000004
