,Clustering Coefficient,Assortativity,In Centralization
GRNBOOST2,0.308742152455196,-0.24613278585639847,-0.025902777777777775
SINCERITIES,0.12830241343058732,0.010479410381093512,0.6510416666666667
