,PageRank,Out Centrality,Betweenness,Clustering Coefficient,Node In Degrees
GRNBOOST2,-0.10743196433120998,0.32806773302964154,0.15588235294117647,0.023564064801178203,0.21263583247113518
SINCERITIES,-0.4292436015691113,-0.05986514097758643,-0.08908999099883154,-0.18069744463919357,-0.46166734007845134
