,Clustering Coefficient,Assortativity,In Centralization
GRNBOOST2,0.5679314778954291,0.2731904587797993,0.1736111111111111
SINCERITIES,0.3166827274972261,0.2388665134876299,0.8246527777777778
ground truth,0.1900850377692483,-0.04449908192298881,0.1736111111111111
