,Clustering Coefficient,Global Efficiency,Local Efficiency,Shortest Path Length,Assortativity,Centralization
PIDC,0.3196334776334778,-0.043333333333333335,0.21643145743145753,0.2633333333333332,0.09213017011373437,-0.04528985507246375
GRNBOOST2,0.2819742479742481,-0.03888888888888886,0.2114942464942463,0.24333333333333318,0.2715992966384352,0.0452898550724638
PPCOR,0.0864242424242424,-0.012222222222222134,0.0598997113997114,0.07333333333333325,0.12366124174462491,-0.09057971014492752
SINCERITIES,0.22708897408210904,0.005555555555555536,0.18613155858464803,-0.03333333333333344,-0.3622750724477796,0.4981884057971015
