,PageRank,Out Centrality,Betweenness,Clustering Coefficient,Node In Degrees
GRNBOOST2,-0.03,-0.09123567146983469,0.10247764980874448,0.07435950280461484,-0.3365568472197385
SINCERITIES,-0.3117374730868152,0.12321901120965825,0.1702439404073993,-0.08636977218538652,-0.12377982058294415
