,Clustering Coefficient,Assortativity,In Centralization
GRNBOOST2,0.3778464401261808,0.3176895407027881,0.0
SINCERITIES,0.1265976897279778,0.28336559541061873,0.6510416666666667
