,Clustering Coefficient,Assortativity,In Centralization
GRNBOOST2,1.987775811081267,7.139238091531626,0.0
SINCERITIES,0.6660055479046159,6.36789756474118,3.7500000000000004
