,Clustering Coefficient,Global Efficiency,Local Efficiency,Shortest Path Length,Assortativity,Centralization
PIDC,0.6695901875901877,0.6,0.7697089947089948,2.0166666666666666,0.051314317673377914,0.16485507246376813
GRNBOOST2,0.631930957930958,0.6044444444444445,0.7647717837717836,1.9966666666666666,0.2307834441980787,0.2554347826086957
PPCOR,0.4363809523809523,0.6311111111111112,0.6131772486772487,1.8266666666666667,0.08284538930426845,0.11956521739130435
SINCERITIES,0.577045684038819,0.6488888888888888,0.7394090958621853,1.72,-0.4030909248881361,0.7083333333333334
ground truth,0.3499567099567099,0.6433333333333333,0.5532775372775373,1.7533333333333334,-0.04081585244035646,0.21014492753623187
