,PageRank,Centrality,Betweenness,Radiality,Clustering Coefficient,Local Efficiency,Node Degrees
PIDC,-0.1754183529275618,-0.2220234589675094,-0.40077015675019273,-0.4152430662261637,-0.029593830374206428,-0.15334239438464614,-0.2220234589675094
GRNBOOST2,-0.4230769230769231,-0.5678384336134603,-0.036923076923076927,-0.4339845423598226,0.1876697663660412,0.3212635776219742,-0.5678384336134603
PPCOR,-0.30076923076923073,-0.22866920840168847,-0.16923076923076924,-0.1715344760029746,-0.22029035273005748,-0.18814930211484462,-0.22866920840168847
SINCERITIES,-0.12384615384615384,-0.053753039890719785,-0.21194644352122288,-0.140261986659861,-0.1468086095034162,-0.1301583599889007,-0.053753039890719785
