,Clustering Coefficient,Global Efficiency,Local Efficiency,Shortest Path Length,Assortativity,Centralization
PIDC,0.9133514761669147,-0.06735751295336788,0.39118063331548253,0.150190114068441,2.2572153858200728,-0.21551724137931025
GRNBOOST2,0.8057403671703527,-0.060449050086355746,0.3822570631277151,0.1387832699619771,6.654260058278063,0.21551724137931053
PPCOR,0.2469569520039584,-0.018998272884283112,0.1082634073569198,0.04182509505703417,3.0297356137625466,-0.43103448275862066
SINCERITIES,0.6489059007046907,0.008635578583765081,0.3364162577438599,-0.019011406844106522,-8.875842369754896,2.370689655172414
