,Clustering Coefficient,Global Efficiency,Local Efficiency,Shortest Path Length,Assortativity,Centralization
PIDC,0.07245310245310266,-0.03111111111111109,0.03151500351500347,0.18999999999999995,0.5121334327205318,-0.1358695652173913
GRNBOOST2,-0.017009879009878826,-0.01388888888888884,-0.014741417841417803,0.08999999999999986,0.23721974030268858,-0.04528985507246375
PPCOR,-0.06229814629814606,-0.008888888888888835,-0.050723813223813474,0.05333333333333323,0.29981733713522696,-0.1358695652173913
SINCERITIES,-0.3163442113442112,-0.007222222222222241,-0.40718625818625825,0.043333333333333224,-0.1354137771324368,0.0
