,Clustering Coefficient,Global Efficiency,Local Efficiency,Shortest Path Length,Assortativity,Centralization
PIDC,0.6004932844932845,0.6094444444444445,0.7484391534391535,1.9533333333333334,0.09595287858635738,0.25905797101449274
GRNBOOST2,0.5110303030303031,0.6266666666666667,0.7021827320827322,1.8533333333333333,-0.1789608138314858,0.3496376811594203
PPCOR,0.4657420357420358,0.6316666666666667,0.6662003367003365,1.8166666666666667,-0.1163632169989474,0.25905797101449274
SINCERITIES,0.2116959706959707,0.6333333333333333,0.30973789173789174,1.8066666666666666,-0.5515943312666112,0.39492753623188404
ground truth,0.5280401820401819,0.6405555555555555,0.71692414992415,1.7633333333333334,-0.4161805541341744,0.39492753623188404
