,Clustering Coefficient,Assortativity,In Centralization
GRNBOOST2,0.1141769037739549,-0.0777745964187511,-0.04340277777777779
SINCERITIES,-0.17988686819367183,-0.4309586325590688,0.3038194444444444
