,PageRank,Centrality,Betweenness,Radiality,Clustering Coefficient,Local Efficiency,Node Degrees
PIDC,0.25120215890723213,0.22497296790682594,-0.06850105957099145,0.13921720617424435,-0.19346293549864854,-0.2538082499328902,0.22497296790682594
GRNBOOST2,0.036923076923076927,0.052458747920793664,-0.1958068895616863,-0.10645286729777005,-0.14442235217971922,-0.192543507565707,0.052458747920793664
PPCOR,0.18846153846153846,0.20163329177575195,0.021157915375034864,0.13606494008504058,-0.026875716993916693,0.03191452082908458,0.20163329177575195
SINCERITIES,0.10886709183881577,0.10572442732078911,0.16201655100779438,0.12091319257108422,-0.32463042365903266,-0.3099215113410486,0.10572442732078911
