,PageRank,Out Centrality,Betweenness,Clustering Coefficient,Node In Degrees
GRNBOOST2,-0.06,0.24291088292531776,-0.13406751274674253,-0.16470222322097763,0.17125539218596852
SINCERITIES,-0.29586091353671223,0.16590107892506936,-0.13648979707545136,-0.2536188293608636,0.0146246756804357
