,Clustering Coefficient,Assortativity,In Centralization
GRNBOOST2,0.4054939567338409,-0.013805172740912868,0.0954861111111111
SINCERITIES,0.11143018476621418,-0.36698920888123054,0.4427083333333333
ground truth,0.291317052959886,0.06396942367783824,0.1388888888888889
