,Clustering Coefficient,Assortativity,In Centralization
GRNBOOST2,0.39193347115754634,-1.2158089278783915,-0.31250000000000006
SINCERITIES,-0.6174951530161265,-6.736947244193657,2.1874999999999996
