,Clustering Coefficient,Assortativity,In Centralization
GRNBOOST2,-0.1426111275167879,-0.2145131775210486,0.1736111111111111
SINCERITIES,0.05134604829273698,0.03210382039987031,0.78125
