,Clustering Coefficient,Global Efficiency,Local Efficiency,Shortest Path Length,Assortativity,Centralization
PIDC,0.30675466443887506,0.23777777777777775,0.2585371087651789,-0.5228571428571429,0.691292182167317,-0.40920130594043636
GRNBOOST2,-0.27596491228070175,-0.033333333333333326,-0.33377089187615516,0.21333333333333337,0.35952372110480474,-0.3623188405797101
PPCOR,-0.18490574922153868,-0.043611111111111156,-0.20738561049087367,0.29666666666666686,0.47240512691828357,-0.3623188405797101
SINCERITIES,0.08424388375418129,0.006111111111111067,0.10108461976196537,-0.036666666666666625,0.060442131038343505,0.1811594202898551
