,Clustering Coefficient,Assortativity,In Centralization
GRNBOOST2,0.13008447108447108,-0.14388478724839843,0.2569444444444444
SINCERITIES,0.32404164689399595,0.10273221067252047,0.8645833333333334
ground truth,0.27269559860125897,0.07062839027265017,0.08333333333333333
