,Clustering Coefficient,Global Efficiency,Local Efficiency,Shortest Path Length,Assortativity,Centralization
PIDC,0.804872534872535,0.8444444444444444,0.8997466730800064,1.3238095238095238,0.2786993233127757,0.18681318681318682
GRNBOOST2,0.22215295815295813,0.5733333333333334,0.3074386724386724,2.06,-0.05306913774973654,0.23369565217391305
PPCOR,0.3132121212121212,0.5630555555555555,0.4338239538239539,2.1433333333333335,0.05981226806374228,0.23369565217391305
SINCERITIES,0.5823617541878412,0.6127777777777778,0.7422941840767929,1.81,-0.3521507278161978,0.7771739130434783
ground truth,0.4981178704336599,0.6066666666666667,0.6412095643148276,1.8466666666666667,-0.4125928588545413,0.5960144927536232
