,PageRank,Out Centrality,Betweenness,Clustering Coefficient,Node In Degrees
GRNBOOST2,0.044822738410801005,-0.1169058839314023,-0.27065458033257794,0.17861383121619898,-0.18638370015910016
SINCERITIES,-0.018252705166986172,0.20916722238974136,-0.293140228795996,-0.39556619694923106,0.18042648503332237
