,PageRank,Centrality,Betweenness,Radiality,Clustering Coefficient,Local Efficiency,Node Degrees
PIDC,-0.18783572094922768,-0.14232613561393814,-0.4294700745135538,-0.18540119426449883,-0.3249145112213746,-0.3303297530750642,-0.14232613561393814
GRNBOOST2,0.010769230769230769,0.08651494365653406,0.016197465526326442,0.06308061344826314,0.1745319945534718,0.1631579071363203,0.08651494365653406
PPCOR,-0.015384615384615384,-0.012377715690868978,0.06924577750270731,0.23703604746663298,-0.11635790848841956,-0.1401462625959514,-0.012377715690868978
SINCERITIES,0.006153846153846154,-0.02057373812738923,-0.03753880088759578,0.02881083057776147,-0.4879957707924379,-0.49141355756030397,-0.02057373812738923
