,Clustering Coefficient,Assortativity,In Centralization
GRNBOOST2,-0.5229682042845025,-3.0372089282079497,2.0833333333333335
SINCERITIES,0.1882907115336915,0.45454554855262014,9.375
