,PageRank,Centrality,Betweenness,Radiality,Clustering Coefficient,Local Efficiency,Node Degrees
PIDC,-0.12218056556569057,-0.08528079707882988,-0.11576564966555632,-0.06771328152444091,0.21844543014264928,0.23301536618324922,-0.08528079707882988
GRNBOOST2,-0.11694556861837453,-0.08655940365201176,-0.12155524467532006,0.012072178317259284,-0.09068014331105943,-0.0709590312758634,-0.08655940365201176
PPCOR,-0.3476923076923077,-0.30770850918649345,-0.2538949845004184,-0.2813731865301468,0.3959347734020497,0.14622368439683878,-0.30770850918649345
SINCERITIES,-0.3834782608695652,-0.39685798848400244,-0.31737060354154417,-0.26169247083502506,-0.34877785609119594,-0.2371295059676217,-0.39685798848400244
