,Clustering Coefficient,Assortativity,In Centralization
GRNBOOST2,0.44230842007091625,0.35342429354108956,0.17391304347826086
SINCERITIES,0.35669577432138366,-0.09363901141780434,0.718336483931947
ground truth,0.2737744539332999,-0.1355431116271278,0.5208333333333334
