,Clustering Coefficient,Assortativity,In Centralization
GRNBOOST2,0.16853396613761634,0.48896740516821735,-0.3469202898550725
SINCERITIES,0.08292132038808375,0.04190410020932345,0.19750315059861367
