,Clustering Coefficient,Assortativity,In Centralization
GRNBOOST2,0.6155942006870975,3.6074677591388182,-0.6660869565217392
SINCERITIES,0.30288187665707483,0.30915698854988294,0.37920604914933825
