,PageRank,Out Centrality,Betweenness,Clustering Coefficient,Node In Degrees
GRNBOOST2,-0.016554159449888334,0.09450697270494031,-0.33390856081516473,0.10798479681083821,-0.17382034923803835
SINCERITIES,-0.3140844112840828,0.029582272011411906,-0.4279849039206608,-0.3153312796287446,-0.5780317258032162
