,Clustering Coefficient,Assortativity,In Centralization
GRNBOOST2,0.2589673943153323,0.143713145814376,0.1736111111111111
SINCERITIES,0.10285741621951366,-0.05138494657343686,0.34722222222222227
