,Clustering Coefficient,Global Efficiency,Local Efficiency,Shortest Path Length,Assortativity,Centralization
PIDC,0.5238739038739039,0.6277777777777778,0.6667217967217967,1.8266666666666667,-0.03773228272040953,0.3115942028985507
GRNBOOST2,0.6618858918858921,0.6063888888888889,0.799397186147186,1.98,-0.0007436280878949099,0.40217391304347827
PPCOR,0.4294357864357864,0.6316666666666667,0.6333916786916786,1.8033333333333332,-0.1570268407220717,0.40217391304347827
SINCERITIES,0.46947457770987183,0.635,0.6592118241235889,1.7833333333333334,-0.3640461593941575,0.447463768115942
ground truth,0.2939249639249639,0.6322222222222222,0.48221688311688304,1.8,0.054932668920923806,0.2210144927536232
