,Clustering Coefficient,Global Efficiency,Local Efficiency,Shortest Path Length,Assortativity,Centralization
PIDC,0.782338923779348,-0.0070298769771529445,0.38261811244006577,0.014814814814814786,-1.6868823864124567,0.4098360655737704
GRNBOOST2,1.2518872947956365,-0.040861159929701296,0.657754454759359,0.09999999999999996,-1.0135370828052315,0.8196721311475409
PPCOR,0.4610388335215277,-0.0008787346221440743,0.3134995908846118,0.0018518518518517713,-3.8585328877450613,0.8196721311475409
SINCERITIES,0.5972599654030202,0.004393673110720546,0.3670442641134251,-0.009259259259259226,-7.627134026897656,1.0245901639344261
