,PageRank,Centrality,Betweenness,Radiality,Clustering Coefficient,Local Efficiency,Node Degrees
PIDC,-0.35782996107731185,-0.4185867076660079,-0.3124278799943841,-0.48742768071922593,-0.016444201575194238,0.09031392593750796,-0.4185867076660079
GRNBOOST2,-0.22427390297536956,-0.19588879586816524,-0.1341042951734283,-0.23832297914904485,-0.5298450010399781,-0.5283932810430841,-0.19588879586816524
PPCOR,0.10384615384615385,0.04475720468274552,0.16615384615384618,0.048519924885316375,-0.027267494403987,-0.0511833759715835,0.04475720468274552
SINCERITIES,-0.04616272445462152,-0.07975967587833313,-0.12716786611273373,-0.06908031949064143,0.15658260802031626,0.3224875811913628,-0.07975967587833313
