,Clustering Coefficient,Assortativity,In Centralization
GRNBOOST2,1.519974833037731,19.440274594732834,0.7999999999999999
SINCERITIES,0.6037079859350134,-6.950912289635249,1.6
