,Clustering Coefficient,Global Efficiency,Local Efficiency,Shortest Path Length,Assortativity,Centralization
PIDC,0.22994893994893995,-0.004444444444444473,0.1845049136049136,0.026666666666666616,-0.09266495164133334,0.09057971014492752
GRNBOOST2,0.36796092796092816,-0.025833333333333375,0.317180303030303,0.17999999999999994,-0.055676297008818716,0.18115942028985507
PPCOR,0.13551082251082247,-0.0005555555555555314,0.15117479557479552,0.0033333333333331883,-0.2119595096429955,0.18115942028985507
SINCERITIES,0.1755496137849079,0.002777777777777768,0.17699494100670587,-0.016666666666666607,-0.4189788283150813,0.22644927536231882
