,PageRank,Out Centrality,Betweenness,Clustering Coefficient,Node In Degrees
GRNBOOST2,0.2616391113253463,0.04367862940926808,0.0538355452339551,-0.03723717749793504,0.03529650673490791
SINCERITIES,-0.0341792315665317,-0.07397010178467293,-0.06431982144842348,0.19741436107260066,-0.05914352349220559
