,Clustering Coefficient,Assortativity,In Centralization
GRNBOOST2,0.4293435010024249,0.15110569292650958,0.390625
SINCERITIES,0.2732335229066063,-0.04399239946130328,0.5642361111111112
ground truth,0.17037610668709263,0.007392547112133579,0.2170138888888889
