,Clustering Coefficient,Assortativity,In Centralization
GRNBOOST2,0.22035789603716419,-0.26559659165894733,0.07653061224489793
SINCERITIES,0.2261041440135819,-0.20472755084803468,0.6122448979591837
