,Clustering Coefficient,Assortativity,In Centralization
GRNBOOST2,0.9862477475370437,-3.9592972481601105,0.3749999999999999
SINCERITIES,1.0119660187015835,-3.051911259975976,3.0
