,Clustering Coefficient,Global Efficiency,Local Efficiency,Shortest Path Length,Assortativity,Centralization
PIDC,0.3071139971139971,-0.004761904761904745,0.2991228956228955,0.028571428571428692,-0.08696052159950918,0.24725274725274732
GRNBOOST2,0.1851515151515153,-0.0015873015873016927,0.1588487253487253,0.00952380952380949,-0.18181648488896635,0.24725274725274732
PPCOR,0.0321164021164021,-0.004761904761904745,0.05831481481481482,0.028571428571428692,-0.008612655046364659,0.08241758241758246
SINCERITIES,0.3414714914714916,0.007936507936507908,0.28120155770155775,-0.04761904761904767,-0.39974027329906975,0.4120879120879121
