,PageRank,Out Centrality,Betweenness,Clustering Coefficient,Node In Degrees
GRNBOOST2,-0.2178571428571428,-0.07770665916322277,0.263924438423056,-0.07699197355750871,-0.1473717274309889
SINCERITIES,-0.19595454150022665,-0.2434525229962014,-0.11439609331359848,0.3345345384272333,0.04310097983800139
