,Clustering Coefficient,Assortativity,In Centralization
GRNBOOST2,0.443788465675943,-0.19851484077945214,0.28061224489795916
SINCERITIES,0.4495347136523607,-0.1376457999685395,0.8163265306122449
ground truth,0.2234305696387788,0.06708175087949518,0.20408163265306123
