,Clustering Coefficient,Global Efficiency,Local Efficiency,Shortest Path Length,Assortativity,Centralization
PIDC,0.6956325156325156,0.6920634920634922,0.844088504088504,1.6666666666666667,-0.23938933231977794,0.5164835164835165
GRNBOOST2,0.5736700336700338,0.6952380952380952,0.7038143338143338,1.6476190476190475,-0.3342452956092351,0.5164835164835165
PPCOR,0.4206349206349206,0.6920634920634922,0.6032804232804233,1.6666666666666667,-0.16104146576663342,0.3516483516483517
SINCERITIES,0.7299900099900101,0.7047619047619048,0.8261671661671662,1.5904761904761904,-0.5521690840193385,0.6813186813186813
ground truth,0.3885185185185185,0.6968253968253969,0.5449656084656085,1.638095238095238,-0.15242881072026876,0.2692307692307692
