,PageRank,Centrality,Betweenness,Radiality,Clustering Coefficient,Local Efficiency,Node Degrees
PIDC,-0.5392857142857141,-0.5609323927259572,-0.4901099797063841,-0.48313602571367087,0.18082259644562115,0.06340954304994169,-0.5609323927259572
GRNBOOST2,-0.39642857142857135,-0.36995705507090276,-0.31663735817155525,-0.37670625239850375,0.0723346228677124,0.2195340501792115,-0.36995705507090276
PPCOR,-0.4107142857142856,-0.5130191284117964,-0.39642857142857135,-0.3869224172840227,-0.5738952890599746,-0.5617182512195951,-0.5130191284117964
SINCERITIES,-0.005371550259736006,0.07367282120076324,0.04061280854733526,0.10272744252483872,0.3355079542480741,0.060341269868158055,0.07367282120076324
