,PageRank,Centrality,Betweenness,Radiality,Clustering Coefficient,Local Efficiency,Node Degrees
PIDC,0.21842436286746103,0.4149878805727711,-0.12422620483143441,0.04098530637573791,-0.07311600624044087,-0.05387495196664065,0.4149878805727711
GRNBOOST2,0.21645830699863378,0.29417211057123466,0.16838101826870588,0.1594597183018387,-0.3004403166124292,-0.26962592516500056,0.29417211057123466
PPCOR,0.1032967032967033,0.060783813560789685,-0.19958192136811007,0.036748329621380846,-0.004730472703803728,-0.021145995486226407,0.060783813560789685
SINCERITIES,-0.3214285714285714,-0.4310669047822316,0.11736947548487114,-0.38190185996317577,0.2861351177692465,0.225022307091388,-0.4310669047822316
