,Clustering Coefficient,Global Efficiency,Local Efficiency,Shortest Path Length,Assortativity,Centralization
PIDC,0.6755555555555554,0.5522222222222223,0.7244444444444446,2.5619047619047617,0.47286821705426396,0.12087912087912088
GRNBOOST2,0.7460317460317462,0.5888888888888889,0.8444973544973545,2.1714285714285713,0.10724852071005979,0.2032967032967033
PPCOR,0.4829931972789116,0.652014652014652,0.6469246031746032,1.8571428571428572,-0.22691807542262982,0.28205128205128205
SINCERITIES,0.369047619047619,0.6142857142857143,0.5020414462081129,1.9904761904761905,-0.14709851551956798,0.36813186813186816
ground truth,0.6720250120250121,0.6428571428571429,0.749042809042809,1.7904761904761906,-0.5423796259450847,0.532967032967033
