,Clustering Coefficient,Assortativity,In Centralization
GRNBOOST2,0.4611515969410706,-0.14911127746386052,0.17751479289940827
SINCERITIES,0.14465608465608465,-0.13943580761343066,0.33163265306122447
ground truth,0.4598704697771707,-0.10555275985275282,0.17857142857142858
