,Clustering Coefficient,Assortativity,In Centralization
GRNBOOST2,0.0027858435105012377,-0.4126705703562112,-0.005917159763313684
SINCERITIES,-0.6854416750739019,-0.3210057966077347,0.857142857142857
