,PageRank,Out Centrality,Betweenness,Clustering Coefficient,Node In Degrees
GRNBOOST2,-0.05286343612334802,0.4207678975459709,-0.2891844180235643,-0.28128615920502376,-0.12071168957865083
SINCERITIES,0.27549194991055453,-0.49294383149595633,-0.10278822384457999,0.0642536304677381,0.31821852835869113
