,Clustering Coefficient,Assortativity,In Centralization
GRNBOOST2,0.0012811271638998867,-0.0435585176111077,-0.0010566356720203007
SINCERITIES,-0.31521438512108607,-0.03388304776067784,0.1530612244897959
