,Clustering Coefficient,Global Efficiency,Local Efficiency,Shortest Path Length,Assortativity,Centralization
PIDC,0.003530543530543273,-0.09063492063492062,-0.024598364598364397,0.7714285714285711,1.0152478429993486,-0.41208791208791207
GRNBOOST2,0.07400673400673408,-0.053968253968254,0.09545454545454557,0.3809523809523807,0.6496281466551445,-0.32967032967032966
PPCOR,-0.18903181474610048,0.009157509157509125,-0.10211820586820575,0.06666666666666665,0.3154615505224549,-0.2509157509157509
SINCERITIES,-0.30297739297739307,-0.02857142857142858,-0.2470013628346961,0.19999999999999996,0.3952811104255167,-0.1648351648351648
