,Clustering Coefficient,Global Efficiency,Local Efficiency,Shortest Path Length,Assortativity,Centralization
PIDC,0.14898568098568105,-0.01722222222222225,0.1087206534206534,0.10333333333333328,0.05562301481692694,-0.1358695652173913
GRNBOOST2,0.15435941835941835,-0.011111111111111183,0.09503801753801755,0.06666666666666665,0.157526264074833,-0.1358695652173913
PPCOR,0.05026129426129433,-0.014444444444444482,-0.013972083472083563,0.08666666666666667,0.27823429475736666,-0.09057971014492752
SINCERITIES,-0.09571356180051838,0.022714097496706165,-0.17324005221831307,-0.024822134387351813,-0.17770958972118045,0.04917184265010355
