,Clustering Coefficient,Assortativity,In Centralization
GRNBOOST2,0.43612025405717303,-0.12353505162845128,0.2170138888888889
SINCERITIES,0.13773610648610649,0.3513606697807279,0.4914933837429111
ground truth,0.1991968843495006,-0.12551258776317328,0.3038194444444444
