,PageRank,Centrality,Betweenness,Radiality,Clustering Coefficient,Local Efficiency,Node Degrees
PIDC,0.257357188834515,0.29628177499497343,0.1327178328070369,0.27630553390491036,0.40548473812490243,0.221302068757583,0.29628177499497343
GRNBOOST2,0.5923076923076923,0.5644907589461267,0.5492307692307692,0.3702635726165429,0.5107671508875049,0.6259380527652674,0.5644907589461267
PPCOR,0.28538461538461535,0.22623739193630865,0.4969230769230769,0.24732959121652795,0.4931175737539242,0.4435671578317785,0.22623739193630865
SINCERITIES,0.06027667984189724,0.023918104177656396,0.04743083003952569,-0.07092775490991736,0.11754561891929176,0.14023813476191482,0.023918104177656396
