,Clustering Coefficient,Global Efficiency,Local Efficiency,Shortest Path Length,Assortativity,Centralization
PIDC,0.49567676767676777,0.6227777777777778,0.6816109668109668,1.8633333333333333,-0.1758951965065491,0.1721014492753623
GRNBOOST2,0.5010505050505051,0.6288888888888888,0.6679283309283309,1.8266666666666667,-0.07399194724864305,0.1721014492753623
PPCOR,0.39695238095238106,0.6255555555555555,0.5589182299182298,1.8466666666666667,0.04671608343389059,0.21739130434782608
SINCERITIES,0.25097752489056835,0.6627140974967062,0.3996502611720003,1.7351778656126482,-0.4092278010446565,0.35714285714285715
ground truth,0.3466910866910867,0.64,0.5728903133903134,1.76,-0.23151821132347605,0.3079710144927536
