,Clustering Coefficient,Assortativity,In Centralization
GRNBOOST2,1.1893929489980317,0.015755679728740556,-0.28571428571428564
SINCERITIES,-0.30854286734504444,3.7994058288695474,0.6177153659195248
