,PageRank,Out Centrality,Betweenness,Clustering Coefficient,Node In Degrees
GRNBOOST2,0.32550981146594843,0.16888462591387432,0.21700655704043428,0.3130904241720261,0.6819714920203431
SINCERITIES,0.14221789593587827,-0.18911246079685828,0.3599771002426349,0.1425147124706606,0.08329734428282541
