,Clustering Coefficient,Global Efficiency,Local Efficiency,Shortest Path Length,Assortativity,Centralization
PIDC,0.4297361158247262,-0.026909722222222265,0.18977568808460793,0.05871212121212118,0.24025330231672684,-0.4411764705882353
GRNBOOST2,0.44523618946384313,-0.017361111111111223,0.16589217048476715,0.03787878787878787,0.6804054988777454,-0.4411764705882353
PPCOR,0.14497429034303042,-0.022569444444444503,-0.024388758450807152,0.04924242424242425,1.201781463180964,-0.2941176470588235
SINCERITIES,-0.276077365339947,0.03549077733860338,-0.3023965463704457,-0.014103485447358984,-0.7675836328611123,0.1596638655462186
