,Clustering Coefficient,Assortativity,In Centralization
GRNBOOST2,0.23692336970767242,0.0019775361347219994,-0.08680555555555552
SINCERITIES,-0.06146077786339413,0.4768732575439012,0.1876739392984667
