,Clustering Coefficient,Global Efficiency,Local Efficiency,Shortest Path Length,Assortativity,Centralization
PIDC,0.1498794538794539,-0.03733333333333322,0.01801818551818568,0.30000000000000004,0.2630457823209467,0.22644927536231885
GRNBOOST2,0.07354356754356761,-0.029555555555555446,-0.03744231694231681,0.2466666666666668,0.27686240470066,0.18115942028985504
PPCOR,-0.013209013209013187,-0.006111111111110956,-0.034628427128427175,0.043333333333333446,0.1818894234893288,0.18115942028985504
SINCERITIES,-0.14132756132756136,0.04025472112428641,-0.16826150982672716,-0.1213965744400527,-0.30895673144926655,0.1756070016939582
