,Clustering Coefficient,Assortativity,In Centralization
GRNBOOST2,1.0639065984692981,2.3470018283116185,0.5000000000000001
SINCERITIES,-0.32542441815220663,2.471265439796966,2.0942148760330577
