,Clustering Coefficient,Global Efficiency,Local Efficiency,Shortest Path Length,Assortativity,Centralization
PIDC,0.5989270729270729,0.6048888888888889,0.6872218892218893,2.0933333333333333,0.1703342806875076,0.3278985507246377
GRNBOOST2,0.5225911865911866,0.6126666666666667,0.6317613867613868,2.04,0.1841509030672209,0.2826086956521739
PPCOR,0.43583860583860584,0.6361111111111112,0.6345752765752765,1.8366666666666667,0.08917792185588971,0.2826086956521739
SINCERITIES,0.30772005772005767,0.6824769433465085,0.5009421938769765,1.6719367588932805,-0.40166823308270566,0.27705627705627706
ground truth,0.44904761904761903,0.6422222222222221,0.6692037037037036,1.7933333333333332,-0.0927115016334391,0.10144927536231885
