,PageRank,Out Centrality,Betweenness,Clustering Coefficient,Node In Degrees
GRNBOOST2,-0.14241728623406866,,-0.23416016790470182,-0.19454660032545698,0.09871839871737308
SINCERITIES,-0.12466024978107204,,0.08249213653899808,-0.08378806111177768,-0.04018210160769816
