,Clustering Coefficient,Assortativity,In Centralization
GRNBOOST2,0.48027870956231844,0.1259678148566958,0.13020833333333334
SINCERITIES,0.1569762363240624,0.13758859760250017,0.26859504132231404
ground truth,0.23270370370370366,-0.09351718179520846,0.08680555555555555
