,Clustering Coefficient,Assortativity,In Centralization
GRNBOOST2,0.24757500585861478,0.21948499665190427,0.04340277777777779
SINCERITIES,-0.07572746737964126,0.23110577939770863,0.1817894857667585
