,PageRank,Centrality,Betweenness,Radiality,Clustering Coefficient,Local Efficiency,Node Degrees
PIDC,0.08886324457514644,-0.020938247160991227,-0.3176132366175879,-0.14428593292269976,-0.15286178577921236,-0.11188292421271494,-0.020938247160991227
GRNBOOST2,0.1476923076923077,0.06394714474427016,-0.19769230769230767,-0.1905589340022216,0.011824061094131083,-0.01870061467698655,0.06394714474427016
PPCOR,-0.19,-0.16959602411797906,-0.25,-0.26475050289666163,-0.06965482597217447,0.02830188679245283,-0.16959602411797906
SINCERITIES,0.0958498023715415,0.12602081728472206,0.47035573122529645,0.1523820640939312,-0.08391610127836803,0.053659749391186645,0.12602081728472206
