,Clustering Coefficient,Assortativity,In Centralization
GRNBOOST2,0.44849979336115214,3.0064915683961697,-0.2556246777796873
SINCERITIES,0.4901207775001713,1.3618375230037747,0.5454545454545453
