,Clustering Coefficient,Assortativity,In Centralization
GRNBOOST2,0.10626140249677982,0.20469875958373773,-0.12204303192606597
SINCERITIES,0.11612250881917904,0.09272151455331443,0.26041666666666663
