,Clustering Coefficient,Global Efficiency,Local Efficiency,Shortest Path Length,Assortativity,Centralization
PIDC,0.8265119613516587,0.37662337662337647,0.4590097908274132,-0.3005671077504726,0.0964023640082191,-0.31851851851851853
GRNBOOST2,0.12073803290735191,0.016374929418407614,0.031311338122857794,-0.0055066984466179405,-0.2004668212053951,-0.2323232323232324
PPCOR,-0.3122283076711103,-0.013419913419913613,-0.25500530328962595,0.030245746691871397,2.0897182978677664,-0.5787037037037037
SINCERITIES,0.18546021455415973,0.002597402597402484,0.08496664054324687,-0.005671077504725903,-0.8173397637406795,0.5787037037037035
