,PageRank,Out Centrality,Betweenness,Clustering Coefficient,Node In Degrees
GRNBOOST2,0.13971711356442354,0.038136525971089186,0.143767373112703,-0.07250164838528801,-0.016868834681977734
SINCERITIES,-0.09616380560700842,-0.3546629598032921,0.12764376226609897,0.16302966012802556,-0.1274935488323233
