,PageRank,Centrality,Betweenness,Radiality,Clustering Coefficient,Local Efficiency,Node Degrees
PIDC,0.0,0.0,3.8709677419354835,0.0,3.8709677419354835,3.8709677419354835,3.8709677419354835
GRNBOOST2,2.5539432176656156,2.5539432176656156,0.0,2.5539432176656156,0.0,0.0,2.5539432176656156
PPCOR,0.0,2.665121668597914,0.0,2.665121668597914,0.0,0.0,2.665121668597914
SINCERITIES,0.0,0.0,0.0,0.0,2.665121668597914,2.665121668597914,0.0
