,Clustering Coefficient,Global Efficiency,Local Efficiency,Shortest Path Length,Assortativity,Centralization
PIDC,0.8240166083916084,0.8833333333333333,0.9120083041958043,1.2333333333333334,-0.15718450645564314,0.26666666666666666
GRNBOOST2,0.5056122118622118,0.6521739130434783,0.6446594878886546,1.7536231884057971,-0.20882611606263785,0.30039525691699603
PPCOR,0.3102828282828282,0.6330555555555555,0.4656866281866282,1.8166666666666667,0.18956095722630506,0.16485507246376813
SINCERITIES,0.5348111187058556,0.6433333333333333,0.6781987291460976,1.7533333333333334,-0.31613368876541875,0.6177536231884058
ground truth,0.4511421911421911,0.6416666666666667,0.6250871720871721,1.7633333333333334,-0.17395409216970648,0.391304347826087
