,PageRank,Out Centrality,Betweenness,Clustering Coefficient,Node In Degrees
GRNBOOST2,-0.11384615384615385,0.2516128163948297,0.04116176263870419,-0.10182868331099967,0.2840873645109308
SINCERITIES,-0.02046743993453206,-0.12128406902618252,0.20180343979442866,-0.10862869171390495,-0.16480442440779736
