,Clustering Coefficient,Assortativity,In Centralization
GRNBOOST2,1.3445132543951683,1.1297101991505323,-0.6666666666666667
SINCERITIES,0.8019064932600093,0.875197484573009,1.4999999999999998
