,Clustering Coefficient,Global Efficiency,Local Efficiency,Shortest Path Length,Assortativity,Centralization
PIDC,0.6858814482271274,-0.0261061946902655,0.572633384966617,0.056985294117647155,-0.9610610568368626,0.2475247524752474
GRNBOOST2,0.6945067963586481,-0.016814159292035374,0.43422273076372225,0.034926470588235364,-0.40260981603014645,0.0
PPCOR,0.13886810491748747,-0.015044247787610673,0.11816987538554652,0.038602941176470625,-0.6641362668268991,0.0
SINCERITIES,0.6975252660380512,-0.007964601769911511,0.42120991746164615,0.016544117647058838,-12.943261323254086,1.9801980198019797
