,Clustering Coefficient,Global Efficiency,Local Efficiency,Shortest Path Length,Assortativity,Centralization
PIDC,0.4681933621933623,0.6113888888888889,0.6828453583453584,1.9166666666666667,0.0011073551696011812,0.22826086956521738
GRNBOOST2,0.4705887445887446,0.6172222222222222,0.6227467532467534,1.8766666666666667,0.01698872785829142,0.18297101449275363
PPCOR,0.31627994227994227,0.6183333333333333,0.48551500721500723,1.8833333333333333,0.009551374819100737,0.18297101449275363
SINCERITIES,0.47142701673971027,0.6227777777777778,0.6170965239897127,1.8433333333333333,-0.3396453805331696,0.5452898550724637
ground truth,0.27771428571428575,0.6277777777777778,0.4342050505050505,1.8133333333333332,0.02843824407256871,0.18297101449275363
