,PageRank,Centrality,Betweenness,Radiality,Clustering Coefficient,Local Efficiency,Node Degrees
PIDC,0.11615384615384615,0.12485254700749393,0.21461538461538462,0.30682847501398386,-0.24593660617393145,-0.14747785906815555,0.12485254700749393
GRNBOOST2,0.26076923076923075,0.401618717569668,0.21307692307692308,0.39156653121770674,0.10553846901540528,0.14475457438539086,0.401618717569668
PPCOR,0.30153846153846153,0.39697898629215367,0.3392307692307693,0.4581479129177032,0.16860510709933765,0.13702849359966143,0.39697898629215367
SINCERITIES,-0.4296980267984354,-0.32269754032475295,-0.472034071166987,-0.4559057563936921,-0.4635467114333335,-0.4638250847255628,-0.32269754032475295
