,Clustering Coefficient,Global Efficiency,Local Efficiency,Shortest Path Length,Assortativity,Centralization
PIDC,0.19047907647907653,-0.016388888888888897,0.24864030784030794,0.1033333333333335,-0.027330888902967528,0.04528985507246375
GRNBOOST2,0.19287445887445887,-0.01055555555555554,0.18854170274170295,0.06333333333333346,-0.01144951621427729,0.0
PPCOR,0.038565656565656525,-0.009444444444444478,0.05130995670995675,0.07000000000000006,-0.018886869253467973,0.0
SINCERITIES,0.19371273102542452,-0.0050000000000000044,0.18289147348466223,0.030000000000000027,-0.36808362460573835,0.3623188405797101
