,Clustering Coefficient,Assortativity,In Centralization
GRNBOOST2,0.34498911382813363,0.01700223253283692,0.08680555555555555
SINCERITIES,0.2651459202227027,-0.016358940174859476,0.6510416666666666
ground truth,0.14714743590440185,-0.13107860942457847,0.2604166666666667
