,Clustering Coefficient,Assortativity,In Centralization
GRNBOOST2,0.19784167792373178,0.1480808419574154,-0.17361111111111113
SINCERITIES,0.11799848431830087,0.11471966924971899,0.39062499999999994
