,Clustering Coefficient,Assortativity,In Centralization
GRNBOOST2,0.48046245478229344,0.9543943990111369,2.0000000000000004
SINCERITIES,-0.1878220965289652,9.946387856499669,11.369300567107752
