,PageRank,Centrality,Betweenness,Radiality,Clustering Coefficient,Local Efficiency,Node Degrees
PIDC,-0.1639092079773493,-0.24611773417914143,-0.03232012551666043,-0.2519219837309648,0.030731276263987604,-0.01747273882527743,-0.24611773417914143
GRNBOOST2,-0.10076923076923076,-0.17109041805959152,0.3230769230769231,0.3728685184886069,0.29067177824719415,0.2969792999694195,-0.17109041805959152
PPCOR,-0.5007692307692309,-0.32878397345445515,-0.2230769230769231,0.18403015122406907,-0.2316830708493503,-0.273722673515659,-0.32878397345445515
SINCERITIES,0.16869565217391302,0.03065936612924235,0.13310136100376938,0.4067918653112594,0.11153872505698409,0.12777636308540705,0.03065936612924235
