,PageRank,Out Centrality,Betweenness,Clustering Coefficient,Node In Degrees
GRNBOOST2,-0.23153846153846153,,-0.31769230769230766,0.2816750259408811,-0.08416989480268634
SINCERITIES,-0.2816106128572692,,-0.16374482958695608,-0.038252206618418834,-0.27268777858164944
