,Clustering Coefficient,Assortativity,In Centralization
GRNBOOST2,0.43231853620047384,0.04027975702700876,0.13020833333333334
SINCERITIES,0.23716883952629567,0.22560330883382426,0.5368620037807184
ground truth,0.292015873015873,0.020609840596856537,0.043402777777777776
