,Clustering Coefficient,Global Efficiency,Local Efficiency,Shortest Path Length,Assortativity,Centralization
PIDC,0.036222222222222156,-0.005277777777777826,0.031179894179894196,0.036666666666666625,-0.010999893031399977,0.045289855072463775
GRNBOOST2,0.018265512265512096,0.004722222222222183,0.008321548821549007,-0.023333333333333428,-0.04332728148561592,0.09057971014492754
PPCOR,-0.07650305250305262,0.02111111111111097,-0.04442551892551905,-0.1266666666666667,0.003324901616780125,0.1811594202898551
SINCERITIES,-0.10586145771439898,0.04253623188405786,-0.08351910061162504,-0.19840579710144945,-0.1445808774028258,0.3664361001317523
