,Clustering Coefficient,Assortativity,In Centralization
GRNBOOST2,0.14030266318460083,0.019669916430152225,0.08680555555555557
SINCERITIES,-0.05484703348957734,0.20499346823696774,0.49345922600294057
