,Clustering Coefficient,Global Efficiency,Local Efficiency,Shortest Path Length,Assortativity,Centralization
PIDC,0.6105714285714285,0.6158333333333333,0.7967089947089947,1.9633333333333334,-0.06283235376434496,0.09782608695652174
GRNBOOST2,0.5926147186147185,0.6258333333333334,0.7738506493506495,1.9033333333333333,-0.0951597422185609,0.1431159420289855
PPCOR,0.49784615384615377,0.6422222222222221,0.7211035816035815,1.8,-0.048507559116164854,0.23369565217391305
SINCERITIES,0.4684877486348074,0.663647342995169,0.6820099999174755,1.7282608695652173,-0.19641333813577078,0.4189723320158103
ground truth,0.5743492063492064,0.6211111111111112,0.7655291005291005,1.9266666666666667,-0.05183246073294498,0.05253623188405797
