,PageRank,Centrality,Betweenness,Radiality,Clustering Coefficient,Local Efficiency,Node Degrees
PIDC,,,,,,,
GRNBOOST2,,,,,,,
PPCOR,0.35,0.3506686214711266,0.42499999999999993,0.44047494816130595,0.35971455744863795,0.21473711743473625,0.3506686214711266
SINCERITIES,,,,,,,
