,Clustering Coefficient,Global Efficiency,Local Efficiency,Shortest Path Length,Assortativity,Centralization
PIDC,,,,,,
GRNBOOST2,,,,,,
PPCOR,0.4844444444444445,0.6968253968253969,0.6226984126984128,1.6571428571428573,0.16620068344205693,0.17582417582417584
SINCERITIES,,,,,,
ground truth,0.6002035002035001,0.7063492063492064,0.7938074888074887,1.6,-0.3074935400516802,0.5879120879120879
