,PageRank,Out Centrality,Betweenness,Clustering Coefficient,Node In Degrees
GRNBOOST2,-0.2547702775951333,0.2582784330348101,-0.36377716851642616,-0.15668919673134338,-0.20147177409306466
SINCERITIES,-0.21753975733000666,-0.14071699267007973,0.07108445933763911,0.09690767469668497,-0.28954045626493863
