,Clustering Coefficient,Global Efficiency,Local Efficiency,Shortest Path Length,Assortativity,Centralization
PIDC,0.5406273726273726,0.6355555555555555,0.6738072668072668,1.8333333333333333,0.10633178804060803,0.23731884057971014
GRNBOOST2,0.614034632034632,0.6377777777777778,0.7399891774891775,1.82,0.068494569559942,0.3278985507246377
PPCOR,0.38959129759129757,0.6527777777777778,0.5695928885928886,1.73,-0.01526841111410871,0.23731884057971014
SINCERITIES,0.39173204573204573,0.6483333333333333,0.5692086691086691,1.7566666666666666,-0.36622463331324134,0.3278985507246377
ground truth,0.4856949483265272,0.655,0.6965678833836729,1.7166666666666666,-0.183679195869603,0.5090579710144928
