,Clustering Coefficient,Assortativity,In Centralization
GRNBOOST2,0.6409603939073873,0.22662844230750953,-0.39999999999999997
SINCERITIES,-0.05927532815581527,11.7121795428349,1.055742911153119
