,Clustering Coefficient,Assortativity,In Centralization
GRNBOOST2,0.417053260052706,-0.0060289023520108745,0.13020833333333334
SINCERITIES,0.2390869960428623,0.08350796431362892,0.44612476370510395
ground truth,0.2541519354160864,-0.00779560909894245,0.2170138888888889
