,PageRank,Centrality,Betweenness,Radiality,Clustering Coefficient,Local Efficiency,Node Degrees
PIDC,-0.31999999999999995,-0.2888321774119736,-0.2976923076923077,-0.1799456023972229,-0.10490726429675426,-0.14777756671494785,-0.2888321774119736
GRNBOOST2,0.08076923076923077,0.07494637123904628,0.02846153846153846,0.22440256883609014,-0.05399161599539585,-0.07733743747595229,0.07494637123904628
PPCOR,-0.08615384615384615,-0.025851505272101703,-0.10384615384615385,-0.09706854684541212,-0.04243832213833091,-0.04273340462298878,-0.025851505272101703
SINCERITIES,-0.014618196077296816,0.030445987664095116,-0.058132846944552445,-0.025954012304904867,0.20065663914707088,0.15337205118441619,0.030445987664095116
