,Clustering Coefficient,Assortativity,In Centralization
GRNBOOST2,0.1629013246366196,0.0017667067469315755,-0.08680555555555555
SINCERITIES,-0.01506493937322409,0.09130357341257136,0.22911087481621506
