,Clustering Coefficient,Global Efficiency,Local Efficiency,Shortest Path Length,Assortativity,Centralization
PIDC,0.054932424300845384,-0.019444444444444486,-0.022760616576406156,0.1166666666666667,0.290010983910211,-0.27173913043478265
GRNBOOST2,0.12833968370810483,-0.01722222222222225,0.04342129410550455,0.1033333333333335,0.252173765429545,-0.1811594202898551
PPCOR,-0.09610365073522964,-0.0022222222222222365,-0.12697499479078433,0.01333333333333342,0.16841078475549429,-0.27173913043478265
SINCERITIES,-0.09396290259448148,-0.00666666666666671,-0.12735921427500385,0.040000000000000036,-0.18254543744363835,-0.1811594202898551
