,Clustering Coefficient,Global Efficiency,Local Efficiency,Shortest Path Length,Assortativity,Centralization
PIDC,2.0762994082552164,0.0481654417166262,1.1748727260128788,-0.041201467895097856,-8.020844406866006,3.3430220573077714
GRNBOOST2,1.8598145236866213,-0.01042611060743427,1.18040574057806,0.028622540250447293,-8.257356575184371,4.365079365079366
PPCOR,0.6023036152278131,-0.0009066183136898971,0.38360140345496685,0.0017889087656529931,-1.0433120763483537,3.174603174603175
SINCERITIES,0.7022421439659662,-0.0009066183136898971,0.40631567979808547,0.0017889087656529931,-2.919156044327334,3.5714285714285716
