,PageRank,Centrality,Betweenness,Radiality,Clustering Coefficient,Local Efficiency,Node Degrees
PIDC,0.15643595027174517,0.05968749305405776,0.19542339326439423,0.1141860772508188,0.04223097247492545,-0.011888154528308556,0.05968749305405776
GRNBOOST2,0.4668338449771951,0.4223444094099887,0.42290282602338436,0.4342582701508669,0.0197553441037265,-0.0470799829252334,0.4223444094099887
PPCOR,0.2123076923076923,0.15850043970985028,0.2169230769230769,0.22138325326220973,-0.2938563312895104,-0.35922148998338205,0.15850043970985028
SINCERITIES,0.2053846153846154,0.2076084283851098,0.19119061711622412,0.24732702886451416,0.018227728842137827,-0.17077877088364055,0.2076084283851098
