,Clustering Coefficient,Global Efficiency,Local Efficiency,Shortest Path Length,Assortativity,Centralization
PIDC,0.7714186992319985,0.642292490118577,0.836296099467455,1.7865612648221343,-0.5319551340986095,0.49567099567099565
GRNBOOST2,0.7171325372254165,0.6063888888888889,0.8384236899438138,1.9166666666666667,-0.5459021502025552,0.6123188405797102
PPCOR,0.40179670656141253,0.6122222222222222,0.5320313428401664,1.8666666666666667,-0.12049319338130804,0.47644927536231885
SINCERITIES,0.42685748238689414,0.6122222222222222,0.5407655830008771,1.8666666666666667,-0.23111086779489445,0.5217391304347826
ground truth,0.25076190476190474,0.6127777777777778,0.38452645502645505,1.8633333333333333,-0.05896954986760709,0.11413043478260869
