,Clustering Coefficient,Assortativity,In Centralization
GRNBOOST2,0.6474906863252247,0.20569090598631062,0.1909722222222222
SINCERITIES,0.2475526944034407,0.03172863165858707,0.5815972222222222
ground truth,0.14889710967291434,-0.06525769726379224,0.14756944444444445
