,Clustering Coefficient,Assortativity,In Centralization
GRNBOOST2,3.348577939139196,4.1519792240728775,0.29411764705882343
SINCERITIES,0.6625755526567663,1.4862051986040805,2.9411764705882355
