,PageRank,Out Centrality,Betweenness,Clustering Coefficient,Node In Degrees
GRNBOOST2,-0.2253907548058201,0.12938438298981142,0.12169772804259715,0.0989982801319893,-0.25626962394310826
SINCERITIES,0.042127890070376275,-0.1597237850115081,0.3425691099950868,0.005982250246956017,0.14356198748394683
