,Clustering Coefficient,Global Efficiency,Local Efficiency,Shortest Path Length,Assortativity,Centralization
PIDC,0.5206567944700937,0.029514712340799276,0.45176964444099993,-0.076772068511199,-0.4729855842310024,0.38154056088838695
GRNBOOST2,0.46637063246351174,-0.006388888888888888,0.4538972349173587,0.053333333333333455,-0.48693260033494806,0.4981884057971015
PPCOR,0.1510348017995078,-0.0005555555555555314,0.14750488781371135,0.0033333333333334103,-0.061523643513700946,0.36231884057971014
SINCERITIES,0.1760955776249894,-0.0005555555555555314,0.15623912797442202,0.0033333333333334103,-0.17214131792728737,0.4076086956521739
