,Clustering Coefficient,Assortativity,In Centralization
GRNBOOST2,0.4985935766523103,0.27094860325010284,0.04340277777777776
SINCERITIES,0.09865558473052635,0.09698632892237931,0.4340277777777778
