,PageRank,Out Centrality,Betweenness,Clustering Coefficient,Node In Degrees
GRNBOOST2,0.03153846153846154,0.29595856393235953,0.023892144542392395,-0.11413173919575914,0.10058059695764573
SINCERITIES,-0.04777715696140412,0.19476807414809755,-0.14538899499694166,-0.042112202733006664,0.06436460999672304
