,Clustering Coefficient,Assortativity,In Centralization
GRNBOOST2,1.4261957762291393,0.7210912213909663,0.3333333333333332
SINCERITIES,0.07376320560128687,-1.6145756908383113,1.380945179584121
