,Clustering Coefficient,Global Efficiency,Local Efficiency,Shortest Path Length,Assortativity,Centralization
PIDC,0.54601221001221,0.61,0.6611439671439671,1.97,0.24686310198985262,0.3007246376811594
GRNBOOST2,0.6140708180708181,0.6233333333333333,0.7963644873644875,1.8733333333333333,-0.03977774971587313,0.34601449275362317
PPCOR,0.4011168831168831,0.6272222222222222,0.571034151034151,1.8533333333333333,-0.0903903840909585,0.21014492753623187
SINCERITIES,0.31649230399230405,0.6500603864734299,0.5129521905563572,1.7681159420289856,-0.3277293903180061,0.20553359683794467
ground truth,0.31039227439227446,0.6427777777777778,0.486139157139157,1.7566666666666666,-0.08502669535421072,0.2554347826086957
