,Clustering Coefficient,Global Efficiency,Local Efficiency,Shortest Path Length,Assortativity,Centralization
PIDC,0.23561993561993555,-0.032777777777777795,0.17500481000481005,0.21333333333333337,0.3318897973440633,0.04528985507246375
GRNBOOST2,0.30367854367854363,-0.019444444444444486,0.3102253302253305,0.1166666666666667,0.04524894563833758,0.0905797101449275
PPCOR,0.09072460872460864,-0.015555555555555545,0.084894993894994,0.09666666666666668,-0.005363688736747779,-0.0452898550724638
SINCERITIES,0.006100029600029588,0.007282608695652115,0.026813033417200205,0.011449275362318989,-0.24270269496379537,-0.049901185770751005
