,Clustering Coefficient,Assortativity,In Centralization
GRNBOOST2,0.23432439346574913,0.045582154396996304,0.04340277777777776
SINCERITIES,0.012119316787146256,-0.10206175895951751,0.1798105702583491
