,Clustering Coefficient,Assortativity,In Centralization
GRNBOOST2,0.3986246931660488,-0.017630589074030166,0.1736111111111111
SINCERITIES,0.17641961648744595,-0.16527450243054398,0.31001890359168244
ground truth,0.1643002997002997,-0.06321274347102647,0.13020833333333334
