,Clustering Coefficient,Global Efficiency,Local Efficiency,Shortest Path Length,Assortativity,Centralization
PIDC,0.759103737621248,-0.05099394987035439,0.3599891254073883,0.12144212523719168,3.903359950206831,0.177304964539007
GRNBOOST2,0.9783701745577404,-0.030250648228176382,0.6381410048327555,0.0664136622390892,0.5321734009517372,0.354609929078014
PPCOR,0.29229016380076095,-0.024200518582541037,0.17463105501434203,0.055028462998102476,-0.06308240858242596,-0.1773049645390072
SINCERITIES,0.019652646355238716,0.011329901168689548,0.055155058018757766,0.006517614058246104,-2.8544293524842512,-0.19535783365570605
