,PageRank,Centrality,Betweenness,Radiality,Clustering Coefficient,Local Efficiency,Node Degrees
PIDC,0.15156761195934065,0.05987183054321172,-0.12002308358201597,0.06399122282543107,-0.20034745686420377,-0.31528280223074034,0.05987183054321172
GRNBOOST2,0.035391422081876504,0.05673356927542549,0.12244906129224364,0.17016363246196123,-0.1224648598728234,-0.1613341470469352,0.05673356927542549
PPCOR,0.013846153846153848,0.05100434823817565,-0.04577803508416634,0.0031086140547886337,0.09189191928919754,0.06511275425029354,0.05100434823817565
SINCERITIES,0.25130434782608696,0.25676436526576407,0.09001957159966595,-0.00945886859780345,-0.07170883283287302,-0.10576716073568514,0.25676436526576407
