,Clustering Coefficient,Global Efficiency,Local Efficiency,Shortest Path Length,Assortativity,Centralization
PIDC,0.7747907647907648,0.7111111111111111,0.8465311848645182,1.5904761904761904,-0.5393458777157345,0.4945054945054945
GRNBOOST2,0.5942073799216656,0.7435897435897436,0.7181534735106164,1.5274725274725274,-0.2963552443100435,0.41025641025641024
PPCOR,0.4593169793169793,0.7079365079365079,0.5961656244989578,1.6095238095238096,-0.13701578192252536,0.41208791208791207
SINCERITIES,0.2278884078884079,0.7079365079365079,0.34799663299663297,1.6095238095238096,-0.5929941618015012,0.41208791208791207
ground truth,0.4923905723905724,0.7095238095238096,0.673939393939394,1.6,-0.22839506172839538,0.4945054945054945
