,Clustering Coefficient,Assortativity,In Centralization
GRNBOOST2,0.625682442935515,-0.5064258367099559,-0.28094674556213023
SINCERITIES,-0.2399840883549674,1.877069580744237,0.6
