,Clustering Coefficient,Global Efficiency,Local Efficiency,Shortest Path Length,Assortativity,Centralization
PIDC,0.5735288371366053,0.002237136465324377,0.2560939343763084,-0.00595238095238107,-1.3614603294580774,0.0
GRNBOOST2,0.20678057875228864,0.04801239029426947,0.065605423824206,-0.045329670329670446,-0.2975553940061346,-0.17037037037037042
PPCOR,-0.06716942794623323,-0.002237136465324533,-0.1154017262380572,0.005952380952380931,0.4000930629338087,-0.16666666666666674
SINCERITIES,-0.5371795873710534,-0.002237136465324533,-0.48363808952837734,0.005952380952380931,-1.5963528165362988,-0.16666666666666674
