,Clustering Coefficient,Assortativity,In Centralization
GRNBOOST2,0.18152884243579465,-0.09465942510239406,-0.1433401763072093
SINCERITIES,-0.06962642831673088,0.3508555735322898,0.30612244897959184
