,Clustering Coefficient,Assortativity,In Centralization
GRNBOOST2,0.4716581955691758,-0.28157608345726415,0.3668639053254438
SINCERITIES,0.2205029248166503,0.16393891517741968,0.8163265306122449
ground truth,0.2901293531333812,-0.1869166583548701,0.5102040816326531
