,Clustering Coefficient,Global Efficiency,Local Efficiency,Shortest Path Length,Assortativity,Centralization
PIDC,0.28240019240019243,0.0015873015873015817,0.17259179092512422,-0.009523809523809712,-0.3109508159873391,0.0
GRNBOOST2,0.10181680753109323,0.034065934065934056,0.044214079571222475,-0.07252747252747271,-0.06796018258164813,-0.08424908424908428
PPCOR,-0.03307359307359309,-0.0015873015873016927,-0.07777376944043612,0.00952380952380949,0.09137927980587002,-0.08241758241758246
SINCERITIES,-0.26450216450216446,-0.0015873015873016927,-0.325942760942761,0.00952380952380949,-0.3645991000731058,-0.08241758241758246
