,PageRank,Out Centrality,Betweenness,Clustering Coefficient,Node In Degrees
GRNBOOST2,0.6307692307692307,-0.1672579498750949,0.3595375017948245,0.23920397790663434,0.3176640036932754
SINCERITIES,0.18807493307489917,0.3783798572889986,-0.06126916290641964,0.45669060450564075,0.17910796783196717
