,PageRank,Centrality,Betweenness,Radiality,Clustering Coefficient,Local Efficiency,Node Degrees
PIDC,0.023255851165142474,-0.025548508721181917,0.1997084340898414,0.05651779923442943,0.017963965692169633,0.014169341688546054,-0.025548508721181917
GRNBOOST2,0.3406593406593406,0.3652950164901891,0.2351648351648352,0.31697139263421553,0.36685105268530543,0.217679690900618,0.3652950164901891
PPCOR,0.15357142857142855,-0.0018416206261510132,0.06785714285714285,0.0027397363097821387,0.22826686278773992,0.24865350089766602,-0.0018416206261510132
SINCERITIES,0.09730124597112036,0.12764052106627216,0.20730699572419276,-0.035880402092391024,-0.11416901100168848,0.20163276124374835,0.12764052106627216
