,Clustering Coefficient,Assortativity,In Centralization
GRNBOOST2,0.4790443772284882,-0.11542590023892811,0.24305555555555555
SINCERITIES,0.4301937177386678,-0.21771359717342118,0.5357142857142857
ground truth,0.25849206349206344,-0.04295896228896739,0.07653061224489796
