,Clustering Coefficient,Assortativity,In Centralization
GRNBOOST2,0.8532266358854629,-1.68688753379342,2.1759259259259256
SINCERITIES,0.664243427542897,-4.067943580874946,5.999999999999999
