,PageRank,Centrality,Betweenness,Radiality,Clustering Coefficient,Local Efficiency,Node Degrees
PIDC,0.0900937462695559,0.10956262252231941,0.07387687194103584,0.13996541041791846,-0.12984218101673173,-0.19121883519589855,0.10956262252231941
GRNBOOST2,0.19856919071775495,0.1860814458275646,0.36054174167542297,0.17760650856180227,0.20825748003379912,0.2570569749336194,0.1860814458275646
PPCOR,0.4964285714285714,0.5381868279030945,0.37499999999999994,0.5691445630967079,0.15314304791883387,0.13321522768933194,0.5381868279030945
SINCERITIES,-0.06428571428571428,-0.027272267295710757,-0.30664287167039883,0.0028155277704517705,-0.24907106222840575,-0.24099979837267857,-0.027272267295710757
