,Clustering Coefficient,Global Efficiency,Local Efficiency,Shortest Path Length,Assortativity,Centralization
PIDC,0.5245535714285715,-0.05429864253393661,0.1839607081332698,0.152046783625731,0.9279291646647366,0.8823529411764707
GRNBOOST2,0.1651785714285715,-0.011312217194570253,-0.08521790125719314,0.029239766081871378,2.6776953979815,1.7647058823529413
PPCOR,0.08290816326530617,-0.009049773755656234,-0.00571784627790194,0.02339181286549713,1.2503974562798001,0.8823529411764707
SINCERITIES,0.4947240259740262,0.011312217194570094,0.20385765805990863,-0.029239766081871378,-3.003628779271808,4.411764705882352
