,PageRank,Out Centrality,Betweenness,Clustering Coefficient,Node In Degrees
GRNBOOST2,-0.07142857142857142,,0.5595453322016485,-0.1366871279378399,-0.009426833588458413
SINCERITIES,0.010921011245091974,,0.27532619068696584,-0.4593982563110102,-0.10788296300052579
