,Clustering Coefficient,Global Efficiency,Local Efficiency,Shortest Path Length,Assortativity,Centralization
PIDC,0.7588888888888888,0.6634920634920636,0.8545502645502645,1.8761904761904762,-0.009723842862694412,0.17582417582417584
GRNBOOST2,0.58,0.6936507936507936,0.6602645502645502,1.6761904761904762,0.2263557282990945,0.25824175824175827
PPCOR,0.539047619047619,0.6952380952380952,0.7176455026455026,1.6666666666666667,0.033783783783783036,0.17582417582417584
SINCERITIES,0.7440404040404041,0.7095238095238096,0.8689113355780023,1.5809523809523809,-0.5401721368858865,0.5054945054945055
ground truth,0.4977777777777777,0.7015873015873016,0.7217724867724867,1.6285714285714286,-0.13492063492063683,0.09340659340659341
