,Clustering Coefficient,Global Efficiency,Local Efficiency,Shortest Path Length,Assortativity,Centralization
PIDC,0.2611111111111111,-0.03809523809523807,0.13277777777777777,0.24761904761904763,0.12519679205794243,0.08241758241758243
GRNBOOST2,0.08222222222222225,-0.00793650793650802,-0.06150793650793651,0.04761904761904767,0.36127636321973133,0.16483516483516486
PPCOR,0.04126984126984129,-0.006349206349206438,-0.00412698412698409,0.03809523809523818,0.16870441870441988,0.08241758241758243
SINCERITIES,0.24626262626262635,0.007936507936507908,0.14713884880551553,-0.04761904761904767,-0.40525150196524967,0.41208791208791207
