,Clustering Coefficient,Assortativity,In Centralization
GRNBOOST2,0.22055231373642475,-0.07246693794996073,0.1665249433106576
SINCERITIES,0.17170165424660438,-0.17475463488445378,0.4591836734693877
