,Clustering Coefficient,Assortativity,In Centralization
GRNBOOST2,0.7476275402667049,0.15406223354784288,-0.7272727272727272
SINCERITIES,1.227881190705338,-0.3222720523825182,0.6363636363636362
