,PageRank,Centrality,Betweenness,Radiality,Clustering Coefficient,Local Efficiency,Node Degrees
PIDC,2.2203672787979967,2.2203672787979967,2.2203672787979967,2.2203672787979967,2.2203672787979967,2.2203672787979967,2.2203672787979967
GRNBOOST2,0.0,0.0,0.0,0.0,0.0,0.0,2.665121668597914
PPCOR,2.665121668597914,2.665121668597914,2.665121668597914,2.665121668597914,2.665121668597914,2.665121668597914,2.665121668597914
SINCERITIES,2.665121668597914,2.665121668597914,2.665121668597914,2.665121668597914,0.0,2.665121668597914,2.665121668597914
