,PageRank,Out Centrality,Betweenness,Clustering Coefficient,Node In Degrees
GRNBOOST2,0.2907446657633935,0.17857863198842264,0.07949984100047701,0.36780772832239844,0.06800640801679171
SINCERITIES,0.21515276131181518,-0.032739352386795616,0.24348237113371435,0.11247922584884688,0.06170813108829945
