,Clustering Coefficient,Global Efficiency,Local Efficiency,Shortest Path Length,Assortativity,Centralization
PIDC,0.37689573824867934,0.05999999999999994,0.2147844635911863,-0.0971428571428572,-0.07464594465733013,-0.08188405797101445
GRNBOOST2,0.23174331550802124,-0.018611111111111023,0.15981158928217765,0.13000000000000012,-0.24021036214478783,0.0
PPCOR,0.008381918734859883,-0.010000000000000009,-0.00923837600308175,0.06000000000000005,0.1478169739531212,-0.18115942028985504
SINCERITIES,0.32623303493891725,0.005555555555555647,0.24809906651083136,-0.033333333333333215,-0.28881798072827647,0.18115942028985504
