,Clustering Coefficient,Assortativity,In Centralization
GRNBOOST2,0.15852468527294764,0.009881592993546323,-0.3472222222222222
SINCERITIES,0.26035621860545377,-0.020670615903085318,0.3038194444444444
