,Clustering Coefficient,Assortativity,In Centralization
GRNBOOST2,0.37056166456399453,-0.05425867529925152,0.13020833333333334
SINCERITIES,0.4723931978965007,-0.08481088419588316,0.78125
ground truth,0.2120369792910469,-0.06414026829279784,0.4774305555555556
