,Clustering Coefficient,Global Efficiency,Local Efficiency,Shortest Path Length,Assortativity,Centralization
PIDC,0.7559190809190809,0.7055555555555555,0.7965354751069036,1.6428571428571428,-0.29609712288598444,0.4
GRNBOOST2,0.6107666581784228,0.6269444444444445,0.7415626007978949,1.87,-0.46166154037344215,0.48188405797101447
PPCOR,0.38740526140526144,0.6355555555555555,0.5725126355126355,1.8,-0.0736342042755331,0.3007246376811594
SINCERITIES,0.7052563776093188,0.6511111111111112,0.8298500780265486,1.7066666666666668,-0.5102691589569308,0.6630434782608695
ground truth,0.37902334267040155,0.6455555555555555,0.5817510115157173,1.74,-0.22145117822865432,0.48188405797101447
