,Clustering Coefficient,Global Efficiency,Local Efficiency,Shortest Path Length,Assortativity,Centralization
PIDC,0.9943866137459181,0.09294320137693622,0.3692034209473539,-0.055829228243021375,-0.33707630392580784,-0.1699248120300751
GRNBOOST2,0.6114222777818333,-0.028829604130808813,0.2747078838175084,0.07471264367816098,-1.0847102465933334,0.0
PPCOR,0.022114518530191935,-0.015490533562822734,-0.01588029211846442,0.03448275862068969,0.6674923797447408,-0.37593984962406013
SINCERITIES,0.860720167366075,0.008605851979346097,0.42646950602530825,-0.019157088122605297,-1.3042061145868644,0.37593984962406013
