,PageRank,Centrality,Betweenness,Radiality,Clustering Coefficient,Local Efficiency,Node Degrees
PIDC,0.2855302154058356,0.2705425912130749,0.3048108935207207,0.18839614251744846,0.06676250626458917,-0.05281247155334864,0.2705425912130749
GRNBOOST2,0.21431321324737926,0.24660574595778162,0.22688778859490272,0.41372933959884517,0.11525110269813679,-0.008098756853593105,0.24660574595778162
PPCOR,0.27384615384615385,0.3067653411644756,0.25,0.45167226145982586,0.05976479771756657,0.058902818427261756,0.3067653411644756
SINCERITIES,0.20773226004579687,0.23779998652761733,0.27368818382247617,0.32485959879692844,0.23929095112296245,0.12778617316855123,0.23779998652761733
