,PageRank,Centrality,Betweenness,Radiality,Clustering Coefficient,Local Efficiency,Node Degrees
PIDC,0.1280495813743173,0.025794107751137895,0.3195133241945505,0.32749301642544154,0.18654034964857827,0.14194869383934514,0.025794107751137895
GRNBOOST2,0.1969568428569869,0.19987511706556307,0.15978687778579387,0.2502885646933054,0.2833114435076814,0.28752307408105904,0.19987511706556307
PPCOR,0.20732805419115252,0.02597621667330656,0.14477217577140825,-0.16144364213798218,0.2188234027302809,0.28468884379240367,0.02597621667330656
SINCERITIES,0.26809662179890414,0.23494419924401153,0.11617520277952513,-0.16623401784555578,0.12772653975196308,0.2592310681129155,0.23494419924401153
