,PageRank,Out Centrality,Betweenness,Clustering Coefficient,Node In Degrees
GRNBOOST2,0.3714285714285714,,0.07506705410369317,0.20994981959197043,0.16782927833565472
SINCERITIES,0.49646941127588373,,0.3408907194293168,0.12772653975196308,0.41418606267951413
