,Clustering Coefficient,Assortativity,In Centralization
GRNBOOST2,0.3798803418803419,0.08063452836103786,0.15306122448979592
SINCERITIES,0.28707977207977203,0.12611402420727366,0.6887755102040817
ground truth,0.26873015873015865,-0.22733144649015768,0.07653061224489796
