,Clustering Coefficient,Assortativity,In Centralization
GRNBOOST2,0.41361261302194613,1.3547002828072399,1.0
SINCERITIES,0.06828267224014432,1.5547583766099593,8.0
