,Clustering Coefficient,Global Efficiency,Local Efficiency,Shortest Path Length,Assortativity,Centralization
PIDC,0.8114285714285714,0.6507936507936507,0.9001587301587304,2.0,-0.11801242236024719,0.08241758241758242
GRNBOOST2,0.7680952380952379,0.6761904761904762,0.8773544973544977,1.8095238095238095,-0.07451093210587402,0.16483516483516483
PPCOR,0.6462962962962963,0.7,0.7917636684303351,1.6571428571428573,-0.11513534121235353,0.32967032967032966
SINCERITIES,0.5741595441595441,0.7047619047619048,0.7260826210826211,1.6285714285714286,-0.3568666387959863,0.5769230769230769
ground truth,0.5374603174603173,0.7031746031746031,0.7500000000000001,1.638095238095238,-0.23595505617976933,0.08241758241758242
