,Clustering Coefficient,Global Efficiency,Local Efficiency,Shortest Path Length,Assortativity,Centralization
PIDC,0.5097460129946844,-0.07449209932279915,0.20021164021164034,0.22093023255813957,0.4998521147589398,0.0
GRNBOOST2,0.42911990549320744,-0.03837471783295698,0.16980599647266337,0.10465116279069771,0.6842155734560497,1.0
PPCOR,0.2025004922228788,-0.004514672686230232,0.055684891240446614,0.011627906976744281,0.5120454586714418,3.0
SINCERITIES,0.06828267224014432,0.002257336343115274,-0.031889838556505325,-0.005813953488372072,-0.512434802516361,6.0
