,Clustering Coefficient,Global Efficiency,Local Efficiency,Shortest Path Length,Assortativity,Centralization
PIDC,0.2739682539682541,-0.05238095238095242,0.15015873015873027,0.36190476190476195,0.11794263381952215,0.0
GRNBOOST2,0.23063492063492064,-0.026984126984126888,0.12735449735449755,0.17142857142857149,0.1614441240738953,0.08241758241758242
PPCOR,0.10883597883597895,-0.0031746031746031633,0.041763668430334966,0.019047619047619202,0.12081971496741581,0.24725274725274726
SINCERITIES,0.03669922669922676,0.0015873015873016927,-0.023917378917378995,-0.00952380952380949,-0.12091158261621696,0.49450549450549447
