,Clustering Coefficient,Assortativity,In Centralization
GRNBOOST2,0.11115018315018327,0.30796597485119553,0.07653061224489796
SINCERITIES,0.01834961334961338,0.3534454706974314,0.6122448979591837
