,Clustering Coefficient,Global Efficiency,Local Efficiency,Shortest Path Length,Assortativity,Centralization
PIDC,0.13783796595561304,-0.040555555555555456,0.06884629749335625,0.2533333333333334,0.6268898407980864,-0.22644927536231885
GRNBOOST2,0.01807940567531363,0.008781291172595518,0.015576178723237577,0.05803689064558637,0.43754750507538354,-0.17814793901750425
PPCOR,0.03258219857484557,-0.0024999999999999467,0.020347102244161253,0.06956521739130439,0.1181686795388289,-0.08629776021080365
SINCERITIES,0.2268262516823899,0.016521739130434754,0.15184592601440428,-0.046376811594202705,-0.19765643729582916,0.24571805006587616
