,Clustering Coefficient,Global Efficiency,Local Efficiency,Shortest Path Length,Assortativity,Centralization
PIDC,0.620950604950605,0.6077777777777779,0.749105302105302,1.97,0.2901508193229748,0.25905797101449274
GRNBOOST2,0.5011920446703055,0.6571146245059288,0.6958351833351833,1.774703557312253,0.10080848360027195,0.30735930735930733
PPCOR,0.5156948375698375,0.6458333333333334,0.700606106856107,1.786231884057971,-0.2185703419362827,0.39920948616600793
SINCERITIES,0.7099388906773818,0.6648550724637681,0.83210493062635,1.6702898550724639,-0.5343954587709407,0.7312252964426877
ground truth,0.4831126389949919,0.6483333333333333,0.6802590046119458,1.7166666666666666,-0.3367390214751116,0.4855072463768116
