,PageRank,Centrality,Betweenness,Radiality,Clustering Coefficient,Local Efficiency,Node Degrees
PIDC,0.0,0.0,0.0,0.0,0.0,0.0,0.0
GRNBOOST2,0.0,0.0,2.4427586206896557,0.0,0.0,0.0,0.0
PPCOR,2.5539432176656156,2.5539432176656156,2.5539432176656156,2.5539432176656156,0.0,0.0,2.5539432176656156
SINCERITIES,2.5539432176656156,2.5539432176656156,2.5539432176656156,2.5539432176656156,0.0,0.0,2.5539432176656156
