,Clustering Coefficient,Assortativity,In Centralization
GRNBOOST2,0.1552261682905452,0.11723107810131939,-0.04757805325987144
SINCERITIES,0.12313486438076765,0.27174545056659793,0.6808312329342576
