,Clustering Coefficient,Assortativity,In Centralization
GRNBOOST2,0.45127870518480273,0.07523686569158326,0.12603305785123967
SINCERITIES,0.4191874012750252,0.2297512381568618,0.8544423440453687
ground truth,0.29605253689425753,-0.04199421240973612,0.1736111111111111
