,PageRank,Centrality,Betweenness,Radiality,Clustering Coefficient,Local Efficiency,Node Degrees
PIDC,0.15926139936844427,0.06276887456938983,0.14937442336684364,0.006018281659899681,-0.04324324324324324,-0.14481034575112242,0.06276887456938983
GRNBOOST2,0.10375494071146245,0.08565784571219684,0.17943648047454275,0.0421972652715766,-0.09144983940239963,-0.31240735403553316,0.08565784571219684
PPCOR,0.18,0.11130717102955506,0.2637650181309678,0.005475270770519085,0.0010921804081635007,-0.054660299483236204,0.11130717102955506
SINCERITIES,0.13658113514765877,0.10360865324745251,0.13882060971743007,0.155477168300181,0.11821406814190884,0.12412705969397649,0.10360865324745251
