,PageRank,Out Centrality,Betweenness,Clustering Coefficient,Node In Degrees
GRNBOOST2,-0.09980237154150197,-0.032143062137529564,-0.06990587801816071,0.03361344948483585,-0.29297079279592836
SINCERITIES,0.19680012217811227,0.20630341429888432,0.185315668051846,-0.01656856687471517,0.30949526410642403
