,Clustering Coefficient,Assortativity,In Centralization
GRNBOOST2,0.5243196694713278,2.7916008272163717,-0.2740495867768595
SINCERITIES,0.4159223415969183,6.47102148065516,3.921587901701324
