,Clustering Coefficient,Global Efficiency,Local Efficiency,Shortest Path Length,Assortativity,Centralization
PIDC,0.5844588744588745,0.6227777777777778,0.6801700336700337,1.9433333333333334,-0.09122954259337031,0.36594202898550726
GRNBOOST2,0.7333154623154624,0.6131666666666666,0.8305893735893736,2.0366666666666666,0.03531713344316293,0.36594202898550726
PPCOR,0.5625070485070485,0.6369444444444444,0.6944063936063933,1.84,0.08472672822560368,0.2753623188405797
SINCERITIES,0.31320196687843743,0.6630434782608695,0.49915476793540514,1.7391304347826086,-0.25039469529523134,0.4150197628458498
ground truth,0.6390476190476189,0.6094444444444445,0.8129365079365077,2.0033333333333334,-0.07608695652174788,0.0036231884057971015
