,PageRank,Centrality,Betweenness,Radiality,Clustering Coefficient,Local Efficiency,Node Degrees
PIDC,0.3181467181467181,0.21610611669215005,0.07640102126576757,0.20521640912311925,-0.11665052088498906,-0.05740887895034005,0.21610611669215005
GRNBOOST2,0.24359258069661113,0.26818778424275264,0.11169925341875614,0.31753229510626807,0.2178099873376413,0.22855785038188556,0.26818778424275264
PPCOR,0.07283250513729295,0.24789790691694522,-0.045015862575814525,0.24621199855048215,-0.22235239876909935,-0.2973404634695085,0.24789790691694522
SINCERITIES,0.13940344799905965,0.010946572453247507,-0.19899765968391556,0.03280370493816332,-0.13159876388836003,-0.11573257741224081,0.010946572453247507
