,Clustering Coefficient,Assortativity,In Centralization
GRNBOOST2,0.2778804000101733,0.06636836767603764,0.2890071945213912
SINCERITIES,-0.16382762195139647,0.2189584230546133,0.5388278460407477
