,Clustering Coefficient,Global Efficiency,Local Efficiency,Shortest Path Length,Assortativity,Centralization
PIDC,-0.05458874458874441,0.013333333333333308,-0.13276647426647403,-0.06000000000000005,-0.01514258607162243,0.36231884057971014
GRNBOOST2,0.09426784326784354,0.0037222222222221824,0.017652865652865835,0.033333333333333215,0.1114040899649108,0.36231884057971014
PPCOR,-0.0765405705405704,0.02749999999999997,-0.1185301143301144,-0.16333333333333333,0.16081368474735155,0.2717391304347826
SINCERITIES,-0.32584565216918143,0.05359903381642506,-0.3137817400011026,-0.26420289855072476,-0.17430773877348346,0.4113965744400527
