,PageRank,Out Centrality,Betweenness,Clustering Coefficient,Node In Degrees
GRNBOOST2,-0.2113576682000104,,0.1920905181081933,-0.2941311733448484,-0.43256281844410943
SINCERITIES,0.40263830319780697,,0.16047297685919615,0.3314067870445461,0.08535791995526398
