,Clustering Coefficient,Assortativity,In Centralization
GRNBOOST2,0.8573335444901607,4437557256200.525,6.658725761772853
SINCERITIES,-0.5054509631044244,14640115058653.693,12.414593572778829
