,Clustering Coefficient,Global Efficiency,Local Efficiency,Shortest Path Length,Assortativity,Centralization
PIDC,-0.08542202953529307,0.02187784867821327,-0.16331715081104883,-0.029950083194675566,-0.19901684551272905,100.0
GRNBOOST2,0.1475130185264318,0.006107566089334483,0.021714937735635025,0.01663893510815302,1.4641680395386594,100.0
PPCOR,-0.11977287491445446,0.045123062898814896,-0.1458048853421304,-0.08153078202995008,2.1135512852506633,75.0
SINCERITIES,-0.50989260026474,0.0879473663350639,-0.3859855436897289,-0.13188164653114381,-2.290901709594091,113.54545454545453
