,Clustering Coefficient,Assortativity,In Centralization
GRNBOOST2,0.6020020931318664,0.06636836767602268,0.33240997229916897
SINCERITIES,0.16029407117029662,0.21895842305459834,0.5822306238185255
ground truth,0.3241216931216931,-1.495605889553362e-14,0.043402777777777776
