,PageRank,Centrality,Betweenness,Radiality,Clustering Coefficient,Local Efficiency,Node Degrees
PIDC,0.39469129408701403,0.32145147706872707,0.44247790885904154,0.3785815841502401,0.3839450270127857,0.2753706964208826,0.32145147706872707
GRNBOOST2,0.15153846153846154,0.14051383399209486,-0.01923076923076923,-0.16640867861494266,-0.13789785439437735,-0.34445547302043983,0.14051383399209486
PPCOR,-0.09076923076923075,-0.12667517618964116,-0.11923076923076922,-0.07105427610363932,0.028665659942923964,0.028109359034228208,-0.12667517618964116
SINCERITIES,0.12310059854565739,0.08295986926605002,0.040423502842238467,-0.005857108954541199,0.014152810693664114,-0.14225139154867578,0.08295986926605002
