,Clustering Coefficient,Global Efficiency,Local Efficiency,Shortest Path Length,Assortativity,Centralization
PIDC,0.27912265512265516,-0.07250000000000001,0.1861382876382881,0.5333333333333334,0.48625260326890984,-0.1358695652173913
GRNBOOST2,0.2192467532467533,-0.025277777777777732,0.18484006734006764,0.1566666666666665,-0.07618830074708463,-0.1358695652173913
PPCOR,0.053082251082251064,-0.008333333333333415,0.006016786916787087,0.04999999999999982,0.14834796582285625,-0.1358695652173913
SINCERITIES,0.09376827832582313,0.01388888888888895,0.10595197068726481,-0.08333333333333348,-0.3374942575534411,0.3623188405797102
