,Clustering Coefficient,Global Efficiency,Local Efficiency,Shortest Path Length,Assortativity,Centralization
PIDC,0.7861555468851609,-0.11377506538796862,0.3309374143487478,0.2990654205607477,4.531050555870557,-0.38860103626943004
GRNBOOST2,0.6175136558720252,-0.039668700959023466,0.3286292934661542,0.08785046728971953,-0.7099459008140252,-0.38860103626943004
PPCOR,0.14950741318767066,-0.01307759372275514,0.010697315045673134,0.028037383177569992,1.3823517416362114,-0.38860103626943004
SINCERITIES,0.26410056931897613,0.02179598953792512,0.1883732340577591,-0.046728971962616904,-3.14487476881425,1.0362694300518136
