,Clustering Coefficient,Assortativity,In Centralization
GRNBOOST2,1.510690814138362,1.292477352404006,0.0
SINCERITIES,0.11408945082291942,2.5914632392146135,3.7500000000000004
