,Clustering Coefficient,Assortativity,In Centralization
GRNBOOST2,0.2991416180015532,0.15492962162399554,0.0
SINCERITIES,0.022591586972442484,0.3106394230871704,0.6510416666666667
