,PageRank,Out Centrality,Betweenness,Clustering Coefficient,Node In Degrees
GRNBOOST2,-0.1804193147434791,0.11155299484807556,-0.026543566561407377,-0.1986886412743041,0.04625479487280112
SINCERITIES,0.2525083527317622,0.20356595288109877,0.09341320783090726,0.0017354436383513426,0.3000589769194306
