,Clustering Coefficient,Global Efficiency,Local Efficiency,Shortest Path Length,Assortativity,Centralization
PIDC,0.6341702741702742,0.5647222222222222,0.7485959595959599,2.316666666666667,0.3789369604012956,0.213768115942029
GRNBOOST2,0.5742943722943723,0.6119444444444445,0.7472977392977395,1.94,-0.1835039436146989,0.213768115942029
PPCOR,0.40812987012987006,0.6288888888888888,0.5684744588744589,1.8333333333333333,0.04103232295524199,0.213768115942029
SINCERITIES,0.44881589737344213,0.6511111111111112,0.6684096426449366,1.7,-0.44480990042105534,0.7119565217391305
ground truth,0.355047619047619,0.6372222222222222,0.5624576719576718,1.7833333333333334,-0.10731564286761427,0.3496376811594203
