,Clustering Coefficient,Assortativity,In Centralization
GRNBOOST2,0.4971580586934043,0.035059342012653295,0.1736111111111111
SINCERITIES,0.22060802766429358,0.19076914347582816,0.8246527777777778
ground truth,0.1980164406918511,-0.11987027961134225,0.1736111111111111
