,Clustering Coefficient,Assortativity,In Centralization
GRNBOOST2,0.6498246100458728,-9186140767413.887,1.0
SINCERITIES,-0.3009153631664237,61499501260232.414,11.000000000000002
