,PageRank,Centrality,Betweenness,Radiality,Clustering Coefficient,Local Efficiency,Node Degrees
PIDC,-0.2235045242344592,-0.12210548744100962,-0.1996537832662381,-0.36392854069727154,0.006438239195082859,0.056944535711483876,-0.12210548744100962
GRNBOOST2,-0.07887649679661175,-0.0761400781244238,-0.02962678172360539,-0.1664704473101404,0.07494659030924569,0.15891674607149187,-0.0761400781244238
PPCOR,-0.15307692307692308,-0.30227650424918,-0.1523076923076923,-0.23729278310347143,-0.02871265498312228,-0.08136500946693738,-0.30227650424918
SINCERITIES,-0.0723076923076923,0.07644851740804401,-0.1632025117925543,-0.06516761831287783,-0.11003536078868886,-0.07151253573217134,0.07644851740804401
