,PageRank,Out Centrality,Betweenness,Clustering Coefficient,Node In Degrees
GRNBOOST2,-0.43461538461538457,,-0.15502981629343726,0.04908788683058418,0.11792485627953748
SINCERITIES,-0.11942168338094411,,0.19779614182248909,-0.12115332723874597,0.2979661378080959
