,Clustering Coefficient,Global Efficiency,Local Efficiency,Shortest Path Length,Assortativity,Centralization
PIDC,-0.006961038961038835,0.0050000000000000044,-0.016705146705146445,-0.030000000000000027,-0.05345642280664362,0.1358695652173913
GRNBOOST2,0.01081518481518473,0.007222222222222241,-0.012697173197173006,-0.043333333333333224,-0.0646393440389805,0.18115942028985507
PPCOR,-0.12257142857142855,0.01777777777777778,-0.061128123728123596,-0.10666666666666669,-0.07563427726664446,0.18115942028985507
SINCERITIES,-0.15276780082662444,0.016111111111111076,-0.19357210654269474,-0.09666666666666668,-0.2910364730678927,0.4076086956521739
