,Clustering Coefficient,Global Efficiency,Local Efficiency,Shortest Path Length,Assortativity,Centralization
PIDC,0.5651024531024532,0.6377777777777778,0.7395594035594037,1.8333333333333333,-0.09112429047776738,0.18478260869565216
GRNBOOST2,0.5828786768786768,0.64,0.7435673770673772,1.82,-0.10230721171010425,0.23007246376811594
PPCOR,0.4494920634920635,0.6505555555555556,0.6951364265364266,1.7566666666666666,-0.1133021449377682,0.23007246376811594
SINCERITIES,0.4192956912368676,0.6488888888888888,0.5626924437218555,1.7666666666666666,-0.32870434073901644,0.45652173913043476
ground truth,0.572063492063492,0.6327777777777778,0.7562645502645502,1.8633333333333333,-0.037667867671123755,0.04891304347826087
