,Clustering Coefficient,Assortativity,In Centralization
GRNBOOST2,0.18671283306106412,-0.03425342128903184,0.043402777777777776
SINCERITIES,-0.08646142220504041,0.22932027486501644,0.4774305555555556
