,Clustering Coefficient,Global Efficiency,Local Efficiency,Shortest Path Length,Assortativity,Centralization
PIDC,-0.012168297850872548,0.00790166812993855,-0.022089025195353648,-0.01610017889087658,-1.4191518159023215,2.7777777777777777
GRNBOOST2,0.018905567240750223,0.011413520632133481,-0.01678932748167475,-0.023255813953488313,-1.7160340639226872,3.7037037037037037
PPCOR,-0.21426193118756934,0.02809482001755927,-0.08082902167864442,-0.05724508050089447,-2.0079256390885596,3.7037037037037037
SINCERITIES,-0.26704693263255663,0.025460930640913027,-0.25595819144898563,-0.051878354203935606,-7.726385671971597,8.333333333333332
