,Clustering Coefficient,Assortativity,In Centralization
GRNBOOST2,0.47404087538910644,-0.03425342128902811,0.08680555555555555
SINCERITIES,0.2008666201230019,0.22932027486502016,0.5208333333333334
ground truth,0.2873280423280423,3.728815196316111e-15,0.043402777777777776
