,Clustering Coefficient,Assortativity,In Centralization
GRNBOOST2,0.3051504838875011,-0.053504003211179804,0.21701388888888887
SINCERITIES,-0.020814617844029604,0.03027519549030947,0.6076388888888888
