,Clustering Coefficient,Assortativity,In Centralization
GRNBOOST2,0.6014573621943794,-0.12217423790776515,0.3472222222222222
SINCERITIES,0.2754922604628487,-0.03839503920627587,0.7378472222222222
ground truth,0.2963068783068783,-0.06867023469658534,0.13020833333333334
