,Clustering Coefficient,Global Efficiency,Local Efficiency,Shortest Path Length,Assortativity,Centralization
PIDC,0.7101532234535329,0.6363888888888889,0.8476031946725443,1.8333333333333333,-0.15080135464526784,0.5543478260869565
GRNBOOST2,0.7055226995226996,0.6355555555555555,0.850124986124986,1.8333333333333333,-0.2078420982911652,0.37318840579710144
PPCOR,0.4166944166944166,0.6344444444444445,0.5870968290968291,1.84,0.15968942239015615,0.2826086956521739
SINCERITIES,0.5025700704524233,0.6555555555555556,0.6852497255467843,1.7133333333333334,-0.4416135881104033,0.5996376811594203
ground truth,0.5756825396825397,0.6255555555555555,0.7589021164021166,1.8933333333333333,-0.0797773654916541,0.10144927536231885
