,Clustering Coefficient,Global Efficiency,Local Efficiency,Shortest Path Length,Assortativity,Centralization
PIDC,0.23358478762469875,0.01731793960923628,0.11688078917338006,-0.03169014084507045,-0.8902774454371261,4.464285714285714
GRNBOOST2,0.2255412504116598,0.01598579040852577,0.12020373609622864,-0.03169014084507045,-1.6052765343938138,2.6785714285714284
PPCOR,-0.276173258747429,0.014209591474245208,-0.2263866229808399,-0.02816901408450699,3.0016883411230477,1.7857142857142854
SINCERITIES,-0.1270013665351641,0.04795737122557731,-0.09705123923558324,-0.09507042253521124,-4.535574976546482,4.910714285714286
