,Clustering Coefficient,Global Efficiency,Local Efficiency,Shortest Path Length,Assortativity,Centralization
PIDC,0.13447068377099325,0.010833333333333361,0.08870107827042772,-0.06000000000000005,-0.07102398915361374,0.4528985507246377
GRNBOOST2,0.12984015984015995,0.010000000000000009,0.09122286972286942,-0.06000000000000005,-0.1280647327995111,0.2717391304347826
PPCOR,-0.1589881229881231,0.008888888888888946,-0.17180528730528744,-0.05333333333333323,0.23946678788181025,0.18115942028985504
SINCERITIES,-0.07311246923011638,0.030000000000000027,-0.07365239085533226,-0.17999999999999994,-0.3618362226187492,0.49818840579710144
