,PageRank,Centrality,Betweenness,Radiality,Clustering Coefficient,Local Efficiency,Node Degrees
PIDC,0.2934384806396315,0.24826032936005887,0.39722219901985717,0.2802903145264997,0.2978350422102016,0.2560548006128265,0.24826032936005887
GRNBOOST2,-0.05461538461538461,-0.0957896592138354,-0.10697133701632795,0.0009887841933478327,-0.17930815066821923,-0.28027182063941186,-0.0957896592138354
PPCOR,-0.023076923076923078,-0.03641426986614365,-0.19307692307692306,-0.15714050865193543,-0.2311453049461579,-0.2704839473027404,-0.03641426986614365
SINCERITIES,0.2323076923076923,0.16125120114913763,0.29544143650957777,0.27757569346749106,0.1502052610077076,0.07894230236749454,0.16125120114913763
