,PageRank,Out Centrality,Betweenness,Clustering Coefficient,Node In Degrees
GRNBOOST2,-0.33455260923719254,,-0.11976674832811883,-0.07363768743013994,-0.23965238118063056
SINCERITIES,-0.014269202230854846,,0.03853373177942262,0.14144753789409303,0.17430387990760327
