,Clustering Coefficient,Assortativity,In Centralization
GRNBOOST2,1.0298461029023553,-0.7791440272132973,1.6666666666666663
SINCERITIES,-0.07024682640837104,0.4408779964722462,4.666666666666666
