,Clustering Coefficient,Global Efficiency,Local Efficiency,Shortest Path Length,Assortativity,Centralization
PIDC,0.8265119613516585,0.37662337662337647,0.4590097908274135,-0.3005671077504726,0.0964023640082191,-0.31851851851851853
GRNBOOST2,0.19879908751072342,0.009787314135140127,0.12565724605438788,0.008876469137831739,-0.6124715849909266,-0.2323232323232324
PPCOR,-0.31222830767111037,-0.013419913419913613,-0.2550053032896258,0.030245746691871397,2.0897182978677664,-0.5787037037037037
SINCERITIES,0.1854602145541596,0.002597402597402484,0.08496664054324705,-0.005671077504725903,-0.8173397637406795,0.5787037037037035
