,PageRank,Out Centrality,Betweenness,Clustering Coefficient,Node In Degrees
GRNBOOST2,-0.08052232401687963,0.20272744200421178,0.03390816491412975,0.12121871886622092,-0.2199389610334491
SINCERITIES,-0.09616380560700842,-0.3546629598032921,0.12764376226609897,0.16302966012802556,-0.1274935488323233
