,Clustering Coefficient,Global Efficiency,Local Efficiency,Shortest Path Length,Assortativity,Centralization
PIDC,0.3728744172494172,0.24166666666666659,0.28692113210863224,-0.53,0.01676958571406334,-0.12463768115942031
GRNBOOST2,0.08968665593665598,0.006280193236714915,0.07854673258839928,0.0156521739130433,-0.10654193854683786,-0.09090909090909094
PPCOR,-0.14085936285936296,-0.008611111111111236,-0.1594005439005438,0.05333333333333323,0.36351504939601154,-0.22644927536231885
SINCERITIES,0.08366892756366445,0.0016666666666665941,0.05311155705892556,-0.010000000000000009,-0.14217959659571228,0.2264492753623188
