,Clustering Coefficient,Assortativity,In Centralization
GRNBOOST2,0.6061345517767037,1.9890477402480895,-0.44567795153806505
SINCERITIES,0.4901207775001713,1.3618375230037747,0.5454545454545453
