,Clustering Coefficient,Assortativity,In Centralization
GRNBOOST2,0.3805355378010133,0.06733990134084576,0.2646502835538752
SINCERITIES,0.35304882198519955,0.024635922118762733,0.7378472222222222
ground truth,0.2369263131660205,-0.0680855924345517,0.4774305555555556
