,Clustering Coefficient,Assortativity,In Centralization
GRNBOOST2,0.1436092246349928,0.13542549377539748,-0.21278027200168037
SINCERITIES,0.11612250881917904,0.09272151455331443,0.26041666666666663
