,Clustering Coefficient,Global Efficiency,Local Efficiency,Shortest Path Length,Assortativity,Centralization
PIDC,0.19643578643578657,-0.014444444444444371,0.18199615199615216,0.08666666666666667,-0.08887413906195986,-0.045289855072463775
GRNBOOST2,0.1746435786435786,-0.025555555555555443,0.14228354978354973,0.15666666666666673,0.24430807487365225,-0.045289855072463775
PPCOR,0.009116883116883134,-0.008333333333333304,-0.014010101010100862,0.050000000000000044,0.1477557128985814,-0.045289855072463775
SINCERITIES,0.0336450216450217,-0.016111111111110965,-0.020691438191437983,0.10000000000000009,-0.30981534017559875,0.1811594202898551
