,PageRank,Out Centrality,Betweenness,Clustering Coefficient,Node In Degrees
GRNBOOST2,0.20173913043478262,-0.12108446337943102,0.5521739130434782,0.05136017531854244,0.29223445296387035
SINCERITIES,-0.1653567439085156,-0.17370406154826107,0.16980248839064252,0.030456739717901107,0.018934934080366804
