,Clustering Coefficient,Assortativity,In Centralization
GRNBOOST2,0.3650084314854615,0.1030358920220485,0.1285444234404537
SINCERITIES,0.19332065011012378,0.043254089700698876,0.4774305555555556
ground truth,0.15549963301126088,-0.09562557423327196,0.1736111111111111
