,Clustering Coefficient,Global Efficiency,Local Efficiency,Shortest Path Length,Assortativity,Centralization
PIDC,0.4990216450216451,0.6377777777777778,0.6907931697931698,1.8066666666666666,-0.16763504022474868,0.1539855072463768
GRNBOOST2,0.4772294372294371,0.6266666666666667,0.6510805675805674,1.8766666666666667,0.16554717371086342,0.1539855072463768
PPCOR,0.31170274170274165,0.6438888888888888,0.49478691678691683,1.77,0.06899481173579257,0.1539855072463768
SINCERITIES,0.3362308802308802,0.6361111111111112,0.4881055796055797,1.82,-0.3885762413383876,0.3804347826086957
ground truth,0.3025858585858585,0.6522222222222221,0.5087970177970177,1.72,-0.07876090116278882,0.19927536231884058
