,Clustering Coefficient,Assortativity,In Centralization
GRNBOOST2,1.3473266426231922,2.0774930540097944,-0.2595841209829867
SINCERITIES,0.24322254893118625,1.4523276335594442,1.7500000000000002
