,PageRank,Centrality,Betweenness,Radiality,Clustering Coefficient,Local Efficiency,Node Degrees
PIDC,0.18923076923076923,0.2460874603444559,0.3623076923076923,0.2823622295089321,0.10598455598455599,0.11434076518233163,0.2460874603444559
GRNBOOST2,0.3239707819646199,0.3414814732283927,0.3697576264465556,0.6463137016650196,0.18815130695045493,0.1970367848010479,0.3414814732283927
PPCOR,0.002307692307692308,0.04825772760641378,-0.021538461538461538,0.0915836907787086,0.1173952974053282,0.10504040792914639,0.04825772760641378
SINCERITIES,0.07923076923076922,0.12471501339695595,-0.03192921774777989,0.21395076201641267,-0.06811659582653182,0.02168491221111671,0.12471501339695595
