,Clustering Coefficient,Assortativity,In Centralization
GRNBOOST2,0.20950879847420065,0.19866146625532047,-0.04506668767065741
SINCERITIES,0.0378210170988629,0.13887966393397083,0.3038194444444445
