,Clustering Coefficient,Assortativity,In Centralization
GRNBOOST2,-0.033026170061001,0.27904752594557886,-0.21474611426170973
SINCERITIES,-0.23905529261656336,0.6201246742127665,-0.03327163411048101
