,PageRank,Out Centrality,Betweenness,Clustering Coefficient,Node In Degrees
GRNBOOST2,-0.18251033714401277,0.11206663601355558,-0.13853117544047433,0.5228560971925852,-0.11990056569570579
SINCERITIES,-0.5520177467263803,-0.19507883673268497,-0.14271284300879625,0.2105497590612245,-0.35947879119194887
