,Clustering Coefficient,Global Efficiency,Local Efficiency,Shortest Path Length,Assortativity,Centralization
PIDC,0.6112380952380952,0.5958333333333333,0.7405343915343916,2.0566666666666666,0.1334360676465935,0.12318840579710146
GRNBOOST2,0.5860516798016798,0.6192028985507246,0.7315063794230462,1.9782608695652173,0.10532525215138333,0.25691699604743085
PPCOR,0.44069552669552664,0.62,0.6115353535353535,1.8966666666666667,0.09061880968572052,0.213768115942029
SINCERITIES,0.41142720592848464,0.6732542819499342,0.592918221306968,1.6798418972332017,-0.32641342756184005,0.5021645021645021
ground truth,0.7196885989827166,0.6372222222222222,0.8564891568126863,1.7833333333333334,-0.3814370531927783,0.4855072463768116
