,PageRank,Centrality,Betweenness,Radiality,Clustering Coefficient,Local Efficiency,Node Degrees
PIDC,0.06692307692307692,0.09732791937726931,0.5008085863274325,0.3548638286254608,0.43340750633234126,0.4316261994514032,0.09732791937726931
GRNBOOST2,-0.09478260869565217,-0.17458574194059717,0.2142618257408044,-0.17839966725097942,0.2671268700385394,0.30016231300334983,-0.17458574194059717
PPCOR,-0.07461538461538461,-0.07211750030649476,0.07549152482906649,-0.05098906580944104,-0.05959421623207301,-0.08020672178147903,-0.07211750030649476
SINCERITIES,-0.29446640316205536,-0.2681765164561368,-0.23980554084422906,-0.3200603656084856,0.04338441793038641,0.041628979054590426,-0.2681765164561368
