,Clustering Coefficient,Global Efficiency,Local Efficiency,Shortest Path Length,Assortativity,Centralization
PIDC,-0.1084505037446214,-0.04138888888888892,-0.11595476527829474,0.2733333333333332,0.5148731208393718,-0.36231884057971014
GRNBOOST2,-0.13363691918103682,-0.01801932367149761,-0.12498277738964014,0.19492753623188386,0.48676230534416165,-0.22859025032938074
PPCOR,-0.27899307228719,-0.01722222222222225,-0.24495380327733285,0.11333333333333329,0.4720558628784988,-0.2717391304347826
SINCERITIES,-0.308261393054232,0.03603205972771195,-0.2635709355057183,-0.10349143610013178,0.055023625630938267,0.01665725578769056
