,Clustering Coefficient,Assortativity,In Centralization
GRNBOOST2,-0.0738664220977667,1.1540921939683946,-0.4947750472589792
SINCERITIES,-0.5346717199270968,2.5647281529230366,-0.07665784499054824
