,Clustering Coefficient,Assortativity,In Centralization
GRNBOOST2,0.4140805006437051,0.037257894749770995,0.21928166351606806
SINCERITIES,0.20805137808814275,0.37833504301695864,0.4007561436672968
ground truth,0.4471066707047061,-0.24178963119580785,0.4340277777777778
