,Clustering Coefficient,Global Efficiency,Local Efficiency,Shortest Path Length,Assortativity,Centralization
PIDC,0.4800836940836939,0.6088888888888888,0.6325125060125059,1.9533333333333334,0.21657604057447927,0.17572463768115942
GRNBOOST2,0.4955477392977394,0.6382850241545893,0.6777617444284111,1.815217391304348,0.09225071225071062,0.21739130434782608
PPCOR,0.3402251082251083,0.63,0.515546657046657,1.8133333333333332,0.07068273092369773,0.17572463768115942
SINCERITIES,0.4121343101343102,0.6305555555555555,0.5304745624745625,1.81,-0.3077365361272589,0.35688405797101447
ground truth,0.3811742179389238,0.6383333333333333,0.5551545415368946,1.7633333333333334,-0.2007918881374823,0.447463768115942
