,Clustering Coefficient,Assortativity,In Centralization
GRNBOOST2,0.7256672382630344,1.5024808644816483,-0.36120982986767486
SINCERITIES,-0.06570063021218625,1.1626840530776212,1.9999999999999996
