,PageRank,Out Centrality,Betweenness,Clustering Coefficient,Node In Degrees
GRNBOOST2,-0.4879321706996386,0.33676480310598234,0.011314190533938649,0.4748639938349983,-0.22022234683671216
SINCERITIES,-0.11535429912901618,0.16433017014199824,0.20707293257461393,-0.03526692714511495,-0.24619050247789165
