,Clustering Coefficient,Assortativity,In Centralization
GRNBOOST2,0.17052126132756112,0.33437263689842606,-0.04703252993068684
SINCERITIES,-0.015438693857275615,0.2587518695896591,0.26041666666666663
