,PageRank,Centrality,Betweenness,Radiality,Clustering Coefficient,Local Efficiency,Node Degrees
PIDC,0.08153846153846152,0.1780427424349937,0.10963647057972613,0.21464803472164565,0.4104254752199908,0.4086621827396074,0.1780427424349937
GRNBOOST2,-0.003478260869565217,0.072325648991315,0.05652173913043478,-0.08243579775399126,0.3077432319182627,0.3838955477199528,0.072325648991315
PPCOR,0.16076923076923075,0.21749999867337713,-0.02692307692307692,0.1877073492324338,0.4301439553329551,0.4460266280945596,0.21749999867337713
SINCERITIES,0.08233936738768252,0.0662854061390662,-0.22474508266369525,0.007968981473370617,-0.10172113901290504,0.02103033870011911,0.0662854061390662
