,Clustering Coefficient,Global Efficiency,Local Efficiency,Shortest Path Length,Assortativity,Centralization
PIDC,0.09890947614477008,-0.029444444444444495,0.07735796447561127,0.18999999999999995,0.4173679287119616,-0.2717391304347826
GRNBOOST2,0.11437352135881557,-4.830917874398821e-05,0.1226072028915165,0.051884057971014474,0.2930426003881929,-0.23007246376811594
PPCOR,-0.04094910971381549,-0.008333333333333304,-0.039607884490237555,0.04999999999999982,0.27147461906118003,-0.2717391304347826
SINCERITIES,0.03096009219538637,-0.007777777777777772,-0.024679979062332102,0.046666666666666634,-0.10694464798977657,-0.09057971014492755
