,Clustering Coefficient,Assortativity,In Centralization
GRNBOOST2,0.4055067372265735,0.11182561829544126,0.0831758034026465
SINCERITIES,0.21954678204173675,0.036204850986674364,0.390625
ground truth,0.23498547589901236,-0.2225470186029848,0.13020833333333334
