,PageRank,Centrality,Betweenness,Radiality,Clustering Coefficient,Local Efficiency,Node Degrees
PIDC,0.28256078289852493,0.284008834653111,0.31958762886597936,0.21535620254463958,0.021433856556440912,0.022912053560333386,0.284008834653111
GRNBOOST2,0.07043478260869565,0.060092626076638594,-0.010023989641823095,0.020778660620760777,0.019184652734074183,0.09287115982631364,0.060092626076638594
PPCOR,-0.057692307692307696,-0.009210319577966537,-0.10655895561608468,0.016082154923085915,0.3288306653127478,0.4139194216116627,-0.009210319577966537
SINCERITIES,0.22692307692307692,0.17966773002361758,0.2701038861100423,0.1290147188776277,0.2702911174194462,0.2978026435629175,0.17966773002361758
