,Clustering Coefficient,Global Efficiency,Local Efficiency,Shortest Path Length,Assortativity,Centralization
PIDC,0.3728744172494172,0.24166666666666659,0.2869211321086321,-0.53,0.01676958571406334,-0.12463768115942031
GRNBOOST2,0.11455484330484328,-0.0015700483091788398,0.07168129863963202,0.06637681159420272,-0.0805223497809488,-0.043478260869565244
PPCOR,-0.14085936285936296,-0.008611111111111236,-0.15940054390054392,0.05333333333333323,0.36351504939601154,-0.22644927536231885
SINCERITIES,0.08366892756366445,0.0016666666666665941,0.05311155705892545,-0.010000000000000009,-0.14217959659571228,0.2264492753623188
