,Clustering Coefficient,Assortativity,In Centralization
GRNBOOST2,0.5047415831191377,2.4956000792877475,-0.5407045884172539
SINCERITIES,0.4901207775001713,1.3618375230037747,0.5454545454545453
