,PageRank,Out Centrality,Betweenness,Clustering Coefficient,Node In Degrees
GRNBOOST2,0.15542012791950957,0.17252423554646618,0.258687417207147,0.3907646227443184,-0.07637529793380064
SINCERITIES,-0.09616380560700842,-0.3546629598032921,0.12764376226609897,0.16302966012802556,-0.1274935488323233
