,Clustering Coefficient,Assortativity,In Centralization
GRNBOOST2,0.11958656238999779,0.16991440987802048,-0.25814889203948754
SINCERITIES,0.11612250881917904,0.09272151455331443,0.26041666666666663
