,Clustering Coefficient,Assortativity,In Centralization
GRNBOOST2,0.3565128755560183,0.10182881744346878,0.21928166351606806
SINCERITIES,0.35304882198519955,0.024635922118762733,0.7378472222222222
ground truth,0.2369263131660205,-0.0680855924345517,0.4774305555555556
