,Clustering Coefficient,Assortativity,In Centralization
GRNBOOST2,0.33267047126585214,0.05991369352750343,0.3038194444444444
SINCERITIES,0.4610906633785891,0.020342300698532365,0.78125
ground truth,0.22316515592656094,-0.14617963235682782,0.5208333333333334
