,PageRank,Centrality,Betweenness,Radiality,Clustering Coefficient,Local Efficiency,Node Degrees
PIDC,0.15391304347826085,0.27237560932653737,0.1515020882909847,0.29785510137435006,-0.02758933883670532,0.0024043969146794394,0.27237560932653737
GRNBOOST2,-0.27120600617090146,-0.21499377067517628,-0.3750721361937999,-0.22364880877633786,-0.1959837843060449,-0.13815663138194342,-0.21499377067517628
PPCOR,0.08692307692307692,0.10963620695881826,0.08307692307692309,0.010495636536296352,0.024696126074039624,0.059264961651307214,0.10963620695881826
SINCERITIES,-0.3059145418486464,-0.2794088597202298,-0.17171234015501574,-0.1788845229484707,0.017364058152353024,0.15827937833391764,-0.2794088597202298
