,Clustering Coefficient,Global Efficiency,Local Efficiency,Shortest Path Length,Assortativity,Centralization
PIDC,0.2936543576249458,-0.08256038647342978,0.19922825214001683,0.764782608695652,0.6798815224998168,-0.18115942028985504
GRNBOOST2,0.037158723629311774,-0.011666666666666603,0.01567769158945609,0.06999999999999984,-0.0682255241818999,-0.18115942028985504
PPCOR,-0.06313342866284039,-0.006666666666666599,-0.08787860396683927,0.039999999999999813,0.1815194223000915,-0.2717391304347826
SINCERITIES,0.4367239024118819,0.009444444444444478,0.3312561807331629,-0.05666666666666664,-0.3494530288419728,0.27173913043478265
