,PageRank,Out Centrality,Betweenness,Clustering Coefficient,Node In Degrees
GRNBOOST2,-0.29598463467822045,-0.11558404485549055,-0.3495389090532767,-0.1299403535287519,-0.49820935102523556
SINCERITIES,-0.15247668320363186,-0.06044944852988297,-0.15669093894266853,0.18302693000440912,-0.33406804456554323
