,Clustering Coefficient,Assortativity,In Centralization
GRNBOOST2,0.1095053153392912,0.20609332588433124,-0.21701388888888895
SINCERITIES,0.23792550745202817,0.16652193305536017,0.26041666666666663
