,Clustering Coefficient,Assortativity,In Centralization
GRNBOOST2,0.4906918146994558,1.4098634848201883,-0.41666666666666674
SINCERITIES,1.066140932549186,1.1391596104775823,0.4999999999999999
