,PageRank,Centrality,Betweenness,Radiality,Clustering Coefficient,Local Efficiency,Node Degrees
PIDC,0.21318305223637532,0.18227010722467024,0.18363723763055678,0.28683419192831217,-0.16509383731681856,-0.22092458847027968,0.18227010722467024
GRNBOOST2,0.052651376419931416,0.0720583075071374,-0.11002273234502337,0.0773115579822357,-0.518802878879749,-0.491095429106462,0.0720583075071374
PPCOR,-0.3492307692307692,-0.3370970657506322,-0.2851096575606002,-0.3313339076182558,0.4408990535092416,0.34323782027459027,-0.3370970657506322
SINCERITIES,0.4339130434782608,0.483551407396895,0.3609480407136364,0.3663665487741103,-0.05816781784071535,-0.10447130268522169,0.483551407396895
