,Clustering Coefficient,Assortativity,In Centralization
GRNBOOST2,0.3989175527630038,-0.01605780701789536,-0.11194444444444446
SINCERITIES,-0.11026698009156297,0.18080416442107777,-0.16544580970384376
