,PageRank,Out Centrality,Betweenness,Clustering Coefficient,Node In Degrees
GRNBOOST2,-0.1839588430328938,0.258531046304457,-0.20104211613884757,-0.18201920933439752,-0.3762510676585466
SINCERITIES,-0.11962252929186022,0.0770098571277992,-0.023063620934758413,0.05503589427584652,-0.42141196517090934
