,PageRank,Centrality,Betweenness,Radiality,Clustering Coefficient,Local Efficiency,Node Degrees
PIDC,0.0,0.0,0.0,0.0,0.0,4.871794871794871,0.0
GRNBOOST2,0.0,0.0,0.0,0.0,0.0,0.0,0.0
PPCOR,0.0,0.0,0.0,0.0,0.0,0.0,0.0
SINCERITIES,2.5539432176656156,2.5539432176656156,2.5539432176656156,2.5539432176656156,0.0,0.0,2.5539432176656156
