,Clustering Coefficient,Assortativity,In Centralization
GRNBOOST2,1.4571029072719577,-0.1184701075925538,-0.21493333333333334
SINCERITIES,-0.40276577491933385,1.3339236664306544,-0.31765595463138
