,Clustering Coefficient,Assortativity,In Centralization
GRNBOOST2,0.6726920066963036,-0.15160091864502315,0.4088888888888889
SINCERITIES,0.16350747384173683,0.04526105279394998,0.3553875236294896
ground truth,0.2737744539332998,-0.1355431116271278,0.5208333333333334
