,Clustering Coefficient,Global Efficiency,Local Efficiency,Shortest Path Length,Assortativity,Centralization
PIDC,0.28947991190096456,0.0679532163742691,0.13101284680232061,-0.07491228070175437,0.1314922698970325,-0.174071955250445
GRNBOOST2,0.27497719239824514,0.08593567251461987,0.15265821532268897,-0.16438596491228075,0.13379186394848963,-0.12728832951945085
PPCOR,-0.08366227924122654,-0.02138888888888879,-0.1656725048830312,0.1333333333333333,0.400596145906711,-0.27173913043478265
SINCERITIES,-0.17948861956756684,0.001642512077294711,-0.27555291768011064,0.04289855072463755,-0.02197586946678537,-0.22644927536231885
