,Clustering Coefficient,Global Efficiency,Local Efficiency,Shortest Path Length,Assortativity,Centralization
PIDC,0.7683982683982683,0.7118421052631579,0.8201698301698302,1.668421052631579,-0.11214882060324954,0.3567251461988304
GRNBOOST2,0.7538955488955489,0.7298245614035087,0.8418151986901986,1.5789473684210527,-0.10984922655179243,0.40350877192982454
PPCOR,0.3952560772560772,0.6225,0.5234844784844784,1.8766666666666667,0.15695505540642893,0.25905797101449274
SINCERITIES,0.2994297369297369,0.6455314009661836,0.413604065687399,1.786231884057971,-0.2656169599670674,0.30434782608695654
ground truth,0.47891835649730374,0.6438888888888888,0.6891569833675096,1.7433333333333334,-0.24364109050028204,0.5307971014492754
