,PageRank,Out Centrality,Betweenness,Clustering Coefficient,Node In Degrees
GRNBOOST2,0.2808591256097976,0.332426990428948,0.07098422141520241,0.014453955566387493,0.33544853579142225
SINCERITIES,-0.00553283335172488,0.158631455451127,-0.16332504130392736,0.13721978612874328,-0.018032052613566302
