,Clustering Coefficient,Global Efficiency,Local Efficiency,Shortest Path Length,Assortativity,Centralization
PIDC,0.31317460317460305,-0.03968253968253965,0.26776455026455026,0.2571428571428571,0.6239025706304794,0.0
GRNBOOST2,0.38386243386243385,-0.041269841269841234,0.3558112874779541,0.304761904761905,0.40150566968200413,0.0824175824175824
PPCOR,0.033015873015873,-0.00952380952380949,0.018134920634920726,0.06666666666666665,0.10100977038770559,0.0
SINCERITIES,0.24087912087912083,0.0174603174603174,0.2716045991045992,-0.10476190476190461,-0.08026349095359553,0.49450549450549447
