,PageRank,Centrality,Betweenness,Radiality,Clustering Coefficient,Local Efficiency,Node Degrees
PIDC,0.0,0.0,0.0,0.0,0.0,0.0,0.0
GRNBOOST2,3.6206896551724133,3.6206896551724133,3.6206896551724133,3.6206896551724133,0.0,0.0,3.6206896551724133
PPCOR,3.6206896551724133,0.0,3.6206896551724133,3.6206896551724133,0.0,0.0,0.0
SINCERITIES,3.6206896551724133,3.6206896551724133,3.6206896551724133,3.6206896551724133,0.0,0.0,3.6206896551724133
