,Clustering Coefficient,Assortativity,In Centralization
GRNBOOST2,0.3769781894065861,0.019572435585271677,-0.07653061224489796
SINCERITIES,0.12709657848988734,0.08647710274561834,0.6122448979591837
