,Clustering Coefficient,Global Efficiency,Local Efficiency,Shortest Path Length,Assortativity,Centralization
PIDC,0.8059640522875813,-0.06067961165048539,0.5340738200142469,0.14594594594594593,2.19156762134142,0.0
GRNBOOST2,0.9878812636165576,-0.0631067961165048,0.7096887669401718,0.17297297297297312,1.4103593523759346,0.31249999999999994
PPCOR,0.08496732026143786,-0.014563106796116453,0.036171279318259954,0.03783783783783783,0.35481460189709374,0.0
SINCERITIES,0.6199095022624432,0.026699029126213497,0.5417330473130808,-0.05945945945945937,-0.2819396428707976,1.8749999999999998
