,Clustering Coefficient,Global Efficiency,Local Efficiency,Shortest Path Length,Assortativity,Centralization
PIDC,0.7017460317460317,0.6142857142857143,0.7691269841269841,2.019047619047619,0.33921933085501693,0.26373626373626374
GRNBOOST2,0.7724338624338625,0.6126984126984127,0.8571737213403879,2.066666666666667,0.11682242990654168,0.34615384615384615
PPCOR,0.4215873015873016,0.6444444444444445,0.5194973544973546,1.8285714285714285,-0.18367346938775686,0.26373626373626374
SINCERITIES,0.6294505494505495,0.6714285714285714,0.7729670329670331,1.6571428571428573,-0.364946730729058,0.7582417582417582
ground truth,0.3885714285714286,0.653968253968254,0.5013624338624338,1.7619047619047619,-0.28468323977546245,0.26373626373626374
