,PageRank,Centrality,Betweenness,Radiality,Clustering Coefficient,Local Efficiency,Node Degrees
PIDC,-0.017953581773684706,-0.042474625678403814,-0.052981846905035546,0.02266546715726738,-0.050865390667829385,0.002720043869221287,-0.042474625678403814
GRNBOOST2,0.18492189226895248,0.06517973417508978,0.0719954333339125,-0.04003681108289221,-0.010189658994300148,0.012945394718262237,0.06517973417508978
PPCOR,0.17158183795129867,0.1547745996686957,0.04468277029981736,0.1276521467684048,0.10062897143413813,0.06188343296002147,0.1547745996686957
SINCERITIES,0.4057195543223416,0.387965623916011,0.31020461966736024,0.3477351060061965,0.33545994346076163,0.35748377658469077,0.387965623916011
