,Clustering Coefficient,Assortativity,In Centralization
GRNBOOST2,0.576443135811557,-0.04790661817375526,0.09693877551020408
SINCERITIES,0.32656152489485823,0.01899804898659141,0.7857142857142857
ground truth,0.1994649464049709,-0.06747905375902694,0.17346938775510204
