,Clustering Coefficient,Assortativity,In Centralization
GRNBOOST2,1.8899470618823047,0.29005201606955544,-0.4411764705882353
SINCERITIES,0.63718753986901,1.2815399435569288,3.5294117647058822
