,Clustering Coefficient,Assortativity,In Centralization
GRNBOOST2,0.1765681582894049,0.6551461520902381,1.0683760683760684
SINCERITIES,2.247767768009891,1.0164908833970436,3.205128205128205
