,Clustering Coefficient,Assortativity,In Centralization
GRNBOOST2,0.2403224213171091,-0.05208925920567527,0.4201388888888889
SINCERITIES,0.663379684708257,0.0024909042047979355,0.8541666666666666
ground truth,0.20425711814818304,-0.1510473480907932,0.203125
