,Clustering Coefficient,Global Efficiency,Local Efficiency,Shortest Path Length,Assortativity,Centralization
PIDC,0.5737893161779024,-0.06510666568243914,0.207912004147697,0.25272788316266587,1.8317403244192316,0.5898520084566596
GRNBOOST2,0.05577098485964174,-0.01485568760611217,0.020048407317788442,0.034749034749034784,-0.07890924306407629,0.1937984496124031
PPCOR,-0.09410941723635044,-0.005093378607809795,-0.0586200531370329,0.011583011583011595,1.1426457755642963,-0.1937984496124031
SINCERITIES,1.1881706307494615,0.013582342954159509,0.5512328368794029,-0.03088803088803083,-3.0178360344935022,2.131782945736434
