,PageRank,Out Centrality,Betweenness,Clustering Coefficient,Node In Degrees
GRNBOOST2,0.009617234261379483,0.08592535473225542,-0.20996578614093844,0.04607673799383817,0.2644120302452775
SINCERITIES,-0.14936769697275307,0.03806513414107413,-0.10307868640792482,-0.24854933210142133,-0.02121838158765087
