,Clustering Coefficient,Global Efficiency,Local Efficiency,Shortest Path Length,Assortativity,Centralization
PIDC,0.5883501914751914,0.6118357487922704,0.707568241943242,2.1630434782608696,0.12653666162482594,0.3715415019762846
GRNBOOST2,0.39469264069264076,0.6447222222222222,0.5975218855218856,1.7866666666666666,-0.16413965970547748,0.27898550724637683
PPCOR,0.3386608946608946,0.6511111111111112,0.5514396344396344,1.7466666666666666,0.021701388888886352,0.18840579710144928
SINCERITIES,0.8180323734236776,0.6633333333333333,0.9086780224606311,1.6733333333333333,-0.6112527478041095,0.7318840579710145
ground truth,0.3738430458430459,0.6544444444444445,0.5857779701779703,1.7266666666666666,-0.15213481649237223,0.23369565217391305
