,Clustering Coefficient,Global Efficiency,Local Efficiency,Shortest Path Length,Assortativity,Centralization
PIDC,0.2145071456321455,-0.04260869565217407,0.12179027176527168,0.43637681159420305,0.27867147811719817,0.13784584980237155
GRNBOOST2,0.020849594849594866,-0.009722222222222299,0.011743915343915279,0.06000000000000005,-0.012004843213105243,0.045289855072463775
PPCOR,-0.03518215118215129,-0.0033333333333332993,-0.03433833573833589,0.020000000000000018,0.17383620538125857,-0.045289855072463775
SINCERITIES,0.44418932758063173,0.008888888888888835,0.32290005228266083,-0.05333333333333323,-0.4591179313117373,0.49818840579710144
