,Clustering Coefficient,Assortativity,In Centralization
GRNBOOST2,0.03606530316892606,0.09895808888511794,0.2170138888888889
SINCERITIES,0.459122566560074,0.15353825229559115,0.6510416666666666
