,Clustering Coefficient,Assortativity,In Centralization
GRNBOOST2,0.32659821404428824,-0.053249523403649184,0.07653061224489793
SINCERITIES,0.1881738679950228,0.10873729321256864,0.5357142857142857
