,Clustering Coefficient,Global Efficiency,Local Efficiency,Shortest Path Length,Assortativity,Centralization
PIDC,0.6975132275132274,0.5874603174603175,0.7379982363315698,2.2666666666666666,0.280265339966833,0.35714285714285715
GRNBOOST2,0.7234632034632035,0.6333333333333333,0.7898340548340549,1.8761904761904762,-0.18583528931523613,0.521978021978022
PPCOR,0.4485714285714285,0.6285714285714286,0.4784126984126985,1.9142857142857144,0.12737127371273638,0.35714285714285715
SINCERITIES,0.49565730565730554,0.6619047619047619,0.5918647401980734,1.6952380952380952,-0.48873303461263695,0.6868131868131868
ground truth,0.34444444444444444,0.6428571428571429,0.4248148148148149,1.8095238095238095,-0.136012364760432,0.10989010989010989
