,Clustering Coefficient,Assortativity,In Centralization
GRNBOOST2,0.5028508113495171,-0.09654088788932036,0.32653061224489793
SINCERITIES,0.3644264653002517,0.06544592872689747,0.7857142857142857
ground truth,0.17625259730522888,-0.043291364485671176,0.25
