,Clustering Coefficient,Global Efficiency,Local Efficiency,Shortest Path Length,Assortativity,Centralization
PIDC,0.353068783068783,-0.055396825396825444,0.3131834215167549,0.4571428571428571,0.416277704727265,0.24725274725274726
GRNBOOST2,0.37901875901875903,-0.009523809523809601,0.36501924001923997,0.06666666666666665,-0.04982292455480414,0.4120879120879121
PPCOR,0.10412698412698407,-0.014285714285714346,0.05359788359788359,0.10476190476190483,0.26338363847316837,0.24725274725274726
SINCERITIES,0.1512128612128611,0.01904761904761898,0.16704992538325852,-0.11428571428571432,-0.35272066985220496,0.5769230769230769
