,PageRank,Out Centrality,Betweenness,Clustering Coefficient,Node In Degrees
GRNBOOST2,0.2737034790974461,0.14081833205762256,0.28889860853773175,0.023424031798353763,0.4550849732670506
SINCERITIES,0.1695760455290423,-0.06597786854091262,-0.0382718930006306,0.24618397563647587,0.3167056332324754
