,Clustering Coefficient,Global Efficiency,Local Efficiency,Shortest Path Length,Assortativity,Centralization
PIDC,1.025038402457757,-0.08617283950617291,0.737223398513721,0.2526315789473684,3.060587215437977,2.25
GRNBOOST2,1.1003770423125263,-0.014814814814814933,0.8592431979528751,0.036842105263157884,-0.36631172939725526,3.7500000000000004
PPCOR,0.3023041474654376,-0.022222222222222313,0.12616764229667451,0.057894736842105304,1.9364683419561466,2.25
SINCERITIES,0.43900508094056445,0.029629629629629523,0.393229990004183,-0.06315789473684212,-2.593298561299749,5.25
