,Clustering Coefficient,Assortativity,In Centralization
GRNBOOST2,1.8530122054241016,-1.2300264506856562,0.30612244897959173
SINCERITIES,1.0676374185235356,2.5117548154103373,2.142857142857143
