,PageRank,Centrality,Betweenness,Radiality,Clustering Coefficient,Local Efficiency,Node Degrees
PIDC,0.014311293024703058,-0.024884496254981587,0.26755331627915563,0.19817756543855183,-0.5019402080366105,-0.41557403151182193,-0.024884496254981587
GRNBOOST2,0.4587843089488985,0.4052959767114805,0.6362201482957811,0.5647385301123131,0.039514752733037416,0.16073945868737102,0.4052959767114805
PPCOR,0.05357142857142857,0.010401734294213339,0.48078660842603477,0.20784655751056516,-0.17311703602548126,-0.42536044302482195,0.010401734294213339
SINCERITIES,0.3799307558483066,0.289395983582577,0.43137994418113296,0.25481306234489853,0.13358989089718065,0.2659488546872095,0.289395983582577
