,PageRank,Centrality,Betweenness,Radiality,Clustering Coefficient,Local Efficiency,Node Degrees
PIDC,-0.014615384615384615,0.2941546295875427,0.14307692307692307,0.39408698185078944,0.24363047504577703,0.15822539975791236,0.2941546295875427
GRNBOOST2,0.15198154260810556,0.24361030980647114,0.14197769423390116,0.26806019382447016,0.1712706786488338,0.15346541164795435,0.24361030980647114
PPCOR,-0.04538461538461538,-0.1724137931034483,0.17923076923076922,0.11271573309514846,0.17775879877328066,0.2658029668389744,-0.1724137931034483
SINCERITIES,0.05615384615384616,0.1194880298498108,-0.05424120123418029,0.08121409006241212,-0.2784394504436908,-0.29993772227850835,0.1194880298498108
