,Clustering Coefficient,Assortativity,In Centralization
GRNBOOST2,0.5027452583102712,3.463325836663835,1.0
SINCERITIES,-0.08213980508666502,3.163109691821294,17.0
