,PageRank,Out Centrality,Betweenness,Clustering Coefficient,Node In Degrees
GRNBOOST2,0.14615384615384616,,0.04923076923076923,-0.03095976783265557,-0.40510652969003275
SINCERITIES,0.06099336668043755,,0.037099925800222595,-0.23462499083081037,-0.017323973216880926
