,Clustering Coefficient,Global Efficiency,Local Efficiency,Shortest Path Length,Assortativity,Centralization
PIDC,-0.04570829063582694,0.015901060070671394,0.0028888804520460394,-0.03169014084507045,1.6813907096038962,1.9999999999999998
GRNBOOST2,0.04566925291562959,0.01413427561837465,0.031144921758828565,-0.02816901408450699,1.0697387760174413,3.0
PPCOR,-0.2775720790213541,0.03886925795053011,-0.14315513261013368,-0.0774647887323944,2.5633547036145665,4.0
SINCERITIES,-0.07893584896994957,0.052120141342756214,-0.07455828475014588,-0.10387323943661965,-2.5425109241933614,13.000000000000002
