,Clustering Coefficient,Global Efficiency,Local Efficiency,Shortest Path Length,Assortativity,Centralization
PIDC,-0.027033189033189076,0.010000000000000009,0.0021960076960076957,-0.06000000000000005,0.14697225357891544,0.09057971014492752
GRNBOOST2,0.02701010101010093,0.008888888888888946,0.023675084175084127,-0.05333333333333323,0.09350706992372552,0.1358695652173913
PPCOR,-0.164164058164058,0.02444444444444449,-0.10882062382062385,-0.14666666666666672,0.2240657185509839,0.18115942028985507
SINCERITIES,-0.04668491639079875,0.032777777777777795,-0.0566761310584839,-0.19666666666666655,-0.22224374034143496,0.588768115942029
