,Clustering Coefficient,Global Efficiency,Local Efficiency,Shortest Path Length,Assortativity,Centralization
PIDC,0.5643953823953823,0.6388888888888888,0.7623547378547378,1.8333333333333333,0.05956112852664291,0.1358695652173913
GRNBOOST2,0.6184386724386723,0.6377777777777778,0.7838338143338143,1.84,0.006095944871452984,0.18115942028985507
PPCOR,0.4272645132645134,0.6533333333333333,0.6513381063381063,1.7466666666666666,0.13665459349871137,0.22644927536231885
SINCERITIES,0.5447436550377727,0.6616666666666666,0.7034825991002462,1.6966666666666668,-0.3096548653937075,0.6340579710144928
ground truth,0.5914285714285714,0.6288888888888888,0.7601587301587301,1.8933333333333333,-0.08741112505227254,0.04528985507246377
