,Clustering Coefficient,Assortativity,In Centralization
GRNBOOST2,0.1486689549574659,0.2907997249900774,0.043402777777777776
SINCERITIES,-0.024289913789913797,0.26559194019732757,0.7378472222222222
