,Clustering Coefficient,Assortativity,In Centralization
GRNBOOST2,0.4443832406717516,0.2068342713467667,0.08680555555555555
SINCERITIES,0.2714243719243719,0.18162648655401686,0.78125
ground truth,0.2957142857142857,-0.08396545364331068,0.043402777777777776
