,Clustering Coefficient,Global Efficiency,Local Efficiency,Shortest Path Length,Assortativity,Centralization
PIDC,0.2953708513708514,-0.029166666666666674,0.2599415584415585,0.18333333333333335,0.21155642038569827,0.0
GRNBOOST2,0.3552356532356533,-0.025277777777777843,0.30628192178192165,0.15333333333333332,0.07571626460074955,0.09057971014492752
PPCOR,0.14163636363636362,-0.012777777777777777,0.1360286195286194,0.08333333333333348,0.029005257640449516,0.045289855072463775
SINCERITIES,0.17891647568118152,-0.01361111111111113,0.08350120250120247,0.09000000000000008,-0.359740077682735,0.31702898550724634
