,Clustering Coefficient,Assortativity,In Centralization
GRNBOOST2,1.886835440507267,1.0659156181434983,-0.5
SINCERITIES,0.786782841532254,1.6900981361548393,1.0
