,PageRank,Out Centrality,Betweenness,Clustering Coefficient,Node In Degrees
GRNBOOST2,0.26812849120726,0.06574611183090054,0.5350271023387984,0.014864919156122359,-0.13590212805230792
SINCERITIES,0.12831242486390684,0.3077992052447249,0.4803015520914404,0.19616577768674573,-0.09779910619181409
