,Clustering Coefficient,Global Efficiency,Local Efficiency,Shortest Path Length,Assortativity,Centralization
PIDC,0.5895151515151515,0.6191666666666666,0.7345334295334296,1.92,0.2196157930302157,0.15760869565217392
GRNBOOST2,0.6493799533799535,0.6230555555555555,0.7808737928737928,1.89,0.08377563724526696,0.24818840579710144
PPCOR,0.43578066378066377,0.6355555555555555,0.6106204906204905,1.82,0.037064630284966926,0.2028985507246377
SINCERITIES,0.47306077582548167,0.6347222222222222,0.5580930735930736,1.8266666666666667,-0.35168070503821763,0.4746376811594203
ground truth,0.29414430014430015,0.6483333333333333,0.4745918710918711,1.7366666666666666,0.00805937264451741,0.15760869565217392
