,Clustering Coefficient,Assortativity,In Centralization
GRNBOOST2,0.3014491044877421,0.12105122464142541,-0.13020833333333334
SINCERITIES,0.12569987711406125,0.19193681531945733,0.2604166666666667
