,Clustering Coefficient,Global Efficiency,Local Efficiency,Shortest Path Length,Assortativity,Centralization
PIDC,1.0041698962922263,-0.044987146529562996,0.547715994046681,0.10556621880998082,26.249738002822692,0.0
GRNBOOST2,1.2076917793796556,-0.038988860325621356,0.6453585500258849,0.08829174664107485,9.394808745102193,0.5747126436781608
PPCOR,0.4815200007849216,-0.019708654670094257,0.28662231237898106,0.04798464491362773,3.5989473275169956,0.2873563218390805
SINCERITIES,0.6082608964151588,-0.020994001713796086,0.1759431789446692,0.0518234165067179,-44.63623827190286,2.011494252873563
