,Clustering Coefficient,Assortativity,In Centralization
GRNBOOST2,0.46121348987934724,0.23461671010852075,0.13020833333333334
SINCERITIES,0.2854642625056664,0.30550230078655266,0.5208333333333334
ground truth,0.15976438539160517,0.11356548546709534,0.2604166666666667
