,PageRank,Centrality,Betweenness,Radiality,Clustering Coefficient,Local Efficiency,Node Degrees
PIDC,0.05582293249642454,-0.0784586876203504,0.10279119294169207,-0.2654266690712325,0.03826827583496907,0.0238737163525758,-0.0784586876203504
GRNBOOST2,0.1469513395138785,0.13769389465349843,0.23176141629550048,0.1556660696209235,-0.22074186253067196,-0.27839833746632753,0.13769389465349843
PPCOR,-0.11461538461538462,-0.19321543354380596,-0.018461538461538463,-0.07939627158182097,-0.2523642898662952,-0.18923076923076923,-0.19321543354380596
SINCERITIES,0.04271695920491468,-0.01045357978040427,0.034702248954259766,-0.0068175033786942235,0.15254732558867823,0.18171743836647408,-0.01045357978040427
