,PageRank,Centrality,Betweenness,Radiality,Clustering Coefficient,Local Efficiency,Node Degrees
PIDC,0.11442786069651742,0.15463917525773196,0.06666666666666667,0.06666666666666667,0.10344827586206896,0.0821256038647343,0.14871794871794872
GRNBOOST2,0.05555555555555555,0.10144927536231885,0.0410958904109589,0.07042253521126761,0.05555555555555555,0.05555555555555555,0.10144927536231885
PPCOR,0.04,0.09859154929577464,0.012987012987012988,0.04,0.0,0.05405405405405406,0.09859154929577464
SINCERITIES,0.05714285714285714,0.07246376811594203,0.06474820143884892,0.03496503496503497,0.08029197080291971,0.12121212121212122,0.07246376811594203
