,PageRank,Out Centrality,Betweenness,Clustering Coefficient,Node In Degrees
GRNBOOST2,0.18032786885245902,0.2413793103448276,0.14285714285714285,0.058823529411764705,0.18032786885245902
SINCERITIES,0.1044776119402985,0.34545454545454546,0.2231404958677686,0.06474820143884892,0.04225352112676056
