,Clustering Coefficient,Assortativity,In Centralization
GRNBOOST2,0.16920164495143114,0.279030191982837,0.030812185816213675
SINCERITIES,-0.03376252609015426,0.4523108958842557,0.08525051465935563
