,Clustering Coefficient,Assortativity,In Centralization
GRNBOOST2,4.429749527706154,3.4907679566009078,5.357353862390557
SINCERITIES,-0.8839130024117565,5.658571821759444,14.822615205077486
