,PageRank,Out Centrality,Betweenness,Clustering Coefficient,Node In Degrees
GRNBOOST2,0.23241886416285568,-0.10950574104378058,-0.08473798276657829,0.09184357729565173,0.2927603642898653
SINCERITIES,0.06056193215117577,0.06811015833616678,0.0662437046742299,0.04637884051018694,0.05877534830475763
