,Clustering Coefficient,Global Efficiency,Local Efficiency,Shortest Path Length,Assortativity,Centralization
PIDC,0.22048640248640244,-0.033055555555555505,0.14762699522699507,0.21666666666666656,0.03713195035202703,0.09057971014492752
GRNBOOST2,0.4176558996558996,-0.029444444444444384,0.33070758130758093,0.18666666666666654,-0.017246742880531712,0.09057971014492752
PPCOR,0.09490576090576097,-0.016944444444444318,0.07568428978428976,0.10666666666666669,0.0734279477971038,0.13586956521739132
SINCERITIES,0.17708491508491514,0.0016666666666667052,0.20157045917045902,-0.010000000000000009,-0.29476746781221974,0.49818840579710144
