,Clustering Coefficient,Assortativity,In Centralization
GRNBOOST2,1.7110265539474012,0.23934847023082553,0.268450490129207
SINCERITIES,0.801279464203049,1.330127686818783,3.608247422680412
