,Clustering Coefficient,Global Efficiency,Local Efficiency,Shortest Path Length,Assortativity,Centralization
PIDC,0.6807682711500077,-0.051072961373390485,0.28147888240366786,0.12428298279158694,0.5281865639753545,0.5747126436781608
GRNBOOST2,1.2895438518567262,-0.04549356223175957,0.6305567639966168,0.10707456978967488,-0.24532775077722696,0.5747126436781608
PPCOR,0.29302864052115574,-0.026180257510729422,0.14430646150617887,0.06118546845124284,1.0444820452205728,0.8620689655172414
SINCERITIES,0.5467629301835891,0.002575107296137399,0.3843323335657779,-0.00573613766730402,-4.1929447421808534,3.160919540229885
