,Clustering Coefficient,Global Efficiency,Local Efficiency,Shortest Path Length,Assortativity,Centralization
PIDC,0.5443651903651903,0.6141666666666666,0.672096163096163,1.96,-0.033168873039913005,0.24818840579710144
GRNBOOST2,0.7415346875346874,0.6177777777777778,0.8551767491767489,1.93,-0.08754756627247175,0.24818840579710144
PPCOR,0.4187845487845488,0.6302777777777778,0.6001534576534577,1.85,0.0031271244051637717,0.29347826086956524
SINCERITIES,0.500963702963703,0.6488888888888888,0.726039627039627,1.7333333333333334,-0.3650682912041598,0.6557971014492754
ground truth,0.3238787878787878,0.6472222222222221,0.524469167869168,1.7433333333333334,-0.07030082339194003,0.15760869565217392
