,Clustering Coefficient,Assortativity,In Centralization
GRNBOOST2,0.28957469533910546,0.00903495064336221,0.04520780823356438
SINCERITIES,0.1356087994033624,0.05020979657061334,0.6076388888888888
