,PageRank,Out Centrality,Betweenness,Clustering Coefficient,Node In Degrees
GRNBOOST2,0.2679426090794834,-0.23524391547708084,0.03406146013255386,-0.30871768475477723,0.22575619653003418
SINCERITIES,0.22889631835077973,0.030844220362512893,-0.1625114425350166,0.12405808450790304,0.2522269274954578
