,Clustering Coefficient,Assortativity,In Centralization
GRNBOOST2,0.4588150234164494,0.046783053376790944,0.21361058601134217
SINCERITIES,0.30484912748070636,0.08795789930404208,0.7760416666666666
ground truth,0.16924032807734396,0.03774810273342873,0.1684027777777778
