,PageRank,Centrality,Betweenness,Radiality,Clustering Coefficient,Local Efficiency,Node Degrees
PIDC,0.15349105881161657,0.019859247197253193,0.18048463366203651,-0.18084773173142804,-0.08272139768324793,-0.3551879929176003,0.019859247197253193
GRNBOOST2,0.012312428768251591,-0.02282198523602617,-0.06846020901135279,-0.31031195649853444,-0.04812220047146645,0.12021746519684993,-0.02282198523602617
PPCOR,-0.26384615384615384,-0.3041995996545058,-0.15307692307692308,-0.3372458228220137,0.3169978835771833,0.29149026741714823,-0.3041995996545058
SINCERITIES,-0.025774187820497018,-0.020189652298305563,-0.04856437969286959,0.03566681476020982,0.266152407134144,0.10862873201118013,-0.020189652298305563
