,Clustering Coefficient,Global Efficiency,Local Efficiency,Shortest Path Length,Assortativity,Centralization
PIDC,0.6523241203241205,0.547595238095238,0.7051972471972473,2.66,0.4529411103492455,0.3007246376811594
GRNBOOST2,0.6118369851825735,0.6338768115942028,0.736602728131527,1.8876811594202898,0.0221186134931882,0.4426877470355731
PPCOR,0.4433890553890554,0.6233333333333333,0.5899215673215674,1.88,0.04568971050773646,0.34601449275362317
SINCERITIES,0.2998057498057498,0.6294444444444445,0.43335181485181495,1.84,-0.24061401007508715,0.3007246376811594
ground truth,0.5569338965128439,0.6402777777777778,0.7093329574908522,1.7733333333333334,-0.21009459020669286,0.572463768115942
