,PageRank,Centrality,Betweenness,Radiality,Clustering Coefficient,Local Efficiency,Node Degrees
PIDC,0.0,2.665121668597914,0.0,0.0,0.0,0.0,2.665121668597914
GRNBOOST2,6.384858044164038,6.384858044164038,2.5539432176656156,6.384858044164038,2.5539432176656156,2.5539432176656156,6.384858044164038
PPCOR,2.665121668597914,2.665121668597914,2.665121668597914,2.665121668597914,0.0,0.0,2.665121668597914
SINCERITIES,2.665121668597914,2.665121668597914,6.662804171494785,2.665121668597914,0.0,0.0,2.665121668597914
