,Clustering Coefficient,Assortativity,In Centralization
GRNBOOST2,0.6225530195707337,-0.06887603684553409,0.4487534626038781
SINCERITIES,0.17381895228954053,0.1575088371996005,0.4340277777777778
ground truth,0.33489407387232767,0.07553035767614266,0.13020833333333334
