,Clustering Coefficient,Assortativity,In Centralization
GRNBOOST2,0.8589550193356686,-1.9118987247599062,2.446426592797784
SINCERITIES,-0.48097334097406014,1.0853712605858863,2.333333333333333
