,Clustering Coefficient,Assortativity,In Centralization
GRNBOOST2,0.28765894569840605,-0.14440639452167675,0.3185451292705448
SINCERITIES,-0.16107512158278714,0.08197847952345783,0.3038194444444444
