,PageRank,Centrality,Betweenness,Radiality,Clustering Coefficient,Local Efficiency,Node Degrees
PIDC,0.28653983282570256,0.25542875391497155,0.13430265705928088,0.2703935383277749,-0.0015510149896330663,0.0589272123326866,0.25542875391497155
GRNBOOST2,0.40086956521739125,0.3927395115823978,0.4439609216065796,0.367753658087007,0.07446113827692952,0.11926006811254769,0.3927395115823978
PPCOR,0.24,0.3014635581028578,0.23966147779357674,0.28244874810837595,0.04476174183933826,0.09865125240847784,0.3014635581028578
SINCERITIES,0.3704558637483377,0.43886322781787085,0.17093361849195512,0.37102407756387756,0.13451924002986196,0.18628097576713729,0.43886322781787085
