,PageRank,Out Centrality,Betweenness,Clustering Coefficient,Node In Degrees
GRNBOOST2,-0.1572019667395095,0.2374919231702667,0.11438344612658759,-0.05503207438561952,0.05960366660749171
SINCERITIES,-0.3867973177118992,-0.2654334731951547,-0.18891699700879555,0.21881036780907726,0.14609587923370496
