,Clustering Coefficient,Global Efficiency,Local Efficiency,Shortest Path Length,Assortativity,Centralization
PIDC,0.0953902238112766,-0.09268253968253981,-0.004135710293604933,0.8866666666666667,0.6630357005559384,-0.2717391304347826
GRNBOOST2,0.054903088669729594,-0.0064009661835749965,0.027269770640674817,0.11434782608695637,0.23221320369988105,-0.1297760210803689
PPCOR,-0.11354484112378849,-0.01694444444444454,-0.11941139016928481,0.10666666666666647,0.2557843007144293,-0.22644927536231885
SINCERITIES,-0.25712814670709405,-0.010833333333333361,-0.2759811426390373,0.06666666666666665,-0.030519419868394293,-0.2717391304347826
