,Clustering Coefficient,Assortativity,In Centralization
GRNBOOST2,0.3951000763190562,-0.11732420169134683,-0.35085197437513127
SINCERITIES,-0.0051598649741817215,-0.22433822361437253,0.08680555555555558
