,Clustering Coefficient,Global Efficiency,Local Efficiency,Shortest Path Length,Assortativity,Centralization
PIDC,0.3388433943077905,0.006111111111111178,0.23206089140764063,-0.036666666666666625,-0.32597864036667756,0.0905797101449276
GRNBOOST2,0.2893726350046008,0.017125603864734273,0.17331786886192202,-0.04768115942028994,-0.3877102756409101,0.10424901185770752
PPCOR,-0.1794536457694354,0.0011111111111111738,-0.23919490937911986,-0.006666666666666821,0.20557687673303254,-0.18115942028985504
SINCERITIES,-0.08741525278986595,-0.006111111111111178,-0.10523542333139846,0.036666666666666625,-0.10188341299889275,-0.04528985507246375
