,PageRank,Out Centrality,Betweenness,Clustering Coefficient,Node In Degrees
GRNBOOST2,-0.2900857739396223,-0.03348698299798047,-0.3756326092542493,-0.19010140115242266,-0.13667708355969885
SINCERITIES,-0.08254942205975306,0.08176611673307461,-0.04816522450971953,-0.19234495742916688,-0.11095095964188625
