,Clustering Coefficient,Assortativity,In Centralization
GRNBOOST2,1.5523256457977088,-0.8958401388530085,-0.8083629489603025
SINCERITIES,-0.020272814935645447,-1.7129559161326837,0.20000000000000004
