,Clustering Coefficient,Assortativity,In Centralization
GRNBOOST2,0.6496214632385013,0.013641354106993714,0.0831758034026465
SINCERITIES,0.24936152194526343,-0.09337266781603198,0.5208333333333334
ground truth,0.25452138691944515,0.13096555579834054,0.4340277777777778
