,Clustering Coefficient,Assortativity,In Centralization
GRNBOOST2,0.13647213879607858,0.0893783367074203,0.2685819680739341
SINCERITIES,-0.00486717438100201,0.03639547502511134,0.4340277777777778
