,Clustering Coefficient,Assortativity,In Centralization
GRNBOOST2,0.38556064288458275,0.16220402808392828,0.3553875236294896
SINCERITIES,0.24422132970750215,0.10922116640161932,0.5208333333333334
ground truth,0.24908850408850416,0.07282569137650798,0.08680555555555555
