,Clustering Coefficient,Assortativity,In Centralization
GRNBOOST2,0.5478861390872876,1.227291289901188,3.0940642722117206
SINCERITIES,-0.019539939825053684,0.4997614761657003,5.0
