,Clustering Coefficient,Global Efficiency,Local Efficiency,Shortest Path Length,Assortativity,Centralization
PIDC,0.18103074703074695,-0.025277777777777843,0.1292999777999776,0.16333333333333355,0.2780318770930666,0.22644927536231885
GRNBOOST2,0.16320590520590506,-0.015000000000000013,0.12053981203981179,0.10000000000000009,0.1472946563306036,0.2717391304347826
PPCOR,-0.03734776334776341,-0.003055555555555478,-0.011872534872534923,0.023333333333333428,0.08697533644556045,0.1358695652173913
SINCERITIES,0.0033488994665464844,0.0033333333333332993,-0.012189307424601559,-0.019999999999999796,-0.27774868396405844,0.4076086956521739
