,PageRank,Centrality,Betweenness,Radiality,Clustering Coefficient,Local Efficiency,Node Degrees
PIDC,-0.1792997439376638,-0.09261644848217469,-0.1764833971713425,0.23395282726492977,-0.013563269298662734,-0.06219869600007096,-0.09261644848217469
GRNBOOST2,0.09040200205696715,0.10859285359044268,-0.12123642489584775,0.09959382722631364,-0.29678428127711376,-0.45449724250701024,0.10859285359044268
PPCOR,0.15461538461538463,0.12474093446683489,0.044239277602345625,0.06270791336496206,-0.10718452885303435,-0.014233506706841636,0.12474093446683489
SINCERITIES,-0.11004233211624859,-0.11106844801560763,0.23395697201247492,0.19263207915602312,0.15664288893003994,0.0387208982376006,-0.11106844801560763
