,Clustering Coefficient,Global Efficiency,Local Efficiency,Shortest Path Length,Assortativity,Centralization
PIDC,0.6719196359196359,0.6180555555555555,0.7988317238317237,1.9566666666666668,0.2254002981457051,0.27898550724637683
GRNBOOST2,0.654094794094794,0.6283333333333333,0.7900715580715579,1.8933333333333333,0.09466307738324212,0.3242753623188406
PPCOR,0.4535411255411255,0.6402777777777778,0.6576592111592112,1.8166666666666667,0.03434375749819898,0.18840579710144928
SINCERITIES,0.4942377883554354,0.6466666666666666,0.6573424386071446,1.7733333333333334,-0.3303802629114199,0.4601449275362319
ground truth,0.49088888888888893,0.6433333333333333,0.6695317460317461,1.7933333333333332,-0.05263157894736147,0.05253623188405797
