,PageRank,Out Centrality,Betweenness,Clustering Coefficient,Node In Degrees
GRNBOOST2,0.07878133064476926,,0.018931712508649275,-0.020546507477225303,-0.004963470027006173
SINCERITIES,0.08925179467844672,,0.23851222034993244,0.2574854190315469,-0.040021292255218846
