,Clustering Coefficient,Global Efficiency,Local Efficiency,Shortest Path Length,Assortativity,Centralization
PIDC,0.5914285714285714,0.6936507936507936,0.7001851851851852,1.6952380952380952,0.2423681776133183,0.24725274725274726
GRNBOOST2,0.6326984126984126,0.7,0.772910052910053,1.6571428571428573,-0.21100261967135117,0.16483516483516483
PPCOR,0.479047619047619,0.7,0.6309991181657849,1.6571428571428573,0.007707129094411569,0.24725274725274726
SINCERITIES,0.46315055315055315,0.7079365079365079,0.6135553952220618,1.6095238095238096,-0.36301432351063123,0.41208791208791207
ground truth,0.5996825396825397,0.6920634920634922,0.789206349206349,1.7047619047619047,-0.09141791044780027,0.08241758241758242
