,Clustering Coefficient,Global Efficiency,Local Efficiency,Shortest Path Length,Assortativity,Centralization
PIDC,-0.008253968253968291,0.0015873015873014706,-0.08902116402116378,-0.00952380952380949,0.3337860880611186,0.16483516483516486
GRNBOOST2,0.03301587301587294,0.007936507936507797,-0.01629629629629603,-0.04761904761904745,-0.1195847092235509,0.08241758241758242
PPCOR,-0.1206349206349207,0.007936507936507797,-0.1582072310405641,-0.04761904761904745,0.09912503954221184,0.16483516483516486
SINCERITIES,-0.13653198653198656,0.015873015873015706,-0.1756509539842872,-0.09523809523809512,-0.27159641306283094,0.32967032967032966
