,Clustering Coefficient,Global Efficiency,Local Efficiency,Shortest Path Length,Assortativity,Centralization
PIDC,-0.013763896241397627,0.002293577981651207,-0.1127983373558592,-0.00558659217877093,3.6512110857282263,2.0000000000000004
GRNBOOST2,0.05505558496559013,0.011467889908256678,-0.02064896755162209,-0.02793296089385465,-1.3081102886488956,1.0
PPCOR,-0.2011646373742722,0.011467889908256678,-0.200463707875212,-0.02793296089385465,1.0843065549918947,2.0000000000000004
SINCERITIES,-0.22767377320050697,0.022935779816513516,-0.22256657483930203,-0.05586592178770943,-2.970932191869697,4.0
