,Clustering Coefficient,Assortativity,In Centralization
GRNBOOST2,0.2788182743182743,0.19910318462764381,0.07653061224489796
SINCERITIES,-0.07005913476501716,0.019354348580091815,0.4591836734693877
