,PageRank,Out Centrality,Betweenness,Clustering Coefficient,Node In Degrees
GRNBOOST2,-0.12142857142857141,,-0.3985768659679454,-0.20076569166162922,-0.15609763526361567
SINCERITIES,0.18705520049741012,,0.7702472795607279,-0.3263948691445821,-0.09103456935516067
