,Clustering Coefficient,Assortativity,In Centralization
GRNBOOST2,0.5786595441595441,0.11450715310358582,0.15306122448979592
SINCERITIES,0.2297821350762527,-0.06524168294396616,0.5357142857142857
ground truth,0.29984126984126985,-0.08459603152405798,0.07653061224489796
