,PageRank,Centrality,Betweenness,Radiality,Clustering Coefficient,Local Efficiency,Node Degrees
PIDC,-0.1876676352592329,0.03057089202578715,-0.3360144326546265,0.1256001193342082,0.08512930332578866,0.1937299049279335,0.03057089202578715
GRNBOOST2,-0.15549604064336442,-0.27591270276823454,-0.35567485158654616,-0.003268229825679366,-0.38190255919100935,-0.34544557139110343,-0.27591270276823454
PPCOR,-0.03753352705184659,-0.27436984238236156,-0.02502235136789772,-0.1396251088367387,-0.01107282492449239,-0.07609307510008254,-0.27436984238236156
SINCERITIES,-0.4164434191942978,-0.22842933895243972,-0.31842576028622543,-0.315896824412809,-0.33253298906162265,-0.34604231771704197,-0.22842933895243972
