,Clustering Coefficient,Assortativity,In Centralization
GRNBOOST2,0.9298862510350068,2.353575942519497,1.0
SINCERITIES,-0.23365407571180946,0.2287855379432036,5.999999999999999
