,PageRank,Centrality,Betweenness,Radiality,Clustering Coefficient,Local Efficiency,Node Degrees
PIDC,1.6710360979654162,2.3313724537100406,1.2423596376340214,2.1888613544538615,1.4051077726978014,1.4709443969145408,2.3313724537100406
GRNBOOST2,2.254370731036532,2.3114180298330744,2.0664026605997394,1.8634466098096982,1.3815030641033155,1.4690621324569326,2.292368215642286
PPCOR,1.9936642911227973,2.426730426081487,1.2841396561868643,1.422177378502182,1.2233874219111573,1.2841396561868643,2.4437443059708692
SINCERITIES,1.4473710739540968,1.5296918396204162,0.7734597185187503,0.9279930925290196,1.9085025908693325,1.8231173908604879,1.5296918396204162
