,Clustering Coefficient,Assortativity,In Centralization
GRNBOOST2,-0.6366037629617591,8.149888574544823,1.4480651984402186
SINCERITIES,-0.9802320722634843,-3.1821357651556164,19.012356265927586
