,Clustering Coefficient,Assortativity,In Centralization
GRNBOOST2,-0.2557855225741331,0.2251154015170012,0.004258776825520564
SINCERITIES,-0.3938543681886814,-0.0878966336658934,0.055915563989169234
