,Clustering Coefficient,Assortativity,In Centralization
GRNBOOST2,0.1137433224407913,0.2817444676219959,-0.04340277777777779
SINCERITIES,0.009934997756563368,-0.11792572088598972,0.3612850504095778
