,Clustering Coefficient,Assortativity,In Centralization
GRNBOOST2,0.5119058921611992,4.4048258414259225,-0.3333333333333334
SINCERITIES,0.04471281285844689,-1.8436644634467176,2.7746691871455575
