,PageRank,Centrality,Betweenness,Radiality,Clustering Coefficient,Local Efficiency,Node Degrees
PIDC,0.12615384615384617,0.037548487026363486,0.09076923076923075,-0.05376047378985215,-0.09397916562550926,-0.04963447479799923,0.037548487026363486
GRNBOOST2,0.014615384615384615,0.025987874966172914,0.2646153846153846,0.06842592103608032,0.05556628366658916,-0.12622667156901796,0.025987874966172914
PPCOR,0.1376923076923077,0.05579878677457823,0.31769230769230766,-0.1084531698477633,0.23682687181148906,0.13156376469567135,0.05579878677457823
SINCERITIES,0.3417391304347826,0.40081237126716673,-0.027826086956521737,0.10003082906542603,-0.17353410221881263,-0.08962366972983701,0.40081237126716673
