,Clustering Coefficient,Assortativity,In Centralization
GRNBOOST2,0.33593908963655844,0.21778178719720295,0.08680555555555555
SINCERITIES,0.2321307649523305,-0.18188840131078265,0.4914933837429111
ground truth,0.22219576719576714,-0.06396268042479293,0.13020833333333334
