,PageRank,Out Centrality,Betweenness,Clustering Coefficient,Node In Degrees
GRNBOOST2,0.4115384615384615,,-0.04769230769230769,0.14021246596707682,0.283010966132597
SINCERITIES,0.2828511067835119,,0.11741856618606154,-0.2121218220566509,0.07155478381841568
