,Clustering Coefficient,Global Efficiency,Local Efficiency,Shortest Path Length,Assortativity,Centralization
PIDC,0.06511111111111123,-0.012499999999999956,0.056008994708994786,0.07666666666666666,0.5948204675946397,0.0
GRNBOOST2,0.044744588744588865,-0.0022222222222222365,0.056855844155844215,0.01333333333333342,0.2952997807829038,0.09057971014492754
PPCOR,0.008274170274170323,0.0016666666666667052,0.011325493025493127,-0.010000000000000009,0.1573823775641958,0.09057971014492754
SINCERITIES,0.014516937583114065,0.027512077294685966,-0.003486919462164395,-0.10826086956521741,-0.11311731522978107,0.32114624505928857
