,Clustering Coefficient,Global Efficiency,Local Efficiency,Shortest Path Length,Assortativity,Centralization
PIDC,0.5063174603174604,0.6302777777777778,0.6966402116402116,1.8733333333333333,0.4818010770129175,0.09782608695652174
GRNBOOST2,0.485950937950938,0.6405555555555555,0.697487061087061,1.81,0.18228039020118167,0.18840579710144928
PPCOR,0.4494805194805195,0.6444444444444445,0.65195670995671,1.7866666666666666,0.04436298698247367,0.18840579710144928
SINCERITIES,0.4557232867894632,0.6702898550724637,0.6371442974690524,1.6884057971014492,-0.2261367058115032,0.4189723320158103
ground truth,0.44120634920634916,0.6427777777777778,0.6406312169312168,1.7966666666666666,-0.11301939058172213,0.09782608695652174
