,Clustering Coefficient,Global Efficiency,Local Efficiency,Shortest Path Length,Assortativity,Centralization
PIDC,0.14757519067491753,-0.01944684528954185,0.08742782622628324,0.04267161410018552,5.2629948235700015,0.0
GRNBOOST2,0.10141419955781762,-0.00345721694036303,0.0887497247296157,0.007421150278293183,2.612824040750585,0.9259259259259259
PPCOR,0.01875351587540403,0.0025929127052723155,0.01767864681921849,-0.005565862708719857,1.3925254485458904,0.9259259259259259
SINCERITIES,0.032902830181903375,0.04280184885949415,-0.005442943412697883,-0.06025651367266275,-1.0008664411262078,3.282828282828283
