,Clustering Coefficient,Global Efficiency,Local Efficiency,Shortest Path Length,Assortativity,Centralization
PIDC,0.10152889470051951,-0.10555555555555551,0.03068034271009068,0.8133333333333332,0.6120855811200943,-0.5887681159420289
GRNBOOST2,0.008461073632698324,-0.058944444444444355,-0.024630624100875798,0.3866666666666665,0.7007092972872866,-0.5434782608695652
PPCOR,-0.03025465508303038,-0.0527777777777777,-0.04487641534666709,0.3400000000000001,0.6311161721430238,-0.5434782608695652
SINCERITIES,-0.2682788531072283,-0.026944444444444438,-0.30220381017406195,0.16666666666666674,0.15600955066649158,-0.36231884057971014
