,Clustering Coefficient,Assortativity,In Centralization
GRNBOOST2,0.07220378496930269,0.09197657281743893,-0.042020975056689336
SINCERITIES,-0.18213230788983045,-0.021718688885287954,0.0
