,Clustering Coefficient,Global Efficiency,Local Efficiency,Shortest Path Length,Assortativity,Centralization
PIDC,0.7280634920634921,0.54,0.8207883597883595,2.533333333333333,0.15410726408689357,0.13043478260869565
GRNBOOST2,0.6349956709956709,0.5866111111111112,0.765477392977393,2.1066666666666665,0.2427309802540858,0.17572463768115942
PPCOR,0.5962799422799422,0.5927777777777778,0.7452316017316017,2.06,0.17313785510982307,0.17572463768115942
SINCERITIES,0.35825574425574425,0.6186111111111111,0.4879042069042069,1.8866666666666667,-0.30196876636670916,0.35688405797101447
ground truth,0.6265345973629726,0.6455555555555555,0.7901080170782688,1.72,-0.45797831703320074,0.7192028985507246
