,PageRank,Out Centrality,Betweenness,Clustering Coefficient,Node In Degrees
GRNBOOST2,-0.07341118688305875,0.13715585614866174,0.3118375331143182,0.22132652028927233,0.14397658277709996
SINCERITIES,-0.27625482390046235,-0.23061722948120947,-0.06960784313725489,0.21019041684563342,-0.23073301145428907
