,PageRank,Centrality,Betweenness,Radiality,Clustering Coefficient,Local Efficiency,Node Degrees
PIDC,0.18770504240387598,0.18419245563152287,0.29521269965639035,0.341782549972987,0.044366609129530624,0.08227971367483104,0.18419245563152287
GRNBOOST2,0.34866269646808007,0.2867763420968025,0.35224761518287384,0.359140263736614,0.28157229565978426,0.28857754973286803,0.2867763420968025
PPCOR,0.39207387456714116,0.3986741902663397,0.15140431709151111,0.24854601720507974,0.20798745434484836,0.13281859361510087,0.3986741902663397
SINCERITIES,-0.045786841092727966,-0.0492218047879036,-0.0693263585681522,-0.023943936603180255,0.33249645528577204,0.3521243539389371,-0.0492218047879036
