,Clustering Coefficient,Assortativity,In Centralization
GRNBOOST2,0.4740958378997771,0.1783261178931452,0.1836734693877551
SINCERITIES,0.21975974504064397,0.06463085619041832,0.22569444444444445
ground truth,0.4018920529304744,0.08634954507570627,0.22569444444444445
