,Clustering Coefficient,Assortativity,In Centralization
GRNBOOST2,0.17965964851211833,1.0651656906449154,-0.18618524332810044
SINCERITIES,-0.45318713460934884,-0.2515205941878011,0.0
