,Clustering Coefficient,Global Efficiency,Local Efficiency,Shortest Path Length,Assortativity,Centralization
PIDC,-0.076952380952381,0.01749999999999996,-0.048582010582010726,-0.10666666666666669,-0.036782074643990484,0.045289855072463775
GRNBOOST2,-0.05895238095238098,0.01749999999999996,-0.04534920634920647,-0.10666666666666669,-0.0054672461352062995,0.045289855072463775
PPCOR,-0.17542279942279942,0.018611111111111134,-0.14290408850408853,-0.11333333333333351,0.21589012811951502,0.09057971014492754
SINCERITIES,-0.12337573537573532,0.018055555555555602,-0.18236252636252637,-0.10666666666666669,-0.08490016037458532,0.2717391304347826
