,Clustering Coefficient,Assortativity,In Centralization
GRNBOOST2,0.4457334892654533,0.11026403430083828,0.08680555555555555
SINCERITIES,0.23909561456163397,0.12451620465903003,0.4774305555555556
ground truth,0.29058730158730156,-0.17351898418674905,0.043402777777777776
