,Clustering Coefficient,Global Efficiency,Local Efficiency,Shortest Path Length,Assortativity,Centralization
PIDC,-0.13469659924427657,0.028012449977767834,-0.06404854910714304,-0.05594405594405595,-0.4046028210838308,0.8620689655172415
GRNBOOST2,-0.10318959768837524,0.028012449977767834,-0.05978655133928587,-0.05594405594405595,-0.0601397074872597,0.8620689655172415
PPCOR,-0.30705813413081695,0.029791018230324626,-0.1883989448051948,-0.05944055944055953,2.3747914093142866,1.7241379310344829
SINCERITIES,-0.2159555270246534,0.02890173410404632,-0.24041934627872127,-0.05594405594405595,-0.9339017641202896,5.172413793103448
