,PageRank,Centrality,Betweenness,Radiality,Clustering Coefficient,Local Efficiency,Node Degrees
PIDC,0.2846153846153846,0.23626471101167915,0.039999999999999994,-0.18718645854994997,-0.13033551545208535,-0.08141577113799627,0.23626471101167915
GRNBOOST2,0.42153846153846153,0.2642397588947878,0.3776923076923077,0.2361666516249164,0.0725140811837421,-0.029162014749266094,0.2642397588947878
PPCOR,0.2030769230769231,0.1190366294499972,0.16923076923076924,0.3707014431620251,0.0765966433951592,0.023561362910003072,0.1190366294499972
SINCERITIES,0.36153846153846153,0.46572839510259884,0.44354684413482176,0.47468980162312313,-0.1501406766750205,-0.14965237496723308,0.46572839510259884
