,PageRank,Out Centrality,Betweenness,Clustering Coefficient,Node In Degrees
GRNBOOST2,0.05384615384615384,,0.1600307781093546,0.1787692270045799,0.2605370963308489
SINCERITIES,0.36471834703740785,,0.311898055496235,-0.33419383829353716,0.34684425946053454
