,Clustering Coefficient,Global Efficiency,Local Efficiency,Shortest Path Length,Assortativity,Centralization
PIDC,0.4943492063492063,0.6422222222222221,0.7099365079365079,1.8,-0.1276911655530959,0.09782608695652174
GRNBOOST2,0.5123492063492063,0.6422222222222221,0.7131693121693121,1.8,-0.09637633704431171,0.09782608695652174
PPCOR,0.3958787878787879,0.6433333333333333,0.6156144300144301,1.7933333333333332,0.1249810372104096,0.1431159420289855
SINCERITIES,0.447925851925852,0.6427777777777778,0.5761559921559922,1.8,-0.17580925128369074,0.3242753623188406
ground truth,0.5713015873015873,0.6247222222222222,0.7585185185185186,1.9066666666666667,-0.09090909090910541,0.05253623188405797
