,Clustering Coefficient,Assortativity,In Centralization
GRNBOOST2,0.5339056002470947,1.6354580440729594,1.0
SINCERITIES,-0.17719868261413985,1.7175941309397016,10.0
