,Clustering Coefficient,Assortativity,In Centralization
GRNBOOST2,0.15514618767815175,0.28378301848758736,0.043402777777777776
SINCERITIES,-0.05149168702566759,0.29803518884577906,0.4340277777777778
