,PageRank,Centrality,Betweenness,Radiality,Clustering Coefficient,Local Efficiency,Node Degrees
PIDC,-0.004519774732639901,-0.0580256459452573,-0.12941513550643688,-0.13095106348500823,0.26217444746791163,0.288298519777447,-0.0580256459452573
GRNBOOST2,0.15923076923076923,0.1268907895196055,0.22230769230769232,0.10758226920060616,-0.2695147672680646,-0.2476396093316023,0.1268907895196055
PPCOR,0.1476923076923077,0.12710545399147785,0.20153846153846153,0.12804628779854757,0.039682587264399695,0.2609872031208468,0.12710545399147785
SINCERITIES,-0.48392707688279757,-0.5419040882237578,-0.43431811688783006,-0.576471696409555,0.3499407880395993,0.46065927674222373,-0.5419040882237578
