,Clustering Coefficient,Assortativity,In Centralization
GRNBOOST2,0.15403610436662576,0.18974654442676997,0.390625
SINCERITIES,0.28097603150727624,-0.002390845582444928,0.6944444444444444
