,Clustering Coefficient,Global Efficiency,Local Efficiency,Shortest Path Length,Assortativity,Centralization
PIDC,1.5451881157321228,-0.008054944168520078,0.8813964138786672,0.14084810217406907,3.9737631331966976,0.17274725274725286
GRNBOOST2,0.8835573010367581,-0.0008873114463177961,0.5093060532718222,0.0018416206261509327,-0.31591286637393295,1.3461538461538463
PPCOR,0.34989785387839356,-0.026175687666371083,0.31984805516065246,0.057090239410681365,2.3693009427908636,-0.19230769230769224
SINCERITIES,1.6991204508559274,0.02484472049689439,1.047681440815926,-0.051565377532228444,-3.1807071499149115,2.3076923076923075
