,PageRank,Out Centrality,Betweenness,Clustering Coefficient,Node In Degrees
GRNBOOST2,0.13823646763904388,0.2119242632937123,0.5503619408449655,-0.23778250395311565,-0.04012838954034957
SINCERITIES,-0.3787317705555504,0.10061086458927344,-0.5402877159540693,0.27313116213623523,-0.36806163314244006
