,Clustering Coefficient,Global Efficiency,Local Efficiency,Shortest Path Length,Assortativity,Centralization
PIDC,0.6975357975357975,0.6210678210678211,0.798934398934399,2.064935064935065,0.36689807305521344,0.2761904761904762
GRNBOOST2,0.5162088554720133,0.6255555555555555,0.6409263436368698,1.8133333333333332,-0.16235519554045924,0.552536231884058
PPCOR,0.369953823953824,0.6097222222222222,0.560473063973064,1.9133333333333333,0.16894212983352108,0.19021739130434784
SINCERITIES,0.7397225865921517,0.6416666666666667,0.8695472836342403,1.7166666666666666,-0.5158088686313927,0.7789855072463768
ground truth,0.27406060606060606,0.6261111111111112,0.42464968734968733,1.81,-0.12337837837837813,0.23550724637681159
