,Clustering Coefficient,Assortativity,In Centralization
GRNBOOST2,0.8846017222231001,1.1384990216038913,2.122641509433962
SINCERITIES,1.613594958122046,-0.014345322412287961,3.773584905660377
