,Clustering Coefficient,Global Efficiency,Local Efficiency,Shortest Path Length,Assortativity,Centralization
PIDC,0.42347519147519147,-0.005043290043290072,0.37428471158471166,0.254935064935065,0.49027645143359155,0.04068322981366462
GRNBOOST2,0.24214824941140728,-0.0005555555555556424,0.2162766562871825,0.0033333333333331883,-0.03897681716208111,0.3170289855072464
PPCOR,0.09589321789321792,-0.01638888888888901,0.13582337662337662,0.10333333333333328,0.2923205082118992,-0.04528985507246375
SINCERITIES,0.46566198053154567,0.015555555555555545,0.44489759628455294,-0.09333333333333349,-0.39243049025301463,0.5434782608695652
