,Clustering Coefficient,Assortativity,In Centralization
GRNBOOST2,0.3281665638682378,0.023082769732032528,0.5746527777777778
SINCERITIES,0.4551064910088882,-0.16905462027718238,0.8784722222222222
ground truth,0.17413045950161202,-0.16666377469473745,0.1840277777777778
