,PageRank,Out Centrality,Betweenness,Clustering Coefficient,Node In Degrees
GRNBOOST2,-0.6636363636363638,-0.4649735777679867,-0.2844156393243098,-0.25968176711957697,-0.7421708293566749
SINCERITIES,-0.15811388300841897,0.10175170591467025,0.3598780521783008,0.5446615996485046,-0.18844132949134285
