,Clustering Coefficient,Assortativity,In Centralization
GRNBOOST2,0.33335694731934673,-0.39446093152786954,0.015918367346938772
SINCERITIES,0.2358627141971875,-0.14820721590930974,0.6122448979591837
