,Clustering Coefficient,Global Efficiency,Local Efficiency,Shortest Path Length,Assortativity,Centralization
PIDC,0.7248015873015872,0.8181818181818182,0.8614087301587302,1.3636363636363635,-0.18138572905894512,0.32727272727272727
GRNBOOST2,0.7088504088504088,0.6666666666666666,0.7844757094757095,1.8952380952380952,0.08737535913469491,0.41208791208791207
PPCOR,0.49465608465608457,0.6968253968253969,0.6315432098765431,1.6761904761904762,0.26678445229682013,0.24725274725274726
SINCERITIES,0.7183272283272284,0.7142857142857143,0.8587973137973138,1.5714285714285714,-0.4837286265857687,0.6593406593406593
ground truth,0.426984126984127,0.7047619047619048,0.5821957671957672,1.6285714285714286,0.0023907846120427446,0.16483516483516483
