,Clustering Coefficient,Assortativity,In Centralization
GRNBOOST2,1.3436175211346761,-1.9308587024395114,0.07799999999999999
SINCERITIES,0.9506604794833668,-0.7254639679889413,3.0
