,PageRank,Centrality,Betweenness,Radiality,Clustering Coefficient,Local Efficiency,Node Degrees
PIDC,-0.013986013986013986,-0.02893313953016946,-0.0665500144921429,0.0341728829576206,-0.046017771192430466,0.09490465829402037,-0.02893313953016946
GRNBOOST2,-0.8650584330044641,-0.844691952405113,-0.4699598821838846,-0.7415983008315549,-0.030520695507028392,0.03756714418984554,-0.844691952405113
PPCOR,-0.3571428571428571,-0.49307668402494587,0.2642857142857143,-0.26392793117567936,-0.026930025447377992,0.18928571428571428,-0.49307668402494587
SINCERITIES,-0.08400360816365664,-0.19889000184416752,0.05642522476630853,-0.12051645436165648,0.5594907269106169,0.5301610743322462,-0.19889000184416752
