,Clustering Coefficient,Global Efficiency,Local Efficiency,Shortest Path Length,Assortativity,Centralization
PIDC,0.29781746031746015,0.11341991341991342,0.27921296296296305,-0.264935064935065,-0.18377651367098788,0.16243756243756244
GRNBOOST2,0.2818662818662818,-0.03809523809523818,0.2022799422799424,0.2666666666666666,0.08498457452265216,0.24725274725274723
PPCOR,0.06767195767195755,-0.007936507936507908,0.049347442680775955,0.04761904761904767,0.2643936676847774,0.08241758241758243
SINCERITIES,0.2913431013431014,0.00952380952380949,0.2766015466015467,-0.05714285714285716,-0.48611941119781144,0.4945054945054945
