,Clustering Coefficient,Global Efficiency,Local Efficiency,Shortest Path Length,Assortativity,Centralization
PIDC,0.6974907063197021,0.16093366093366093,0.4795860408051985,-0.16267942583732062,-76.86870358177718,0.9854545454545455
GRNBOOST2,0.6601329277909201,-0.054054054054054175,0.34744316890906635,0.1637426900584795,35.546729761674044,1.5
PPCOR,0.15848822800495632,-0.01126126126126122,0.08476090940761263,0.029239766081871378,110.58866045606385,0.5000000000000001
SINCERITIES,0.6823277094652559,0.013513513513513464,0.47510057988542126,-0.035087719298245626,-203.33049190176072,3.0
