,Clustering Coefficient,Assortativity,In Centralization
GRNBOOST2,0.5814609963331084,-0.19016792395072557,0.22
SINCERITIES,0.4839667632109492,0.05608579166783426,0.8163265306122449
ground truth,0.24810404901376173,0.204293007577144,0.20408163265306123
