,Clustering Coefficient,Assortativity,In Centralization
GRNBOOST2,0.2840921495529539,0.11230631836130697,0.3038194444444444
SINCERITIES,0.47665840428358863,-0.1656099501150325,0.8680555555555556
ground truth,0.19657779821203827,0.024130021885576745,0.4774305555555556
