,PageRank,Out Centrality,Betweenness,Clustering Coefficient,Node In Degrees
GRNBOOST2,-0.029167647940464766,0.16789787860837532,0.018679347484034766,0.297895849941968,-0.1470731744166548
SINCERITIES,-0.29217884536045724,0.13943272529464765,-0.20240795374246165,-0.08752664033292888,-0.4150359045901925
