,Clustering Coefficient,Global Efficiency,Local Efficiency,Shortest Path Length,Assortativity,Centralization
PIDC,0.5734691234691235,0.592391304347826,0.6416618104118105,2.1594202898550723,0.3697128049172244,0.3557312252964427
GRNBOOST2,0.4455175935175935,0.6266666666666667,0.5796249306249305,1.84,-0.07942096531110976,0.26268115942028986
PPCOR,0.36700937950937945,0.6515700483091788,0.5411024931858265,1.7427536231884058,-0.0679048171793364,0.2134387351778656
SINCERITIES,0.6955938554199421,0.65,0.8260336426858166,1.7,-0.5467063164472092,0.7608695652173914
ground truth,0.34657287157287153,0.6394444444444445,0.5230110630110629,1.7633333333333334,-0.13587512500143767,0.39855072463768115
