,Clustering Coefficient,Global Efficiency,Local Efficiency,Shortest Path Length,Assortativity,Centralization
PIDC,0.6546855524684194,-0.07358440675405141,0.22686087502175417,0.2246239829045778,3.720974901868996,-0.10743801652892561
GRNBOOST2,0.28549471138833077,-0.019982623805386616,0.10824602311073873,0.04347826086956521,0.4154856136451067,-0.3409090909090909
PPCOR,0.05896741958988234,0.018962716730253418,0.03459091299256299,-0.011670913125667856,0.500240995703828,-0.4644628099173554
SINCERITIES,1.0070637735235555,0.01650738488271066,0.5793808221382576,-0.035916824196597426,-3.0235938435488072,0.9090909090909093
