,Clustering Coefficient,Assortativity,In Centralization
GRNBOOST2,0.44518939644709243,3.6542153543771088,-0.3636363636363637
SINCERITIES,1.4247824963907774,-7.86323248691385,0.8181818181818181
