,Clustering Coefficient,Global Efficiency,Local Efficiency,Shortest Path Length,Assortativity,Centralization
PIDC,0.22689625189625195,-0.04705314009661843,0.11865074740074755,0.39608695652173886,0.5055879299186621,-0.042819499341238465
GRNBOOST2,0.09894472194472198,-0.012777777777777777,0.05661386761386755,0.07666666666666666,0.05645415969032791,-0.1358695652173913
PPCOR,0.02043650793650792,0.012125603864734269,0.018091430174763556,-0.020579710144927654,0.06797030782210127,-0.18511198945981555
SINCERITIES,0.3490209838470706,0.01055555555555554,0.30302257967475366,-0.06333333333333346,-0.41083119144577157,0.3623188405797102
