,PageRank,Centrality,Betweenness,Radiality,Clustering Coefficient,Local Efficiency,Node Degrees
PIDC,0.4626086956521739,0.4160666086750604,0.1455341144533374,0.2901893508375116,0.17564947680930276,0.017444455708168913,0.4160666086750604
GRNBOOST2,-0.12348528791611259,-0.10737587776167033,0.1327178328070369,0.11460153189865138,0.256608184988068,0.15594918368304692,-0.10737587776167033
PPCOR,-0.13478260869565215,-0.09362506823810188,-0.027826086956521737,-0.020691233887194235,-0.17868820553992348,-0.051750381740870766,-0.09362506823810188
SINCERITIES,-0.20785225558485695,-0.185775304069535,-0.14573933606193962,-0.1976275526762643,0.06623111857190268,0.16150315960077255,-0.185775304069535
