,Clustering Coefficient,Assortativity,In Centralization
GRNBOOST2,0.08751435134091565,0.08817629647573022,-0.17361111111111116
SINCERITIES,0.2800806060715504,-0.18973997200060924,0.390625
