,Clustering Coefficient,Assortativity,In Centralization
GRNBOOST2,0.25586749588354823,-0.01327848000426355,0.07653061224489796
SINCERITIES,0.10538588985549413,0.351798495105083,0.6887755102040817
