,PageRank,Out Centrality,Betweenness,Clustering Coefficient,Node In Degrees
GRNBOOST2,-0.11796251359151783,-0.3408454860230835,0.1901364408835564,-0.1221927170184476,0.2717097494302914
SINCERITIES,0.11250094481840589,-0.1257090960870461,-0.43543178608840033,0.1713005173241174,0.2696456331601343
