,Clustering Coefficient,Assortativity,In Centralization
GRNBOOST2,0.4971150343281491,-0.03150476049671134,0.20408163265306123
SINCERITIES,0.34663342830009497,0.3335722146126352,0.8163265306122449
ground truth,0.24124753844460084,-0.01822628049244779,0.12755102040816327
