,PageRank,Centrality,Betweenness,Radiality,Clustering Coefficient,Local Efficiency,Node Degrees
PIDC,0.30357142857142855,0.14814814814814817,0.34852560833857543,-0.04155268138131744,0.5621703750837338,0.45863309352517984,0.14814814814814817
GRNBOOST2,0.5075962706059252,0.33695036905571735,0.23971415816377628,0.08448149595753265,0.04860535271617789,-0.188679321439009,0.33695036905571735
PPCOR,-0.007142857142857141,-0.0424747705339841,-0.014285714285714282,-0.14364016243469377,-0.17577553809446655,-0.35283542645531346,-0.0424747705339841
SINCERITIES,0.0017937400083354376,-0.029359033736702952,0.062058676409485466,-0.07390560169593345,0.22952527671528447,0.20559137441986455,-0.029359033736702952
