,Clustering Coefficient,Assortativity,In Centralization
GRNBOOST2,1.0606014781879511,-0.7285348214500265,0.6
SINCERITIES,0.4368371612616248,19.301716290981783,5.4
