,Clustering Coefficient,Global Efficiency,Local Efficiency,Shortest Path Length,Assortativity,Centralization
PIDC,0.16444444444444434,-0.00952380952380949,0.13257936507936496,0.05714285714285716,-0.09300672616506031,0.0
GRNBOOST2,0.1326984126984126,-0.00952380952380949,0.043531746031746144,0.05714285714285716,-0.1561327705131607,0.0
PPCOR,0.11841269841269836,-0.015873015873015928,0.0784171075837744,0.09523809523809512,0.2589806803677983,0.0824175824175824
SINCERITIES,0.1778062678062679,0.004761904761904856,0.07208689458689455,-0.028571428571428692,-0.3508377462242077,0.4945054945054945
