,Clustering Coefficient,Global Efficiency,Local Efficiency,Shortest Path Length,Assortativity,Centralization
PIDC,0.3818650939918906,-0.013605442176870701,0.21445535656974113,0.03529411764705884,-0.669357782369193,0.0
GRNBOOST2,0.308145963877626,-0.013605442176870701,0.07041530265100474,0.03529411764705884,-1.1236680327869446,0.0
PPCOR,0.274972355326207,-0.022675736961451327,0.12684454144111398,0.058823529411764636,1.8638515840220669,0.4411764705882352
SINCERITIES,0.41289328683357457,0.006802721088435509,0.11660502879451458,-0.017647058823529484,-2.5249354048574375,2.6470588235294117
