,Clustering Coefficient,Global Efficiency,Local Efficiency,Shortest Path Length,Assortativity,Centralization
PIDC,0.595079365079365,0.6904761904761905,0.7507936507936507,1.6761904761904762,-0.2319559228650118,0.18681318681318682
GRNBOOST2,0.5633333333333332,0.6904761904761905,0.6617460317460319,1.6761904761904762,-0.2950819672131122,0.18681318681318682
PPCOR,0.549047619047619,0.684126984126984,0.6966313932980601,1.7142857142857142,0.1200314836678468,0.2692307692307692
SINCERITIES,0.6084411884411886,0.7047619047619048,0.6903011803011803,1.5904761904761904,-0.4897869429241592,0.6813186813186813
ground truth,0.43063492063492065,0.7,0.6182142857142857,1.619047619047619,-0.13894919669995148,0.18681318681318682
