,Clustering Coefficient,Assortativity,In Centralization
GRNBOOST2,0.4142919716095871,1.0071209052449956,0.4517958412098298
SINCERITIES,2.247767768009891,1.0164908833970436,3.205128205128205
