,Clustering Coefficient,Assortativity,In Centralization
GRNBOOST2,0.28887920234108616,0.0010755938532624205,0.2948960302457467
SINCERITIES,0.663379684708257,0.0024909042047979355,0.8541666666666666
ground truth,0.20425711814818304,-0.1510473480907932,0.203125
