,PageRank,Out Centrality,Betweenness,Clustering Coefficient,Node In Degrees
GRNBOOST2,0.17003696857714679,0.0844514222495958,-0.08065265374277483,0.206663939480441,0.29306536453310533
SINCERITIES,-0.14936769697275307,0.03806513414107413,-0.10307868640792482,-0.24854933210142133,-0.02121838158765087
