,Clustering Coefficient,Assortativity,In Centralization
GRNBOOST2,0.08462208419290312,0.15212294194405562,0.09177103024574668
SINCERITIES,0.459122566560074,0.15353825229559115,0.6510416666666666
