,PageRank,Centrality,Betweenness,Radiality,Clustering Coefficient,Local Efficiency,Node Degrees
PIDC,-0.01174168325213034,-0.06658011017598853,0.004366853863147931,-0.04573492382998784,0.047161590038938626,-0.11544339273954578,-0.06658011017598853
GRNBOOST2,-0.13478260869565215,-0.15735135001589473,-0.08436616855234394,-0.22459522240472468,0.18326865950010615,0.059591126576772506,-0.15735135001589473
PPCOR,0.03153846153846154,0.057121272593870676,-0.10307692307692308,-0.01662760539151427,-0.23194579331144444,-0.07887649095806078,0.057121272593870676
SINCERITIES,-0.03664431920557636,-0.12263098382040767,-0.11058001052603825,-0.13011374531028694,-0.20684346969493472,-0.23477165198015243,-0.12263098382040767
