,Clustering Coefficient,Assortativity,In Centralization
GRNBOOST2,0.8489775251522591,18.146426553974425,-0.27272727272727265
SINCERITIES,0.7930991140915307,-5.818000535066486,1.6363636363636365
