,Clustering Coefficient,Global Efficiency,Local Efficiency,Shortest Path Length,Assortativity,Centralization
PIDC,0.6908465608465609,0.6984126984126984,0.8148412698412698,1.6857142857142857,0.17992509363295706,0.31868131868131866
GRNBOOST2,0.7137037037037037,0.6904761904761905,0.8349823633156969,1.7333333333333334,0.16338071221152847,0.23626373626373626
PPCOR,0.5333862433862433,0.7015873015873016,0.7086463844797176,1.6666666666666667,0.11178861788617733,0.23626373626373626
SINCERITIES,0.5935131535131535,0.7174603174603175,0.7656617456617456,1.5714285714285714,-0.42913009472495034,0.5659340659340659
ground truth,0.4535978835978836,0.7095238095238096,0.6039241622574956,1.619047619047619,0.019649334945587592,0.23626373626373626
