,Clustering Coefficient,Global Efficiency,Local Efficiency,Shortest Path Length,Assortativity,Centralization
PIDC,0.23724867724867732,-0.011111111111111183,0.21091710758377424,0.06666666666666665,0.16027575868736946,0.0824175824175824
GRNBOOST2,0.2601058201058201,-0.01904761904761909,0.2310582010582013,0.11428571428571432,0.14373137726594087,0.0
PPCOR,0.07978835978835969,-0.007936507936507908,0.10472222222222205,0.04761904761904767,0.09213928294058973,0.0
SINCERITIES,0.13991526991526987,0.007936507936507908,0.16173758340425004,-0.04761904761904767,-0.4487794296705379,0.32967032967032966
