,PageRank,Out Centrality,Betweenness,Clustering Coefficient,Node In Degrees
GRNBOOST2,-0.20393592560201862,0.32597120284854847,0.035746216239853884,0.2076999433764589,-0.3500973978133964
SINCERITIES,0.0018035152306241872,0.38402759782608226,-0.0909241209316635,-0.36818602727049504,0.04299335803923478
