,Clustering Coefficient,Assortativity,In Centralization
GRNBOOST2,0.22010629482327593,0.18908432393128835,-0.07653061224489793
SINCERITIES,0.20561923285189676,-0.06062310364703614,0.45918367346938777
