,Clustering Coefficient,Assortativity,In Centralization
GRNBOOST2,0.4793667443667443,0.19950424453487822,0.20408163265306123
SINCERITIES,0.46487968239536515,-0.05020318304344627,0.7397959183673469
ground truth,0.2592604495434684,0.010419920603589865,0.28061224489795916
