,PageRank,Centrality,Betweenness,Radiality,Clustering Coefficient,Local Efficiency,Node Degrees
PIDC,-0.4720912304524728,-0.4575653544439479,-0.41300498781293893,-0.3780266823028081,0.3276056306671293,0.5593147263404561,-0.4575653544439479
GRNBOOST2,-0.053763786204949045,-0.04638346650617749,0.08960631034158174,-0.11478785777612015,0.5850606388270748,0.543581406058642,-0.04638346650617749
PPCOR,-0.25,-0.21230375521248585,-0.21071428571428572,-0.3107403435804992,-0.008976660682226209,-0.012522361359570662,-0.21230375521248585
SINCERITIES,0.06970512166771509,0.11381567652519715,0.2665478325850945,0.12595510239124075,-0.47065078274122113,-0.5798960183458285,0.11381567652519715
