,Clustering Coefficient,Global Efficiency,Local Efficiency,Shortest Path Length,Assortativity,Centralization
PIDC,0.5230374431354253,-0.015659955257270795,0.3492443600788494,0.04117647058823529,8.156803226735192,0.34883720930232553
GRNBOOST2,0.5734282048291147,-0.026845637583892676,0.3825947287727244,0.07058823529411767,7.3148214768569995,0.0
PPCOR,0.17590108480111957,-0.011185682326621883,0.17340293494925868,0.029411764705882384,4.689180737960819,0.0
SINCERITIES,0.30845661978287653,0.011185682326621883,0.2678110821061832,-0.029411764705882384,-22.839420820770055,1.3953488372093024
