,Clustering Coefficient,Global Efficiency,Local Efficiency,Shortest Path Length,Assortativity,Centralization
PIDC,0.673843711843712,0.6227777777777778,0.8199350279350281,1.95,0.181660988512437,0.22644927536231885
GRNBOOST2,0.6018643578643578,0.6358333333333334,0.7702496392496393,1.86,-0.023796795775219586,0.3170289855072464
PPCOR,0.5211486291486289,0.6477777777777778,0.7425247715247717,1.78,-0.06581202951479401,0.1358695652173913
SINCERITIES,0.47165242165242177,0.6739130434782609,0.6764081790123454,1.681159420289855,-0.3120000000000007,0.31620553359683795
ground truth,0.5604761904761904,0.63,0.7397777777777776,1.8866666666666667,-0.0678391959798778,0.04528985507246377
