,PageRank,Centrality,Betweenness,Radiality,Clustering Coefficient,Local Efficiency,Node Degrees
PIDC,0.0,0.0,0.0,0.0,0.0,0.0,0.0
GRNBOOST2,6.662804171494785,2.665121668597914,2.665121668597914,2.665121668597914,0.0,0.0,0.0
PPCOR,6.662804171494785,2.665121668597914,2.665121668597914,2.665121668597914,0.0,0.0,6.662804171494785
SINCERITIES,0.0,0.0,0.0,2.5539432176656156,0.0,0.0,0.0
