,Clustering Coefficient,Assortativity,In Centralization
GRNBOOST2,0.7510257692344178,7.837743848125175,2.0000000000000004
SINCERITIES,-0.19824222553619303,1.2164912842000717,10.324007561436673
