,PageRank,Centrality,Betweenness,Radiality,Clustering Coefficient,Local Efficiency,Node Degrees
PIDC,0.04047813449568328,0.04034850217792016,-0.2706252420568539,-0.040526310537568555,-0.36219721740623495,-0.32408482204240546,0.04034850217792016
GRNBOOST2,0.34698981215057173,0.34864496098972864,0.14887478636615442,0.0535915570976295,0.08260812500242805,0.040836810066287116,0.34864496098972864
PPCOR,0.42076923076923073,0.32769823401144105,-0.1276923076923077,-0.10551366239505681,-0.20470663957694424,-0.2352861852711518,0.32769823401144105
SINCERITIES,-0.03130434782608695,0.0,-0.13872581323813257,-0.19682362454960406,-0.04696835868270711,-0.12659055545505626,0.0
