,Clustering Coefficient,Global Efficiency,Local Efficiency,Shortest Path Length,Assortativity,Centralization
PIDC,0.20227000413916346,-0.01146384479717816,0.10835314680313227,0.03356890459363952,3.677817534369373,4.0
GRNBOOST2,0.07384464869596567,0.009259259259259297,0.041190560715943965,-0.014134275618374532,0.6492176030170212,6.000000000000001
PPCOR,-0.07016812131510537,0.028218694885361557,0.0037132688078922323,-0.05653710247349824,0.029881935300133545,1.9999999999999998
SINCERITIES,-0.15847911175013937,0.06970324361628707,-0.08566031674510217,-0.10892610231986487,-3.5991111111125926,5.981818181818182
