,Clustering Coefficient,Assortativity,In Centralization
GRNBOOST2,0.49070412628307364,0.43169777169873547,0.13020833333333334
SINCERITIES,0.22468307155807157,0.013668076350504687,0.4914933837429111
ground truth,0.2802380952380952,-0.06313453403451222,0.043402777777777776
