,Clustering Coefficient,Global Efficiency,Local Efficiency,Shortest Path Length,Assortativity,Centralization
PIDC,0.1133675213675216,-0.007222222222222241,0.0801572501572505,0.06333333333333324,0.2495001844923148,0.18115942028985507
GRNBOOST2,0.04138816738816742,0.005833333333333357,0.03047186147186165,-0.026666666666666616,0.04404240020465821,0.27173913043478265
PPCOR,-0.03932756132756143,0.01777777777777778,0.002746993746994053,-0.10666666666666669,0.002027166465083788,0.09057971014492752
SINCERITIES,-0.08882376882376858,0.04391304347826086,-0.06336959876543224,-0.20550724637681173,-0.2441608040201229,0.2709156785243742
