,Clustering Coefficient,Assortativity,In Centralization
GRNBOOST2,0.21046603104497846,0.49483230573324766,0.08680555555555557
SINCERITIES,-0.0555550236800236,0.0768026103850169,0.44809060596513334
