,PageRank,Out Centrality,Betweenness,Clustering Coefficient,Node In Degrees
GRNBOOST2,0.31204311659537626,,0.07430224808144784,-0.2563183893514169,0.04494609700600736
SINCERITIES,0.2884963701061412,,0.16354942152434052,-0.08840691159541499,0.24122532033850383
