,PageRank,Centrality,Betweenness,Radiality,Clustering Coefficient,Local Efficiency,Node Degrees
PIDC,,,,,,,
GRNBOOST2,-0.15313583280512916,-0.13064363361160344,-0.09311274255990264,0.06505553404564991,0.17210765818237683,0.2432640672892866,-0.13064363361160344
PPCOR,0.07923076923076922,0.1495570295073113,-0.006923076923076924,-0.023661496922575437,0.04747219177490423,-0.10003847633705269,0.1495570295073113
SINCERITIES,-0.41892672442569034,-0.4941542352398379,-0.4190450685410259,-0.46784522720090893,-0.3701625386996904,-0.24098113653199058,-0.4941542352398379
