,Clustering Coefficient,Assortativity,In Centralization
GRNBOOST2,0.3568898293228536,-0.17584753975773007,0.4184027777777778
SINCERITIES,0.41528532452966843,-0.07525078834935572,0.8090277777777778
ground truth,0.1901711426974585,-0.1331024160935569,0.1579861111111111
