,Clustering Coefficient,Assortativity,In Centralization
GRNBOOST2,0.16671868662539513,-0.04274512366417316,0.2604166666666667
SINCERITIES,0.22511418183220994,0.05785162774420119,0.6510416666666667
