,Clustering Coefficient,Global Efficiency,Local Efficiency,Shortest Path Length,Assortativity,Centralization
PIDC,,,,,,
GRNBOOST2,0.21710533910533913,-0.011111111111111183,0.1564108225108225,0.06666666666666665,-0.06858781654984383,0.1358695652173913
PPCOR,0.024548340548340652,-0.009444444444444478,-0.036520394420394564,0.05666666666666664,0.18092314795810774,0.0
SINCERITIES,0.26602149285780996,0.005555555555555536,0.21856152962316633,-0.03333333333333344,-0.3768998521136179,0.5434782608695652
