,Clustering Coefficient,Assortativity,In Centralization
GRNBOOST2,0.8766771039001766,-0.32114461118517834,1.6483516483516485
SINCERITIES,1.1837452235870614,0.4346399520166307,4.120879120879121
