,PageRank,Out Centrality,Betweenness,Clustering Coefficient,Node In Degrees
GRNBOOST2,-0.17033757453948334,0.3651906304822535,-0.02053117096527667,0.24055519871645986,-0.2878881974934075
SINCERITIES,-0.04976897224774081,-0.2798686594097045,-0.0668747124014204,-0.2540541297995461,-0.4188114122378845
