,Clustering Coefficient,Global Efficiency,Local Efficiency,Shortest Path Length,Assortativity,Centralization
PIDC,,,,,,
GRNBOOST2,0.577922077922078,0.6516666666666666,0.7508215488215488,1.7633333333333334,-0.21442207857453938,0.3134057971014493
PPCOR,0.38536507936507947,0.6533333333333333,0.5578903318903318,1.7533333333333334,0.0350888859334122,0.17753623188405798
SINCERITIES,0.6268382316745488,0.6683333333333333,0.8129722559338927,1.6633333333333333,-0.5227341141383134,0.7210144927536232
ground truth,0.3608167388167388,0.6627777777777778,0.5944107263107263,1.6966666666666668,-0.14583426202469554,0.17753623188405798
