,Clustering Coefficient,Global Efficiency,Local Efficiency,Shortest Path Length,Assortativity,Centralization
PIDC,,,,,,
GRNBOOST2,0.6017052862273342,-0.016764459346186193,0.2631359354525834,0.039292730844793705,-0.4703134613060214,0.7653061224489796
PPCOR,0.06803548147140955,-0.014249790444258222,-0.061439662515954736,0.03339882121807464,1.2406079713110918,0.0
SINCERITIES,0.7372759194326736,0.008382229673093013,0.367694457634861,-0.019646365422396915,-2.58443967062962,3.061224489795918
