,Clustering Coefficient,Global Efficiency,Local Efficiency,Shortest Path Length,Assortativity,Centralization
PIDC,0.7427849927849929,0.7756410256410257,0.8706154956154956,1.4487179487179487,-0.23666866387058147,0.5303030303030303
GRNBOOST2,0.6996488696488696,0.6738095238095239,0.7717099567099567,1.8285714285714285,-0.33012963790791267,0.5054945054945055
PPCOR,0.6642760942760942,0.6952380952380952,0.8128210678210677,1.6666666666666667,-0.228278823918071,0.4230769230769231
SINCERITIES,0.28746031746031747,0.6952380952380952,0.43476190476190474,1.6666666666666667,0.00977494885201088,0.17582417582417584
ground truth,0.6017893217893219,0.7079365079365079,0.7642472342472343,1.5904761904761904,-0.4698460341281743,0.5054945054945055
