,PageRank,Out Centrality,Betweenness,Clustering Coefficient,Node In Degrees
GRNBOOST2,0.07744894808829489,0.10852482753248112,-0.049999999999999996,-0.48724029059099144,-0.18558679039209167
SINCERITIES,0.09765701039735354,-0.09392393236115647,-0.0755410434556289,0.280038990202963,-0.2246457913675174
