,Clustering Coefficient,Global Efficiency,Local Efficiency,Shortest Path Length,Assortativity,Centralization
PIDC,0.140995670995671,0.0677045177045178,0.10636826136826127,-0.1417582417582417,0.2331773702575928,0.0248085248085248
GRNBOOST2,0.09785954785954776,-0.034126984126984006,0.007462722462722393,0.23809523809523814,0.1397163962202616,0.0
PPCOR,0.06248677248677237,-0.012698412698412653,0.04857383357383338,0.07619047619047636,0.24156721021010327,-0.0824175824175824
SINCERITIES,-0.3143290043290044,-0.012698412698412653,-0.32948532948532955,0.07619047619047636,0.47962098298018513,-0.3296703296703296
