,Clustering Coefficient,Assortativity,In Centralization
GRNBOOST2,0.22699249128201093,-0.43246447697119095,0.1624489795918367
SINCERITIES,-0.2705780868732702,0.21660351862693772,0.22959183673469388
