,Clustering Coefficient,Assortativity,In Centralization
GRNBOOST2,0.5171403610624555,-88.32445103423306,1.2735999999999998
SINCERITIES,-0.6164382299650127,44.238053975661,1.8
