,PageRank,Centrality,Betweenness,Radiality,Clustering Coefficient,Local Efficiency,Node Degrees
PIDC,-0.16483516483516483,-0.12500049315403566,-0.06344833621723318,-0.1342658655835799,-0.35425417997112585,-0.3119777158774373,-0.12500049315403566
GRNBOOST2,0.18409301363524752,0.08885038402340234,0.22449399601689604,0.15679183516541545,-0.037789960586436,-0.04048045364269757,0.08885038402340234
PPCOR,0.18068007443687611,0.17550303550892876,0.19838547996041503,0.04714432668989171,-0.2047323369472558,-0.23732234548427575,0.17550303550892876
SINCERITIES,0.32350325697067767,0.2859888630733023,0.18604651162790697,0.23744539778815602,0.26047402044823426,0.24138090046933663,0.2859888630733023
