,Clustering Coefficient,Assortativity,In Centralization
GRNBOOST2,0.6659303665150694,-0.4275681603577588,0.29
SINCERITIES,0.16835978835978832,0.22149983524036987,0.35714285714285715
ground truth,0.4389378752330585,0.004896316613432163,0.12755102040816327
