,Clustering Coefficient,Global Efficiency,Local Efficiency,Shortest Path Length,Assortativity,Centralization
PIDC,0.22562733998028112,-0.032777777777777795,0.12426941250470669,0.21333333333333337,0.42494608002297385,-0.1358695652173913
GRNBOOST2,,,,,,
PPCOR,-0.045842967490026365,-0.014722222222222192,-0.115438361203067,0.09000000000000008,0.2250433008301459,-0.2717391304347826
SINCERITIES,-0.14543983261320728,-0.01055555555555554,-0.20902438190750872,0.06666666666666665,-0.2990882699174927,0.0452898550724638
