,Clustering Coefficient,Global Efficiency,Local Efficiency,Shortest Path Length,Assortativity,Centralization
PIDC,0.6046506826506827,0.6127777777777778,0.706020424020424,1.9533333333333334,0.2034949017943195,0.34601449275362317
GRNBOOST2,,,,,,
PPCOR,0.3331803751803752,0.6308333333333334,0.4663126503126503,1.83,0.0035921226014915732,0.21014492753623187
SINCERITIES,0.23358351005719427,0.635,0.37272662960820857,1.8066666666666666,-0.520539448146147,0.5271739130434783
ground truth,0.37902334267040155,0.6455555555555555,0.5817510115157173,1.74,-0.22145117822865432,0.48188405797101447
