,PageRank,Centrality,Betweenness,Radiality,Clustering Coefficient,Local Efficiency,Node Degrees
PIDC,0.1392843504408461,0.2025438378114373,0.06431740871222087,0.2615178917806584,0.0638626575380214,-0.16140234876275764,0.2025438378114373
GRNBOOST2,,,,,,,
PPCOR,0.12384615384615384,0.1407541484985914,0.1346153846153846,0.15556441678088637,0.022556391396629964,0.033878745239209376,0.1407541484985914
SINCERITIES,0.2712581963005429,0.32088002279389904,0.1742978197505616,0.4345086698353521,0.14457931016875597,0.08397544637298607,0.32088002279389904
