,Clustering Coefficient,Global Efficiency,Local Efficiency,Shortest Path Length,Assortativity,Centralization
PIDC,0.5952861330139407,-0.05077452667814116,0.21361271410758736,0.12260536398467435,1.9189154170324871,-0.2819548872180451
GRNBOOST2,,,,,,
PPCOR,-0.12095024851778424,-0.022805507745266736,-0.19843259215364195,0.05172413793103453,1.0162208330984024,-0.5639097744360902
SINCERITIES,-0.38372262665542917,-0.016351118760757292,-0.35930213746067796,0.03831417624521072,-1.3505833308715838,0.09398496240601512
