,PageRank,Out Centrality,Betweenness,Clustering Coefficient,Node In Degrees
GRNBOOST2,,,,,
SINCERITIES,0.07974024050700997,0.16362457069337494,-0.38948426668838454,0.1450338833770273,0.05677574996391002
