,Clustering Coefficient,Assortativity,In Centralization
GRNBOOST2,,,
SINCERITIES,0.14188188903610774,-0.29988198255303994,0.6076388888888888
ground truth,0.21203697929104695,-0.06414026829279784,0.4774305555555556
