,Clustering Coefficient,Global Efficiency,Local Efficiency,Shortest Path Length,Assortativity,Centralization
PIDC,0.7393637473637473,0.6166666666666667,0.8270030340030342,1.9666666666666666,0.476035096484103,0.23007246376811594
GRNBOOST2,0.7368917748917749,0.615,0.8344458874458874,1.97,0.1713169642857125,0.18478260869565216
PPCOR,0.4843549783549782,0.6494444444444445,0.663476911976912,1.7633333333333334,0.02177792465300541,0.18478260869565216
SINCERITIES,0.4829001286238129,0.6702898550724637,0.7189528906360044,1.6956521739130435,-0.3581653795441706,0.5098814229249012
ground truth,0.5969841269841268,0.62,0.7807539682539684,1.94,-0.07009498853582133,0.04891304347826087
