,Clustering Coefficient,Assortativity,In Centralization
GRNBOOST2,0.5363481456298493,0.34474777347631963,0.13020833333333334
SINCERITIES,0.23534480127152546,-0.02458801569876355,0.5368620037807184
ground truth,0.3038941798941799,-0.1578363350862889,0.043402777777777776
