,Clustering Coefficient,Global Efficiency,Local Efficiency,Shortest Path Length,Assortativity,Centralization
PIDC,0.1423796203796205,-0.0033333333333332993,0.04624906574906584,0.026666666666666616,0.5461300850199243,0.18115942028985507
GRNBOOST2,0.1399076479076481,-0.0050000000000000044,0.05369191919191907,0.030000000000000027,0.24141195282153383,0.1358695652173913
PPCOR,-0.11262914862914863,0.029444444444444495,-0.11727705627705631,-0.17666666666666653,0.09187291318882673,0.1358695652173913
SINCERITIES,-0.11408399836031397,0.05028985507246375,-0.06180107761796394,-0.2443478260869565,-0.2880703910083493,0.4609683794466404
