,Clustering Coefficient,Assortativity,In Centralization
GRNBOOST2,0.23245396573566945,0.5025841085626085,0.08680555555555557
SINCERITIES,-0.06854937862265442,0.13324831938752535,0.49345922600294057
