,PageRank,Out Centrality,Betweenness,Clustering Coefficient,Node In Degrees
GRNBOOST2,-0.10386613002289843,,0.1414533916451043,0.3265889400979057,-0.1343832523113784
SINCERITIES,-0.23922950631743004,,-0.26576780997705335,-0.0443867338931918,-0.34586208324506584
