,PageRank,Centrality,Betweenness,Radiality,Clustering Coefficient,Local Efficiency,Node Degrees
PIDC,0.16305586002514458,-0.036016126064403825,0.17738618501547795,-0.1416640192359337,0.013913935218260008,0.049356463611060206,-0.036016126064403825
GRNBOOST2,-0.025423758993656335,0.0511000838420582,0.2717995653731486,0.06282826968065501,0.025085645654351563,-0.020038912022809788,0.0511000838420582
PPCOR,0.03153846153846154,0.07075052455202523,0.20230769230769227,0.02290250994330058,0.23679977079770964,0.2278563397797954,0.07075052455202523
SINCERITIES,-0.40234888538721136,-0.461648200631533,-0.41026765316744707,-0.4083056389991386,-0.1796746327855944,-0.20534483235598977,-0.461648200631533
