,Clustering Coefficient,Assortativity,In Centralization
GRNBOOST2,0.7649174650748926,3.184210456279579,2.0000000000000004
SINCERITIES,-0.2255698962267861,0.8442182803768137,11.369300567107752
