,Clustering Coefficient,Global Efficiency,Local Efficiency,Shortest Path Length,Assortativity,Centralization
PIDC,0.23849816761276504,-0.00537634408602145,0.05923641458076031,0.013745704467353926,7.79128574563972,3.7037037037037037
GRNBOOST2,0.23435740011118936,-0.008064516129032265,0.06876931962573624,0.01546391752577321,3.444068654040263,2.7777777777777777
PPCOR,-0.18866355659761674,0.04749103942652338,-0.15021000346540375,-0.09106529209621986,1.3106916073162067,2.7777777777777777
SINCERITIES,-0.19110055561552197,0.08111266947171573,-0.0791556368982308,-0.1259524876736889,-4.109714503500259,9.424242424242426
