,PageRank,Out Centrality,Betweenness,Clustering Coefficient,Node In Degrees
GRNBOOST2,-0.19538461538461538,,0.29364216356940337,0.3242627463041224,-0.03942109826610298
SINCERITIES,-0.12827303268016754,,-0.16494330863960477,-0.3965105956378984,-0.36988952697687044
