,Clustering Coefficient,Assortativity,In Centralization
GRNBOOST2,0.09190758689630435,0.400796428369893,0.0
SINCERITIES,0.0401180826794994,0.031078587542104553,0.35931920814954843
