,Clustering Coefficient,Assortativity,In Centralization
GRNBOOST2,0.33499573647429315,15.281227819148032,0.0
SINCERITIES,0.14622717347936257,1.1849381454316137,4.139357277882798
