,Clustering Coefficient,Global Efficiency,Local Efficiency,Shortest Path Length,Assortativity,Centralization
PIDC,0.08976046176046149,-0.008888888888888835,0.039878066378066235,0.05333333333333323,0.39183920110022097,0.09057971014492752
GRNBOOST2,-0.010995670995671003,0.0038888888888889417,0.005708994708994775,-0.023333333333333428,0.33980888433186796,0.045289855072463775
PPCOR,-0.10213075813075806,0.008888888888888946,-0.0690475820475821,-0.053333333333333455,0.11702034043982634,0.1358695652173913
SINCERITIES,-0.022789140683877607,0.011388888888888893,-0.07757044514939238,-0.06333333333333324,-0.26608724247660986,0.40760869565217395
