,Clustering Coefficient,Global Efficiency,Local Efficiency,Shortest Path Length,Assortativity,Centralization
PIDC,0.6321096681096678,0.6266666666666667,0.7712590187590186,1.9,0.32676441757883,0.18478260869565216
GRNBOOST2,0.5313535353535354,0.6394444444444445,0.7370899470899471,1.8233333333333333,0.274734100810477,0.13949275362318841
PPCOR,0.4402184482184483,0.6444444444444445,0.6623333703333703,1.7933333333333332,0.05194555691843541,0.23007246376811594
SINCERITIES,0.5195600656653288,0.6469444444444444,0.65381050723156,1.7833333333333334,-0.3311620259980008,0.5018115942028986
ground truth,0.5423492063492064,0.6355555555555555,0.7313809523809524,1.8466666666666667,-0.06507478352139094,0.09420289855072464
