,Clustering Coefficient,Assortativity,In Centralization
GRNBOOST2,0.3662620842508017,0.3745684031671224,0.08680555555555555
SINCERITIES,0.31447258003399675,0.00485056233933401,0.44612476370510395
ground truth,0.27435449735449735,-0.026228025202770545,0.08680555555555555
