,PageRank,Out Centrality,Betweenness,Clustering Coefficient,Node In Degrees
GRNBOOST2,0.0,0.0,0.0,2.665121668597914,2.665121668597914
SINCERITIES,0.0,2.5539432176656156,0.0,0.0,2.5539432176656156
