,PageRank,Centrality,Betweenness,Radiality,Clustering Coefficient,Local Efficiency,Node Degrees
PIDC,0.08078476779558767,0.035612452379298574,-0.12271590917520223,0.11547165817222277,0.0830571656113305,-0.1607314755476082,0.035612452379298574
GRNBOOST2,0.052307692307692305,0.13027639565864643,-0.15153846153846154,0.0777249453507097,0.0096956558634682,0.06811622215767127,0.13027639565864643
PPCOR,0.29692307692307696,0.2779300932894585,0.27153846153846156,0.25778535982199036,0.2248524171806747,0.2955333295721938,0.2779300932894585
SINCERITIES,0.08384615384615385,0.08699062037072912,-0.25560036076767906,-0.09505732840956964,-0.42674960347490865,-0.43346820250768153,0.08699062037072912
