,Clustering Coefficient,Global Efficiency,Local Efficiency,Shortest Path Length,Assortativity,Centralization
PIDC,0.1655030757114573,-0.013986013986013901,0.054524343638218044,0.028880866425992725,6.02136772335813,0.9615384615384613
GRNBOOST2,-0.020274153381154097,0.006118881118881202,0.007805774392140782,-0.012635379061371892,5.2218212023735475,0.48076923076923084
PPCOR,-0.18831180526333874,0.013986013986014076,-0.09440713737868509,-0.028880866425992847,1.7982440218392768,1.4423076923076923
SINCERITIES,-0.042019312312230425,0.017919580419580427,-0.1060602479417436,-0.03429602888086638,-4.08894548821885,4.3269230769230775
