,Clustering Coefficient,Global Efficiency,Local Efficiency,Shortest Path Length,Assortativity,Centralization
PIDC,0.7356838345431506,-0.023306948109058877,0.4610408894775545,0.05214152700186216,1.6167860784562536,0.32894736842105265
GRNBOOST2,1.0312984702243257,-0.01657680394631188,0.5225195394604755,0.07278762853210269,-0.22886680321026315,1.6698564593301435
PPCOR,0.2641433344855397,-0.0070360598065084,0.2334461129597654,0.014897579143389171,1.0735152102724872,0.6578947368421052
SINCERITIES,1.6873174255395917,0.021108179419525024,0.970025779624474,-0.044692737430167634,-3.607866881470034,4.605263157894736
