,PageRank,Out Centrality,Betweenness,Clustering Coefficient,Node In Degrees
GRNBOOST2,0.1391304347826087,-0.18292105935024172,-0.38563864025043165,-0.1147112091904042,-0.3998641099184281
SINCERITIES,-0.46181705907337023,0.24945996712231214,0.1969828946707833,0.100541406712395,-0.34270614235798663
