,Clustering Coefficient,Assortativity,In Centralization
GRNBOOST2,0.30646017678918375,0.08543330741095218,0.17958412098298676
SINCERITIES,0.4604972259900302,-0.1380934881262984,0.8732638888888888
ground truth,0.14730883302581418,-0.04080073778496034,0.13541666666666666
