,Clustering Coefficient,Assortativity,In Centralization
GRNBOOST2,0.15915134376336956,0.12623404519591253,0.044167454316320104
SINCERITIES,0.31318839296421597,-0.09729275034133805,0.7378472222222222
