,Clustering Coefficient,Global Efficiency,Local Efficiency,Shortest Path Length,Assortativity,Centralization
PIDC,0.18427128427128436,-0.014722222222222192,0.1954915824915826,0.09333333333333327,0.16287508357807076,0.045289855072463775
GRNBOOST2,0.2583157120657121,-0.010471014492753672,0.22155989627656292,0.13028985507246382,-0.023056049404328233,0.22990777338603424
PPCOR,0.06616161616161614,-0.004444444444444473,0.09898633958633962,0.026666666666666616,0.1081459581606563,0.09057971014492752
SINCERITIES,0.4226328408732501,0.013333333333333308,0.41131248668921305,-0.08000000000000007,-0.3634566302173199,0.6340579710144927
