,PageRank,Centrality,Betweenness,Radiality,Clustering Coefficient,Local Efficiency,Node Degrees
PIDC,-0.5192307692307693,-0.5109554505796289,-0.42000000000000004,-0.4503863625366859,0.08836042859147021,-0.06276474714530404,-0.5109554505796289
GRNBOOST2,0.010434782608695651,-0.0004453789390796492,-0.10218438039766158,-0.07898263981485908,-0.1091465395817701,-0.15341033269013007,-0.0004453789390796492
PPCOR,-0.09923076923076923,-0.14350961180489408,-0.03,-0.15931071232552776,-0.17887682892739087,-0.17318436075538696,-0.14350961180489408
SINCERITIES,0.09391842659760202,0.06409222735944153,0.09109906690090992,-0.019511840049668033,0.28510389594099605,0.22906856951055213,0.06409222735944153
