,Clustering Coefficient,Assortativity,In Centralization
GRNBOOST2,1.0803924007427315,3.0939157488089335,0.32615966264359464
SINCERITIES,2.126066621608042,-2.3845831135240245,5.448717948717949
