,Clustering Coefficient,Global Efficiency,Local Efficiency,Shortest Path Length,Assortativity,Centralization
PIDC,0.4347474747474748,0.6169444444444445,0.6195138047138048,1.8833333333333333,0.06213505015720668,0.18297101449275363
GRNBOOST2,0.5087919025419025,0.621195652173913,0.6455821184987851,1.9202898550724639,-0.12379608282519232,0.3675889328063241
PPCOR,0.3166378066378066,0.6272222222222222,0.5230085618085618,1.8166666666666667,0.007405924739792208,0.22826086956521738
SINCERITIES,0.6731090313494406,0.645,0.8353347089114352,1.71,-0.46419666363818396,0.7717391304347826
ground truth,0.25047619047619046,0.6316666666666667,0.4240222222222222,1.79,-0.10074003342086409,0.13768115942028986
