,Clustering Coefficient,Global Efficiency,Local Efficiency,Shortest Path Length,Assortativity,Centralization
PIDC,0.1407936507936508,-0.01666666666666672,0.12289682539682545,0.10476190476190483,0.3249992893083536,0.0
GRNBOOST2,0.20746031746031734,-0.01984126984126977,0.18506613756613755,0.12380952380952381,0.28705389128437053,0.0
PPCOR,0.19444444444444442,-0.031746031746031744,0.18234126984126964,0.19999999999999996,0.3799403946070984,0.0
SINCERITIES,0.20721500721500719,-0.0015873015873014706,0.16042929292929298,0.00952380952380949,-0.1921525983552231,0.3296703296703297
