,PageRank,Out Centrality,Betweenness,Clustering Coefficient,Node In Degrees
GRNBOOST2,0.048257391923802746,-0.12653546581767844,0.4700627435540786,0.3297362432342583,0.031746031746031744
SINCERITIES,0.25778411576296456,0.4322292356734956,0.2861108359199962,0.019731013122901927,0.2342898231861525
