,Clustering Coefficient,Assortativity,In Centralization
GRNBOOST2,0.3499620579225842,-0.04505832991830933,0.12244897959183673
SINCERITIES,0.4159048953658049,0.08843295690203937,0.7346938775510204
ground truth,0.2559802660015351,-0.08974426174304095,0.1989795918367347
