,Clustering Coefficient,Global Efficiency,Local Efficiency,Shortest Path Length,Assortativity,Centralization
PIDC,0.5549206349206349,0.6817460317460317,0.7314550264550265,1.7333333333333334,0.15517241379310195,0.18681318681318682
GRNBOOST2,0.6215873015873015,0.6785714285714286,0.7936243386243386,1.7523809523809524,0.11722701576911888,0.18681318681318682
PPCOR,0.6085714285714285,0.6666666666666666,0.7908994708994707,1.8285714285714285,0.21011351909184672,0.18681318681318682
SINCERITIES,0.6213419913419913,0.6968253968253969,0.768987493987494,1.638095238095238,-0.36197947387047474,0.5164835164835165
ground truth,0.4141269841269841,0.6984126984126984,0.608558201058201,1.6285714285714286,-0.16982687551525164,0.18681318681318682
