,PageRank,Centrality,Betweenness,Radiality,Clustering Coefficient,Local Efficiency,Node Degrees
PIDC,0.7184989464210632,0.6993342842050849,0.666666932873275,0.7066329592651871,0.010968939719308048,0.31177112356912734,0.6993342842050849
GRNBOOST2,0.3967830002623781,0.48908080730594616,0.7173535628632409,0.5983594173115677,0.3913146219218398,0.34142082696330944,0.48908080730594616
PPCOR,0.17336914876329135,0.18518593674691164,0.4271672840662539,0.34849877939281865,0.31369625379691024,0.2848168477562345,0.18518593674691164
SINCERITIES,-0.024999999999999998,-0.06917096287983146,-0.046595281377622505,-0.020966280361159304,0.12215137253892812,-0.060689302089490374,-0.06917096287983146
