,Clustering Coefficient,Global Efficiency,Local Efficiency,Shortest Path Length,Assortativity,Centralization
PIDC,0.33997700268302034,-0.023863636363636438,0.20194752972373778,0.064327485380117,1.9137094074321963,0.0
GRNBOOST2,0.5009582215408199,-0.02840909090909081,0.30410589692872825,0.0760233918128655,1.6902736413977721,0.0
PPCOR,0.46952855500191637,-0.045454545454545456,0.299628317429956,0.12280701754385963,2.2372218381476205,0.0
SINCERITIES,0.5003658664064949,-0.0022727272727271056,0.26362193895395375,0.005847953216374248,-1.1314616592470164,1.7647058823529413
