,Clustering Coefficient,Assortativity,In Centralization
GRNBOOST2,0.09398179192104911,0.04468593182473162,-0.07653061224489796
SINCERITIES,0.15992462936426977,0.17817721864508032,0.5357142857142858
