,Clustering Coefficient,Assortativity,In Centralization
GRNBOOST2,0.3671446763809734,0.49792522615738943,-0.38461538461538464
SINCERITIES,0.6247537431784319,1.9853884268973523,2.692307692307693
