,Clustering Coefficient,Global Efficiency,Local Efficiency,Shortest Path Length,Assortativity,Centralization
PIDC,0.6047525807525806,0.625,0.7790665815665817,1.8866666666666667,0.05739028328196108,0.24456521739130435
GRNBOOST2,0.5877647907647908,0.6344444444444445,0.7534825637325637,1.8266666666666667,0.007530210131556326,0.3804347826086957
PPCOR,0.4040981240981241,0.6386111111111111,0.581044733044733,1.8033333333333332,0.1604389086595472,0.19927536231884058
SINCERITIES,0.5622232270653322,0.6516666666666666,0.736332057805742,1.7233333333333334,-0.4190942743330788,0.6068840579710145
ground truth,0.4633942789236906,0.65,0.678222822058116,1.7333333333333334,-0.23653239876343005,0.47101449275362317
