,Clustering Coefficient,Assortativity,In Centralization
GRNBOOST2,0.4830281956701099,-0.01433294255785838,0.1736111111111111
SINCERITIES,0.3242801385916622,-0.1024189506635442,0.718336483931947
ground truth,0.2655703708181473,-0.08747401209576537,0.2170138888888889
