,Clustering Coefficient,Assortativity,In Centralization
GRNBOOST2,0.8188331559052933,0.836146276883163,-0.20000000000000004
SINCERITIES,0.2210704740617211,-0.17085004116899669,2.310094517958412
