,PageRank,Out Centrality,Betweenness,Clustering Coefficient,Node In Degrees
GRNBOOST2,0.1419503776979612,-0.10283165040514076,-0.140204433205899,0.02006560841073784,0.3062255726944928
SINCERITIES,-0.01897405591316488,0.06243032366499812,-0.33367438553190737,-0.5056769041090872,0.3316132010772698
