,Clustering Coefficient,Global Efficiency,Local Efficiency,Shortest Path Length,Assortativity,Centralization
PIDC,0.30504973466055285,-0.03846153846153849,0.14868824260800903,0.08846153846153845,1.2426318068137485,-0.4807692307692307
GRNBOOST2,0.26839026180895276,-0.023931623931623913,0.11096610026490498,0.05384615384615381,1.0318358506949727,-0.19230769230769224
PPCOR,-0.12796048100397692,-0.01752136752136753,-0.14328342522961565,0.04038461538461529,1.678295698594811,-0.5769230769230769
SINCERITIES,0.21327183488580845,0.002564102564102452,0.08567867942174119,-0.005769230769230774,-0.7718260860840446,0.2884615384615386
