,PageRank,Centrality,Betweenness,Radiality,Clustering Coefficient,Local Efficiency,Node Degrees
PIDC,-0.004615384615384616,0.05712345933621144,0.07621249371444755,0.08092417412675634,0.2629236469140383,0.26337131211176873,0.05712345933621144
GRNBOOST2,0.05731871619782173,0.021909368997093396,-0.001539646337665607,-0.023698588082601908,0.2583576085125295,0.23114037380830704,0.021909368997093396
PPCOR,-0.09769230769230769,-0.012969570070915789,-0.0723076923076923,-0.07209667037951209,0.189309654635096,0.22085229812709745,-0.012969570070915789
SINCERITIES,-0.023085803940471734,0.00039255096985752163,-0.15349072513000264,0.09878990436659489,-0.3251900966471421,-0.12342636228564156,0.00039255096985752163
