,Clustering Coefficient,Assortativity,In Centralization
GRNBOOST2,0.21745782485196258,0.07314106953790699,-0.04340277777777779
SINCERITIES,0.05870976777351489,-0.014944938567778829,0.5013225950430582
