,Clustering Coefficient,Global Efficiency,Local Efficiency,Shortest Path Length,Assortativity,Centralization
PIDC,0.14135830182889003,-0.025000000000000022,0.10084375950846569,0.15333333333333332,0.2939226820453911,-0.22644927536231882
GRNBOOST2,0.1243705118411002,-0.015555555555555545,0.07525974167444771,0.09333333333333327,0.24406260889498638,-0.0905797101449275
PPCOR,-0.059296154825566494,-0.011388888888888893,-0.09717808901338298,0.06999999999999984,0.39697130742297726,-0.2717391304347826
SINCERITIES,0.09882894814164161,0.0016666666666665941,0.05810923574762594,-0.010000000000000009,-0.18256187556964873,0.13586956521739135
