,Clustering Coefficient,Global Efficiency,Local Efficiency,Shortest Path Length,Assortativity,Centralization
PIDC,0.28289562289562287,0.2047619047619048,0.2123480840147508,-0.4539682539682539,0.1275183710632652,-0.31715506715506714
GRNBOOST2,0.06245344602487457,0.0246642246642248,0.0020703062369730185,-0.027838827838827962,0.30463386693732575,-0.17399267399267399
PPCOR,-0.032818662818662914,-0.018253968253968078,-0.06651434984768323,0.11428571428571432,0.253956668127596,-0.24725274725274723
SINCERITIES,0.3047393347393347,0.011111111111111183,0.22253733920400587,-0.06666666666666665,-0.3634670193023902,0.24725274725274732
