,Clustering Coefficient,Assortativity,In Centralization
GRNBOOST2,0.16182849275800532,0.16456560674374232,-0.14964980074870182
SINCERITIES,0.18977185266561142,0.2431275099833344,0.38265306122448983
