,Clustering Coefficient,Assortativity,In Centralization
GRNBOOST2,0.5401134820491865,-0.06827316680409656,0.28402366863905326
SINCERITIES,0.5680568419567926,0.010288736435495533,0.8163265306122449
ground truth,0.3782849892911812,-0.23283877354783888,0.4336734693877551
