,Clustering Coefficient,Global Efficiency,Local Efficiency,Shortest Path Length,Assortativity,Centralization
PIDC,0.5526748545815048,0.29930394431554536,0.30998232905407797,-0.2708333333333333,0.5841313404059556,-0.6954484605087015
GRNBOOST2,0.12201125223010818,0.03605211493842605,0.0030221998572282868,-0.01660839160839168,1.3954553178762443,-0.38152610441767065
PPCOR,-0.06411569580048318,-0.026682134570765407,-0.09709658166668625,0.0681818181818182,1.163315118609896,-0.5421686746987951
SINCERITIES,0.59534949953774,0.016241299303944422,0.32485644044315093,-0.039772727272727265,-1.664956001305324,0.5421686746987954
