,Clustering Coefficient,Assortativity,In Centralization
GRNBOOST2,0.42779517384825283,0.7067792199563824,-0.3450748346675948
SINCERITIES,0.5016637139665523,1.0441882435589347,0.8823529411764707
