,Clustering Coefficient,Global Efficiency,Local Efficiency,Shortest Path Length,Assortativity,Centralization
PIDC,0.7947619047619048,0.8888888888888888,0.8973809523809525,1.2222222222222223,-0.09078590785908015,0.1388888888888889
GRNBOOST2,0.5743197278911565,0.7087912087912088,0.6871031746031747,1.6483516483516483,0.08632958801498038,0.28205128205128205
PPCOR,0.479047619047619,0.665873015873016,0.6185185185185185,1.7904761904761906,0.035652389205250636,0.2087912087912088
SINCERITIES,0.8166056166056166,0.6952380952380952,0.9075702075702076,1.6095238095238096,-0.5817712982247356,0.7032967032967034
ground truth,0.5118662818662819,0.684126984126984,0.6850328683662017,1.6761904761904762,-0.21830427892234536,0.45604395604395603
