,PageRank,Out Centrality,Betweenness,Clustering Coefficient,Node In Degrees
GRNBOOST2,-0.3168318748900016,-0.1975189429749905,-0.2320454738347436,-0.5060801286491076,-0.5605789649332379
SINCERITIES,0.18839910175139682,-0.7231000506805116,0.1225903680309526,0.24120432039327938,0.096883912449757
