,PageRank,Centrality,Betweenness,Radiality,Clustering Coefficient,Local Efficiency,Node Degrees
PIDC,-0.6564911374796382,-0.6874155938403264,-0.6319494127140443,-0.6844700812445524,-0.315625,-0.37812499999999993,-0.6874155938403264
GRNBOOST2,-0.6571428571428571,-0.6754003855346894,-0.5692307692307692,-0.6755857041034304,-0.05993521618593157,-0.19668808475909944,-0.6754003855346894
PPCOR,-0.25,-0.35344748981544727,-0.10752757240989809,-0.39072075343980867,-0.41155502845318853,-0.5494613203602373,-0.35344748981544727
SINCERITIES,0.41218902757127596,0.32630737480138083,0.6085895856208963,0.39273311508153147,0.34160087441838566,0.3255352054526124,0.32630737480138083
