,Clustering Coefficient,Global Efficiency,Local Efficiency,Shortest Path Length,Assortativity,Centralization
PIDC,0.11222222222222217,-0.02063492063492056,-0.005268959435625997,0.12380952380952381,0.2672925047083781,0.0
GRNBOOST2,0.2432275132275133,-0.01666666666666672,0.12459716209716232,0.10476190476190461,0.1923294117602321,0.16483516483516486
PPCOR,0.16042018827733112,0.037484737484737574,0.09196042053184939,-0.08131868131868147,0.1573305524074689,0.07326007326007328
SINCERITIES,-0.016286676286676183,0.0,-0.05683621933621941,0.0,-0.06052588942652565,0.08241758241758246
