,Clustering Coefficient,Global Efficiency,Local Efficiency,Shortest Path Length,Assortativity,Centralization
PIDC,0.23400264783759916,-0.02819956616052051,-0.007585134406042568,0.08024691358024691,0.9534080234211242,0.0
GRNBOOST2,0.5071712268314211,-0.02277657266811287,0.1793686652298481,0.06790123456790113,0.6860214973559745,0.5769230769230771
PPCOR,0.33450370238763877,0.05122643083597543,0.13238518122836931,-0.052706552706552806,0.5611837532003076,0.2564102564102565
SINCERITIES,-0.0339605231485194,0.0,-0.08182077847887628,0.0,-0.21589033582107992,0.2884615384615386
