,Clustering Coefficient,Assortativity,In Centralization
GRNBOOST2,0.32735157759086453,0.020175988104427015,0.031604308390022706
SINCERITIES,-0.0271254995816399,0.2968592230739929,0.0
