,Clustering Coefficient,Global Efficiency,Local Efficiency,Shortest Path Length,Assortativity,Centralization
PIDC,0.5917989417989418,0.7111111111111111,0.689373897707231,1.6666666666666667,-0.013062283737023865,0.2857142857142857
GRNBOOST2,0.7228042328042329,0.715079365079365,0.8192400192400193,1.6476190476190475,-0.08802537668516984,0.45054945054945056
PPCOR,0.6399969078540507,0.7692307692307693,0.7866032776747064,1.4615384615384615,-0.12302423603793304,0.358974358974359
SINCERITIES,0.4632900432900434,0.7317460317460317,0.6378066378066376,1.542857142857143,-0.3408806778719276,0.36813186813186816
ground truth,0.4795767195767196,0.7317460317460317,0.694642857142857,1.542857142857143,-0.28035478844540196,0.2857142857142857
