,Clustering Coefficient,Assortativity,In Centralization
GRNBOOST2,0.5794062513122049,-0.05386256296717942,0.4652777777777778
SINCERITIES,0.22492917413970048,0.22282067200238645,0.4336734693877551
ground truth,0.2520546737213404,-0.07403855107160644,0.4336734693877551
