,PageRank,Centrality,Betweenness,Radiality,Clustering Coefficient,Local Efficiency,Node Degrees
PIDC,0.22023356064917626,0.15525172422098787,0.18232116239350052,0.19108478016834923,0.24796390244423874,0.3018927632559766,0.15525172422098787
GRNBOOST2,0.24285714285714283,0.19399196741341354,0.37839373433213475,0.23433716134409466,0.40650423089998594,0.3088016065073769,0.19399196741341354
PPCOR,0.16043956043956045,0.27087147178419685,0.022002213534027888,0.2705655750499273,-0.3848742230445464,-0.41722260938499356,0.27087147178419685
SINCERITIES,-0.321715946158685,-0.3633876447080202,-0.20807384096691078,-0.3293485157863943,-0.165155352952704,-0.3246327415123537,-0.3633876447080202
