,PageRank,Out Centrality,Betweenness,Clustering Coefficient,Node In Degrees
GRNBOOST2,0.1758241758241758,0.3552072087840577,0.04972451580988469,0.33056997642712527,0.08559529790779072
SINCERITIES,-0.490556142729779,0.13870720242676432,-0.2846962382117966,-0.2748715668973072,-0.5698422143486136
