,Clustering Coefficient,Assortativity,In Centralization
GRNBOOST2,1.2987324248260868,0.2725065227831619,0.07287581699346413
SINCERITIES,-0.10761752274281793,4.009522320161091,0.0
