,Clustering Coefficient,Assortativity,In Centralization
GRNBOOST2,0.8181189227266438,-0.4871404407181058,0.29
SINCERITIES,0.2844566544566544,0.33189553616855605,0.8826530612244898
ground truth,0.34236935616780584,-0.1242339161987019,0.11734693877551021
