,Clustering Coefficient,Global Efficiency,Local Efficiency,Shortest Path Length,Assortativity,Centralization
PIDC,0.004977667834810795,0.02851037851037852,-0.03729150919627133,-0.07619047619047636,0.14684894952240524,0.10073260073260076
GRNBOOST2,0.13506424792139093,0.026678876678876695,0.09311287477954144,-0.06520146520146519,0.08370458688565424,0.010989010989011005
PPCOR,-0.05138699924414192,0.0010378510378510342,-0.08084782060972551,0.11062271062271045,0.5700283789518339,-0.07875457875457875
SINCERITIES,0.017085877085877166,0.0182539682539683,0.0847022113688779,-0.11428571428571432,0.0980175093866173,0.32967032967032966
