,Clustering Coefficient,Assortativity,In Centralization
GRNBOOST2,0.47574956655883793,-0.3629065245194039,0.17265306122448976
SINCERITIES,-0.057912701711151426,0.45612945236725794,0.7653061224489797
