,Clustering Coefficient,Global Efficiency,Local Efficiency,Shortest Path Length,Assortativity,Centralization
PIDC,0.5458771387342816,0.6721611721611721,0.6169501133786847,1.7142857142857142,-0.4294294294294295,0.5512820512820513
GRNBOOST2,0.6759637188208617,0.6703296703296703,0.7473544973544974,1.7252747252747254,-0.4925737920661805,0.46153846153846156
PPCOR,0.48951247165532885,0.6446886446886446,0.5733938019652305,1.901098901098901,-0.00625000000000083,0.3717948717948718
SINCERITIES,0.5579853479853479,0.6619047619047619,0.7389438339438339,1.6761904761904762,-0.47826086956521746,0.7802197802197802
ground truth,0.5408994708994708,0.6436507936507936,0.654241622574956,1.7904761904761906,-0.5762783789518348,0.45054945054945056
