,PageRank,Out Centrality,Betweenness,Clustering Coefficient,Node In Degrees
GRNBOOST2,-0.17513194443309762,0.14800354075806116,-0.2691144082289997,0.06114686155951503,-0.5746154599636771
SINCERITIES,-0.09032106474595007,-0.03981024770261996,0.30561876494453816,0.11971833445124028,-0.14949032297839437
