,Clustering Coefficient,Global Efficiency,Local Efficiency,Shortest Path Length,Assortativity,Centralization
PIDC,0.009202574789975942,0.044294792753485746,-0.05699959756381729,-0.0425531914893618,0.2548229378126276,0.22357723577235777
GRNBOOST2,0.24970305054429123,0.0414493028549749,0.14232184496771844,-0.036415711947626835,0.1452502643564392,0.02439024390243906
PPCOR,-0.09500286468886653,0.0016124442758228153,-0.12357486564600655,0.061783960720130836,0.9891545471281281,-0.17479674796747965
SINCERITIES,0.031587897576355134,0.02836004932182498,0.12946625290440555,-0.06382978723404258,0.17008708458730773,0.7317073170731707
