,Clustering Coefficient,Assortativity,In Centralization
GRNBOOST2,1.3895798732806517,-2.9211549923208158,1.4713043478260865
SINCERITIES,-0.1691527020974582,3.671537260708392,6.521739130434783
