,PageRank,Centrality,Betweenness,Radiality,Clustering Coefficient,Local Efficiency,Node Degrees
PIDC,0.02422913366541912,0.007918552036199095,-0.15650182974351268,0.022321651006080835,-0.2821950257603397,-0.2486003798364897,0.007918552036199095
GRNBOOST2,0.178021978021978,0.0757918552036199,0.08473192975060628,0.1457175539980766,-0.04053054825297669,-0.07865104118525859,0.0757918552036199
PPCOR,-0.054945054945054944,-0.11325035575107002,0.09946351544273337,0.03107675384211141,-0.28780279525938784,-0.23404974400471615,-0.11325035575107002
SINCERITIES,0.0,-0.06599242642581331,0.1344391851551928,-0.03045026854235408,0.3738119264907589,0.39071799351797915,-0.06599242642581331
