,PageRank,Out Centrality,Betweenness,Clustering Coefficient,Node In Degrees
GRNBOOST2,0.15714285714285714,-0.03418928299756789,-0.29095718698132317,-0.17773816795269473,0.22491055991966438
SINCERITIES,0.41197251131415663,-0.307251543228615,-0.30887427876754514,0.17188570550776444,0.3541541985680975
