,Clustering Coefficient,Assortativity,In Centralization
GRNBOOST2,0.36752337331284696,0.18174907826634584,0.23979591836734693
SINCERITIES,0.18676303854875284,0.2240039833816239,0.40828402366863903
ground truth,0.1686747281942679,-0.05950122029441237,0.39285714285714285
