,PageRank,Centrality,Betweenness,Radiality,Clustering Coefficient,Local Efficiency,Node Degrees
PIDC,0.021428571428571425,-0.015384615384615387,-0.3953488372093023,0.018399271815389414,0.17691091715528717,0.3219429667577168,-0.015384615384615387
GRNBOOST2,-0.12857142857142856,-0.15055264864546994,-0.1251117568394886,-0.43956338851227705,0.12694323316110004,0.26540247033165193,-0.15055264864546994
PPCOR,0.42142857142857143,0.409903334094323,0.35599284436493733,0.2712384190564511,0.15794455406594599,0.13117747562274523,0.409903334094323
SINCERITIES,-0.47524781233500235,-0.5219551348387875,-0.43171806167400884,-0.5287650567645682,-0.028154938458167137,0.08948904166812233,-0.5219551348387875
