,Clustering Coefficient,Global Efficiency,Local Efficiency,Shortest Path Length,Assortativity,Centralization
PIDC,0.5624891058044277,-0.021428571428571352,0.6053251884067601,0.05027932960893863,0.8660681985663514,-0.4918032786885245
GRNBOOST2,0.7695659752483882,-0.041666666666666685,0.8010026227548885,0.10614525139664806,1.150683762316961,-0.4918032786885245
PPCOR,0.6184416942652956,-0.01904761904761898,0.5555592443809967,0.04469273743016757,-0.02057767038808412,-0.24590163934426226
SINCERITIES,-0.12877561692273207,0.03021978021978028,-0.041081921962370815,-0.007305543618392755,-0.8606328058389828,-0.005464480874316921
