,Clustering Coefficient,Assortativity,In Centralization
GRNBOOST2,1.1788881905863153,4.054543711323069,-0.38961038961038963
SINCERITIES,0.10723782126776023,4.764695619236899,0.03926842388380846
