,PageRank,Centrality,Betweenness,Radiality,Clustering Coefficient,Local Efficiency,Node Degrees
PIDC,0.3333333333333333,0.0,0.0,0.3333333333333333,0.0,0.0,0.3333333333333333
GRNBOOST2,0.0,0.0,0.0,0.0,0.3333333333333333,0.3333333333333333,0.0
PPCOR,0.3333333333333333,0.3333333333333333,0.3333333333333333,0.3333333333333333,0.3333333333333333,0.3333333333333333,0.3333333333333333
SINCERITIES,0.0,0.0,0.0,0.0,0.0,0.0,0.0
