,Clustering Coefficient,Assortativity,In Centralization
GRNBOOST2,0.19884864511857905,0.24125029856075822,-0.15306122448979592
SINCERITIES,0.018088310354484938,0.28350520367603627,0.01542688081149618
