,Clustering Coefficient,Global Efficiency,Local Efficiency,Shortest Path Length,Assortativity,Centralization
PIDC,0.1707407407407408,-0.014285714285714235,0.24117724867724893,0.08571428571428585,0.15335541331156885,-0.1648351648351648
GRNBOOST2,0.23359788359788375,-0.02777777777777779,0.3191402116402116,0.18095238095238098,0.20375252694087848,-0.1648351648351648
PPCOR,0.18772486772486774,-0.012698412698412653,0.22134920634920635,0.07619047619047614,-0.0036437051407471888,-0.0824175824175824
SINCERITIES,-0.03908919123204835,0.020146520146520186,-0.016368102796674222,-0.01245421245421241,-0.1523929638190276,-0.001831501831501825
