,Clustering Coefficient,Global Efficiency,Local Efficiency,Shortest Path Length,Assortativity,Centralization
PIDC,0.4742857142857143,0.6523809523809524,0.6396031746031748,1.7904761904761906,-0.023715415019763708,0.17032967032967034
GRNBOOST2,0.5371428571428573,0.6388888888888888,0.7175661375661375,1.8857142857142857,0.026681698609545928,0.17032967032967034
PPCOR,0.49126984126984125,0.653968253968254,0.6197751322751323,1.7809523809523808,-0.18071453347207975,0.25274725274725274
SINCERITIES,0.26445578231292516,0.6868131868131868,0.3820578231292517,1.6923076923076923,-0.32946379215036015,0.3333333333333333
ground truth,0.3035449735449735,0.6666666666666666,0.3984259259259259,1.7047619047619047,-0.17707082833133256,0.33516483516483514
