,Clustering Coefficient,Global Efficiency,Local Efficiency,Shortest Path Length,Assortativity,Centralization
PIDC,0.6304034589748875,0.7071428571428572,0.7735498628355773,1.6333333333333333,0.014509127046395249,0.4
GRNBOOST2,0.49250454121042353,0.6311111111111112,0.6441272246272247,1.8266666666666667,-0.09164564059433675,0.48188405797101447
PPCOR,0.3742222222222222,0.6302777777777778,0.5594004884004883,1.8333333333333333,0.08742004264392376,0.2554347826086957
SINCERITIES,0.7802815734989648,0.6533333333333333,0.8901407867494824,1.6933333333333334,-0.6160820761324276,0.7536231884057971
ground truth,0.3897471417471418,0.6472222222222221,0.5915803825803827,1.73,-0.32154123479044394,0.34601449275362317
