,Clustering Coefficient,Assortativity,In Centralization
GRNBOOST2,0.5549663029405664,1.4375431474638898,-0.10000000000000002
SINCERITIES,1.5619252481006531,1.4806102186901104,1.0
