,Clustering Coefficient,Assortativity,In Centralization
GRNBOOST2,0.3148473911922414,0.1033217876223344,0.390625
SINCERITIES,0.5187350229189223,0.11349168015189057,0.8680555555555556
ground truth,0.20247859429290505,-0.23614079713329636,0.4340277777777778
