,PageRank,Out Centrality,Betweenness,Clustering Coefficient,Node In Degrees
GRNBOOST2,0.022372237981680327,0.1593240135650303,0.13873258100040778,-0.3549566957003467,-0.3221236226384211
SINCERITIES,0.08735993306702065,-0.39340063403871206,-0.06273592660491746,-0.0856378076082361,-0.10724557145742722
