,Clustering Coefficient,Global Efficiency,Local Efficiency,Shortest Path Length,Assortativity,Centralization
PIDC,0.24065631722774566,0.05992063492063504,0.18196948025519455,-0.09666666666666668,0.3360503618368392,0.05398550724637685
GRNBOOST2,0.10275739946328172,-0.016111111111110965,0.05254684204684201,0.09666666666666668,0.2298955941961072,0.1358695652173913
PPCOR,-0.015524919524919634,-0.016944444444444318,-0.03217989417989442,0.10333333333333328,0.4089612774343677,-0.0905797101449275
SINCERITIES,0.39053443175182295,0.006111111111111178,0.2985604041690997,-0.036666666666666625,-0.29454084134198366,0.40760869565217395
