,Clustering Coefficient,Assortativity,In Centralization
GRNBOOST2,0.11236879689933638,0.33946258475563074,-0.04340277777777779
SINCERITIES,0.3162564286260172,0.3496324772851869,0.4340277777777778
