,Clustering Coefficient,Assortativity,In Centralization
GRNBOOST2,0.1563114245562226,0.009903878776937675,0.3420138888888889
SINCERITIES,0.47763050674815377,-0.100866912910958,0.90625
ground truth,0.4959903273260937,-0.06140455875455211,0.08159722222222222
