,Clustering Coefficient,Assortativity,In Centralization
GRNBOOST2,-0.3396789027698711,0.07130843753148979,0.2604166666666667
SINCERITIES,-0.018359820577939945,-0.03946235415640589,0.8246527777777778
