,Clustering Coefficient,Global Efficiency,Local Efficiency,Shortest Path Length,Assortativity,Centralization
PIDC,0.10807215007215021,0.23539682539682538,0.07747330447330447,-0.5085714285714285,0.6384420122856005,-0.5450708711578277
GRNBOOST2,-0.5052121212121211,-0.03749999999999998,-0.5193393458393458,0.2466666666666668,0.334693516777334,-0.49818840579710144
PPCOR,-0.2598685666185665,-0.032210144927536155,-0.2633743586660253,0.25550724637681177,0.7485573548172987,-0.49868247694334655
SINCERITIES,-0.05124709107317793,0.009444444444444478,-0.023644374948722735,-0.05666666666666664,0.054041549319890136,0.0905797101449275
