,PageRank,Centrality,Betweenness,Radiality,Clustering Coefficient,Local Efficiency,Node Degrees
PIDC,0.4283297954640104,0.3327573678993442,0.5051661995041439,0.19091529112701255,0.27440279401633805,0.27440279401633805,0.3327573678993442
GRNBOOST2,-0.2649211413249643,-0.284225397733221,-0.21807585093129633,-0.2679425175807989,0.34521325996312896,0.21532239366357653,-0.284225397733221
PPCOR,-0.47518520406803216,-0.35627352056196265,-0.324505776492623,-0.3197367050981444,0.1583509885159814,0.10603990993576227,-0.35627352056196265
SINCERITIES,0.06122450795155425,0.10527349399532941,-0.009496189768057314,0.0356373666343524,0.21226599911731553,0.21226599911731553,0.10527349399532941
