,Clustering Coefficient,Global Efficiency,Local Efficiency,Shortest Path Length,Assortativity,Centralization
PIDC,0.8331313131313132,0.8476190476190476,0.9145454545454546,1.3047619047619048,0.15332502303397774,0.18681318681318682
GRNBOOST2,0.21984704184704185,0.5747222222222222,0.3177328042328042,2.06,-0.15042347247428872,0.23369565217391305
PPCOR,0.46519059644059646,0.5800120772946861,0.5736977914061248,2.068840579710145,0.26344036556567596,0.233201581027668
SINCERITIES,0.673812071985985,0.6216666666666667,0.8134277751234273,1.7566666666666666,-0.4310754399317326,0.822463768115942
ground truth,0.725059163059163,0.6122222222222222,0.8370721500721501,1.8133333333333332,-0.4851169892516227,0.7318840579710145
