,Clustering Coefficient,Assortativity,In Centralization
GRNBOOST2,-0.6848498530225285,1.161288982085609,3.191489361702128
SINCERITIES,-0.03701648916606614,-0.6426616355008076,10.106382978723405
