,PageRank,Out Centrality,Betweenness,Clustering Coefficient,Node In Degrees
GRNBOOST2,-0.04992269407868678,-0.14832513474071485,-0.12242771970441833,0.44944618411921616,0.0028544914682018213
SINCERITIES,0.41772466952489695,0.21467590552477459,-0.1896527205928012,0.329183755011064,0.25603714150049617
