,Clustering Coefficient,Assortativity,In Centralization
GRNBOOST2,0.2537199767679779,0.5683167556078504,-0.34615384615384615
SINCERITIES,0.40415110138890276,0.0899290395969428,0.17760582612653625
