,Clustering Coefficient,Global Efficiency,Local Efficiency,Shortest Path Length,Assortativity,Centralization
PIDC,0.05392496392496393,-0.01984126984126977,0.032190957190957326,0.12380952380952381,0.3319397521941874,-0.4120879120879121
GRNBOOST2,0.2150889850889851,-0.007936507936507908,0.1763179413179411,0.04761904761904767,0.04471281361537563,-0.16483516483516486
PPCOR,-0.09274170274170263,-0.007936507936507908,-0.10384078884078896,0.04761904761904767,0.13073462150373819,-0.3296703296703297
SINCERITIES,0.3495659895659895,0.034065934065934056,0.28604321604321603,-0.08717948717948709,-0.32672524881825765,0.10439560439560436
