,PageRank,Centrality,Betweenness,Radiality,Clustering Coefficient,Local Efficiency,Node Degrees
PIDC,0.23413771637104294,0.05080072518030151,0.3819320214669052,0.1483526436228935,-0.45405479109676106,-0.5045053234408456,0.05080072518030151
GRNBOOST2,0.0857142857142857,-0.06970368592551582,0.06104168614166616,-0.17782038255374438,-0.15537647198357946,-0.16983009728437756,-0.06970368592551582
PPCOR,-0.24285714285714283,-0.20731853270814768,-0.2987477638640429,-0.25641197663216164,-0.1668233232345409,-0.381294964028777,-0.20731853270814768
SINCERITIES,-0.09040843280555907,-0.18891596114870862,0.020021460096367023,-0.23449845793271748,0.1772465289492356,0.1772465289492356,-0.18891596114870862
