,Clustering Coefficient,Global Efficiency,Local Efficiency,Shortest Path Length,Assortativity,Centralization
PIDC,0.545079365079365,0.665873015873016,0.6665079365079367,1.7714285714285714,0.049707602339182914,0.13736263736263737
GRNBOOST2,0.7062433862433862,0.6777777777777778,0.8106349206349205,1.6952380952380952,-0.23751933623962887,0.38461538461538464
PPCOR,0.3984126984126985,0.6777777777777778,0.5304761904761904,1.6952380952380952,-0.15149752835126631,0.21978021978021978
SINCERITIES,0.8407203907203906,0.7197802197802198,0.9203601953601954,1.5604395604395604,-0.6089573986732622,0.6538461538461539
ground truth,0.4911544011544011,0.6857142857142857,0.6343169793169794,1.6476190476190475,-0.2822321498550045,0.5494505494505495
