,PageRank,Out Centrality,Betweenness,Clustering Coefficient,Node In Degrees
GRNBOOST2,-0.35,-0.5666192104368593,-0.07251569602509542,-0.4228034437165406,-0.18550201895207716
SINCERITIES,-0.20816659994661327,-0.07830715827653732,0.019471406962742445,-0.25279963935428723,-0.14930964229185295
