,Clustering Coefficient,Global Efficiency,Local Efficiency,Shortest Path Length,Assortativity,Centralization
PIDC,0.10979228486646886,-0.02893518518518508,0.05074900757917586,0.07514450867052024,1.1761231042059523,-0.75
GRNBOOST2,0.4379253949133786,-0.011574074074074034,0.2779650349385207,0.028901734104046277,0.15842565646169876,-0.30000000000000004
PPCOR,-0.18882392690307584,-0.011574074074074034,-0.16370488608487632,0.028901734104046277,0.46321661643048995,-0.6000000000000001
SINCERITIES,0.7117232152341003,0.04967948717948716,0.4509468063604761,-0.05291240551356153,-1.15764716736244,0.18999999999999992
