,Clustering Coefficient,Assortativity,In Centralization
GRNBOOST2,0.47912030283244916,-0.10118944892578875,0.4336734693877551
SINCERITIES,0.5366089026150002,-0.2133267393693249,0.7810650887573964
ground truth,0.38215894435023307,-0.23440670964255972,0.6632653061224489
