,Clustering Coefficient,Assortativity,In Centralization
GRNBOOST2,0.0969613584822161,0.13321726071677098,-0.22959183673469385
SINCERITIES,0.1544499582647671,0.021079970273234827,0.1177997826349475
