,Clustering Coefficient,Assortativity,In Centralization
GRNBOOST2,0.9704427636472818,0.07782078161971953,5.336
SINCERITIES,-0.5518188555896364,-1.6399868482866296,8.233421550094517
