,PageRank,Out Centrality,Betweenness,Clustering Coefficient,Node In Degrees
GRNBOOST2,0.2137057598907963,,0.3412556513530869,-0.13573040017584617,0.26362715173166673
SINCERITIES,0.2005643811694248,,0.19893435909126694,-0.13458725710282912,0.26605709607635963
