,Clustering Coefficient,Assortativity,In Centralization
GRNBOOST2,0.5948363783782386,0.09770953635731802,0.275
SINCERITIES,0.13529672300910164,-0.05801782567867656,0.4007561436672968
ground truth,0.30187955182072823,0.0906547155367359,0.043402777777777776
