,Clustering Coefficient,Global Efficiency,Local Efficiency,Shortest Path Length,Assortativity,Centralization
PIDC,0.13117505327355805,0.040400674324695116,-0.08654990708905994,-0.038960077031331114,-25.109544956985033,5.169278996865204
GRNBOOST2,0.26934702885613193,0.05657270553181471,0.09128821542171982,-0.07599437078734912,-13.413689794924087,5.169278996865204
PPCOR,-0.19031353345397534,0.020739404869251396,-0.2399377362047454,-0.035775127768313486,50.93988238885633,3.448275862068966
SINCERITIES,-0.5725670826247875,0.07470498294585791,-0.4282477834531751,-0.11117694985556632,-48.96473542549816,3.3636363636363638
