,Clustering Coefficient,Global Efficiency,Local Efficiency,Shortest Path Length,Assortativity,Centralization
PIDC,0.07685608835608848,0.02489130434782605,-0.06688727938727945,-0.07623188405797121,-0.17452992868264047,0.2715744400527009
GRNBOOST2,0.15781170681170698,0.034855072463768066,0.07054912679912673,-0.14869565217391312,-0.09323507563715977,0.2715744400527009
PPCOR,-0.11150560550560534,0.012777777777777666,-0.1854280719280721,-0.07000000000000006,0.354069898744063,0.1811594202898551
SINCERITIES,-0.3354697802197802,0.04602657004830912,-0.3309573643948645,-0.21753623188405813,-0.3403411649401181,0.17671277997364954
