,Clustering Coefficient,Global Efficiency,Local Efficiency,Shortest Path Length,Assortativity,Centralization
PIDC,0.6627608502608503,0.6410024154589372,0.7059301809301809,1.8804347826086956,-0.18148066908759908,0.3241106719367589
GRNBOOST2,0.7437164687164688,0.6509661835748792,0.8433665871165871,1.8079710144927537,-0.10018581604211838,0.3241106719367589
PPCOR,0.4743991563991565,0.6288888888888888,0.5873893883893883,1.8866666666666667,0.3471191583391044,0.23369565217391305
SINCERITIES,0.25043498168498163,0.6621376811594203,0.44186009592259584,1.7391304347826086,-0.34729190534507676,0.22924901185770752
ground truth,0.5859047619047618,0.6161111111111112,0.7728174603174603,1.9566666666666668,-0.006950740404958606,0.05253623188405797
