,Clustering Coefficient,Assortativity,In Centralization
GRNBOOST2,0.2929568265575103,0.0070548208205821195,0.23159722222222223
SINCERITIES,-0.1665828288116266,-0.14867254121541246,0.357353365889519
