,PageRank,Centrality,Betweenness,Radiality,Clustering Coefficient,Local Efficiency,Node Degrees
PIDC,0.31806476470694606,0.23998954152013433,0.3127081010599055,0.11252781860708845,-0.1320388516284117,-0.19085934575356003,0.23998954152013433
GRNBOOST2,0.24086956521739128,0.1905009937390075,0.07795857135623105,-0.016185087133303022,0.19709108073051312,0.11111356069272041,0.1905009937390075
PPCOR,0.37,0.15593604881019013,0.5285631950054165,0.19792682781127108,0.28426459366202145,0.1945862359146041,0.15593604881019013
SINCERITIES,0.0634920649930011,-0.051053876343181356,-0.13919096575557582,-0.022474363955441022,-0.010596724668203413,0.023835684754278094,-0.051053876343181356
