,PageRank,Out Centrality,Betweenness,Clustering Coefficient,Node In Degrees
GRNBOOST2,0.0,0.0,5.550918196994992,0.0,0.0
SINCERITIES,2.5539432176656156,2.5539432176656156,2.5539432176656156,0.0,6.384858044164038
