,Clustering Coefficient,Assortativity,In Centralization
GRNBOOST2,0.34009734223613786,-0.3241816126930289,-0.21295339761248852
SINCERITIES,-0.050610355742160135,-0.33849680651291464,0.26041666666666663
