,Clustering Coefficient,Assortativity,In Centralization
GRNBOOST2,1.3362230433852582,-2.475319641999615,-0.49064462809917353
SINCERITIES,-0.1988451986479945,-2.584624670582307,0.5999999999999999
