,Clustering Coefficient,Global Efficiency,Local Efficiency,Shortest Path Length,Assortativity,Centralization
PIDC,0.6929873786045545,0.6752305665349144,0.7911978430402848,1.699604743083004,-0.3617808594434152,0.5844155844155844
GRNBOOST2,0.678423429497346,0.6567028985507246,0.7805551758660633,1.7536231884057971,-0.3845648843825233,0.5731225296442688
PPCOR,0.3136969696969697,0.6380555555555555,0.44273477633477626,1.8066666666666666,0.25404668030809596,0.19927536231884058
SINCERITIES,0.3712806374911638,0.6505555555555556,0.5211180943812521,1.73,-0.5976470588235296,0.6068840579710145
ground truth,0.49484913916492856,0.6483333333333333,0.6836153222995328,1.7433333333333334,-0.2732275817416653,0.5163043478260869
