,Clustering Coefficient,Assortativity,In Centralization
GRNBOOST2,0.594618729155583,-0.1932160568946884,0.22107438016528927
SINCERITIES,0.203911031177285,-0.2075312507145741,0.6944444444444444
ground truth,0.25452138691944515,0.13096555579834054,0.4340277777777778
