,PageRank,Centrality,Betweenness,Radiality,Clustering Coefficient,Local Efficiency,Node Degrees
PIDC,-0.08695652173913043,-0.05720107196341476,-0.11423969787393001,-0.0012431650648757433,-0.20279184522453028,-0.04773829397977063,-0.05720107196341476
GRNBOOST2,-0.02260869565217391,-0.020525414828254207,-0.09947938571680663,-0.013572684713229055,-0.19654270844988483,0.021848602267073143,-0.020525414828254207
PPCOR,-0.14923076923076922,-0.15502057869287902,-0.20615384615384616,-0.031468540967787284,0.06925154836369972,0.1113681477193374,-0.15502057869287902
SINCERITIES,0.26179030412116333,0.204696688868126,0.33648177358631076,0.13106154502233844,0.055373000805754226,0.04983622226092642,0.204696688868126
