,PageRank,Out Centrality,Betweenness,Clustering Coefficient,Node In Degrees
GRNBOOST2,0.02918625587072103,-0.3423705938852853,-0.507870771932134,-0.013029817020416798,0.0668709446495409
SINCERITIES,0.33872611470059855,0.07167254765441655,0.10180072985338914,0.08225294427993042,0.3513674089522719
