,Clustering Coefficient,Global Efficiency,Local Efficiency,Shortest Path Length,Assortativity,Centralization
PIDC,-0.049451573696415445,-0.008948545861297664,-0.07092745627386464,0.023809523809523725,1.0435236422678011,-0.39999999999999997
GRNBOOST2,0.13911610531574634,-0.013422818791946418,0.015268696277672768,0.035714285714285726,0.8089453709962171,-0.19999999999999998
PPCOR,-0.04961561691434713,-0.022371364653243925,-0.0873031060447705,0.05952380952380945,0.8526734926052352,-0.39999999999999997
SINCERITIES,-0.04461459307817912,0.0,-0.06037108758860077,0.0,-0.12824804544810034,0.39999999999999997
