,Clustering Coefficient,Global Efficiency,Local Efficiency,Shortest Path Length,Assortativity,Centralization
PIDC,0.6131746031746033,0.7031746031746031,0.7589682539682541,1.638095238095238,0.014666391241478744,0.24725274725274726
GRNBOOST2,0.734814814814815,0.7,0.8293827160493826,1.6571428571428573,-0.06438068579425925,0.32967032967032966
PPCOR,0.613068783068783,0.6936507936507936,0.7455908289241623,1.6952380952380952,-0.04964539007092142,0.24725274725274726
SINCERITIES,0.6162948162948163,0.7095238095238096,0.7675918525918526,1.6,-0.3801916932907346,0.5769230769230769
ground truth,0.645074555074555,0.7095238095238096,0.8169095719095717,1.6,-0.33697527314548625,0.41208791208791207
