,PageRank,Centrality,Betweenness,Radiality,Clustering Coefficient,Local Efficiency,Node Degrees
PIDC,0.0661305000437297,0.031935147111132746,0.14503139205019083,-0.023550724637681167,0.41758342756011146,0.38509874326750443,0.031935147111132746
GRNBOOST2,0.06087756961034141,0.006410256410256409,0.17879785091846243,0.013599280294360428,0.24707033592562666,0.22052285617328207,0.006410256410256409
PPCOR,0.20375343256716716,0.13186051476199023,0.32107739536358587,0.16530493826124362,0.2542678474630455,0.1335127592028404,0.13186051476199023
SINCERITIES,-0.0035714285714285704,-0.018215208207832255,0.05381185397155071,-0.06781204577383468,0.23439384345675093,0.26888532698479706,-0.018215208207832255
