,PageRank,Out Centrality,Betweenness,Clustering Coefficient,Node In Degrees
GRNBOOST2,0.6171735241502683,0.11172901902017701,0.00546032472424634,0.2553767541799296,0.4510151505161579
SINCERITIES,-0.0054653876133490716,-0.003727880367379296,-0.2430430899027937,-0.028673881171079815,0.18411214953271032
