,Clustering Coefficient,Assortativity,In Centralization
GRNBOOST2,0.10889267510965617,-0.05862137813366451,-0.07653061224489799
SINCERITIES,0.07920514441232163,0.18186896080438147,0.3826530612244898
