,Clustering Coefficient,Global Efficiency,Local Efficiency,Shortest Path Length,Assortativity,Centralization
PIDC,-0.03189995189995176,-0.006349206349206438,-0.05794131794131763,0.03809523809523796,0.351641664386965,-0.1648351648351648
GRNBOOST2,0.08974025974026001,-0.009523809523809601,0.012473144139810932,0.05714285714285716,0.272594587351227,-0.0824175824175824
PPCOR,-0.03200577200577204,-0.015873015873015928,-0.07131874298540941,0.09523809523809512,0.28732988307456486,-0.1648351648351648
SINCERITIES,-0.028779738779738717,0.0,-0.04931771931771911,0.0,-0.043216420145248347,0.1648351648351648
