,Clustering Coefficient,Assortativity,In Centralization
GRNBOOST2,0.2950079103779239,-1.4404121678468897,-0.21428571428571436
SINCERITIES,0.21457957682397574,4.468783785652094,1.0714285714285714
