,Clustering Coefficient,Assortativity,In Centralization
GRNBOOST2,0.47801048951048947,-0.09931901971308203,0.28061224489795916
SINCERITIES,0.4483229588131549,0.14117131922496395,0.7397959183673469
ground truth,0.3691178144008333,-0.04069764157941752,0.35714285714285715
