,Clustering Coefficient,Assortativity,In Centralization
GRNBOOST2,-0.14966785562633067,-2.109427230651127,-0.40524958276437567
SINCERITIES,0.2007712066102725,22.193629386636267,3.4615384615384612
