,Clustering Coefficient,Assortativity,In Centralization
GRNBOOST2,-0.04076574141700187,-0.04458095598428102,-0.08063639657046251
SINCERITIES,0.054685002724218446,0.469043539611305,0.6887755102040816
