,PageRank,Centrality,Betweenness,Radiality,Clustering Coefficient,Local Efficiency,Node Degrees
PIDC,0.1322610000874594,0.2546856671244698,-0.005460505622545987,0.25204828184349115,0.0,-0.2127360636553392,0.2546856671244698
GRNBOOST2,0.02859697299188311,0.1079381723283347,-0.03276303373527592,0.1264692213819833,0.24245206853733575,0.21978058839641734,0.1079381723283347
PPCOR,0.20017881094318177,0.3296347166243849,0.1972840510109177,0.5734917286448853,0.4908791816347185,0.3843453565305344,0.3296347166243849
SINCERITIES,0.010860480123115652,0.07142906316107289,-0.0778174985192666,0.19347014664727963,-0.5096650054683793,-0.5156572731060443,0.07142906316107289
