,Clustering Coefficient,Global Efficiency,Local Efficiency,Shortest Path Length,Assortativity,Centralization
PIDC,0.2901587301587301,0.6198412698412697,0.3842328042328042,1.9238095238095239,0.08764705882352687,0.21428571428571427
GRNBOOST2,0.2533333333333333,0.61984126984127,0.32383597883597875,1.9333333333333333,-0.11177581863979828,0.2967032967032967
PPCOR,0.38925925925925925,0.6277777777777778,0.4962037037037037,1.8666666666666667,-0.12820512820512858,0.3791208791208791
SINCERITIES,0.534006734006734,0.6507936507936507,0.6426767676767677,1.723809523809524,-0.7618108016687359,0.6263736263736264
ground truth,0.4934391534391534,0.634920634920635,0.5868342151675485,1.819047619047619,-0.45164960182024994,0.46153846153846156
