,Clustering Coefficient,Global Efficiency,Local Efficiency,Shortest Path Length,Assortativity,Centralization
PIDC,-0.4119665451426121,-0.023750000000000264,-0.34524471426210057,0.057591623036649255,1.1940598607201012,-0.5357142857142858
GRNBOOST2,-0.48659661162341844,-0.023749999999999914,-0.4481644551970789,0.06282722513089008,0.7525165123819073,-0.35714285714285715
PPCOR,-0.21113017370791332,-0.011250000000000133,-0.1544397192961366,0.02617801047120422,0.7161402828909116,-0.17857142857142866
SINCERITIES,0.08221394732224685,0.024999999999999734,0.09515899220919738,-0.052356020942408314,-0.6867297094882101,0.35714285714285704
