,PageRank,Out Centrality,Betweenness,Clustering Coefficient,Node In Degrees
GRNBOOST2,-0.16758554838430445,-0.03178491175925731,-0.11734538430900326,0.33641615014014314,-0.23354165652072956
SINCERITIES,0.03427624878514055,-0.33499891441092433,-0.06810447066039943,-0.3462763446176673,0.10755995742405317
