,Clustering Coefficient,Assortativity,In Centralization
GRNBOOST2,0.23160898625184342,-0.023446803861612155,0.11834319526627218
SINCERITIES,0.32705973039306374,0.4901776917339739,0.8877551020408163
ground truth,0.2723747276688453,0.021134152122668868,0.1989795918367347
