,Clustering Coefficient,Global Efficiency,Local Efficiency,Shortest Path Length,Assortativity,Centralization
PIDC,,,,,,
GRNBOOST2,,,,,,
PPCOR,-0.026987936720893658,0.003487164267695396,-0.08168476827160254,0.024005371831458892,1.1111432551658365,-0.4411483253588516
SINCERITIES,-0.20330129082102535,0.006825938566552774,-0.16003623671803907,-0.015444015444015415,-0.5007188865286358,0.2631578947368422
