,Clustering Coefficient,Assortativity,In Centralization
GRNBOOST2,,,
SINCERITIES,-0.046053504313685295,0.00957050296131931,0.6510416666666667
