,Clustering Coefficient,Global Efficiency,Local Efficiency,Shortest Path Length,Assortativity,Centralization
PIDC,,,,,,
GRNBOOST2,,,,,,
PPCOR,0.4828049265549266,0.6533816425120773,0.6447664449747784,1.7681159420289856,0.030846067622978902,0.2885375494071146
SINCERITIES,0.3953189033189033,0.6555555555555556,0.5897544011544013,1.7,-0.416500994035786,0.6521739130434783
ground truth,0.4961962392612547,0.6511111111111112,0.7021188614733505,1.7266666666666666,-0.2775343189017956,0.5163043478260869
