,Clustering Coefficient,Global Efficiency,Local Efficiency,Shortest Path Length,Assortativity,Centralization
PIDC,,,,,,
GRNBOOST2,,,,,,
PPCOR,-0.013391312706328151,0.0022705314009661137,-0.057352416498572034,0.041449275362319016,0.3083803865247745,-0.2277667984189723
SINCERITIES,-0.10087733594235143,0.004444444444444362,-0.1123644603189492,-0.026666666666666616,-0.1389666751339904,0.13586956521739135
