,PageRank,Out Centrality,Betweenness,Clustering Coefficient,Node In Degrees
GRNBOOST2,,,,,
SINCERITIES,0.08427548469216452,-0.15513994229813294,0.02211271892570895,0.009243213558582283,0.25756279256086495
