,Clustering Coefficient,Assortativity,In Centralization
GRNBOOST2,,,
SINCERITIES,0.22102491299550123,0.08138377900445344,0.8246527777777778
ground truth,0.2670784173091865,0.07181327604313413,0.1736111111111111
