,PageRank,Centrality,Betweenness,Radiality,Clustering Coefficient,Local Efficiency,Node Degrees
PIDC,,,,,,,
GRNBOOST2,,,,,,,
PPCOR,0.19913043478260867,0.16337109457254875,0.16354936929099606,0.11736304553334005,0.18181853179244462,0.194166377475348,0.16337109457254875
SINCERITIES,0.12348528791611259,0.08346895138689842,0.1440123646156056,0.14985470576764023,0.14836973911401347,0.16143325285096138,0.08346895138689842
