,Clustering Coefficient,Assortativity,In Centralization
GRNBOOST2,0.5815419501133786,-0.22270482736600547,0.3136094674556213
SINCERITIES,0.21119546115670146,-0.17128405727322077,0.5357142857142857
ground truth,0.2457142857142857,-0.16919206304810824,0.07653061224489796
