,PageRank,Out Centrality,Betweenness,Clustering Coefficient,Node In Degrees
GRNBOOST2,0.3084823793001654,,-0.2908646957558035,-0.0196988444001665,-0.2389447521804875
SINCERITIES,0.09419955087569841,,-0.08658617402841992,0.11939777578569222,-0.22498852128662877
