,Clustering Coefficient,Assortativity,In Centralization
GRNBOOST2,1.3667404946474715,-0.31628412913601833,3.0978303747534515
SINCERITIES,-0.1404835883157498,-0.012364612071180229,5.999999999999999
