,Clustering Coefficient,Global Efficiency,Local Efficiency,Shortest Path Length,Assortativity,Centralization
PIDC,0.6881000481000482,0.6952380952380952,0.763097643097643,1.6857142857142857,-0.17834394904458678,0.41208791208791207
GRNBOOST2,0.6411640211640212,0.6873015873015873,0.769753086419753,1.7333333333333334,-0.08039511592810777,0.24725274725274726
PPCOR,0.6723039923039924,0.696031746031746,0.7911359628026294,1.6857142857142857,-0.2653183971130001,0.41208791208791207
SINCERITIES,0.4642857142857143,0.7111111111111111,0.6071428571428571,1.5904761904761904,-0.362359550561796,0.4945054945054945
ground truth,0.4914285714285714,0.7,0.7068253968253967,1.6571428571428573,-0.17537313432835008,0.08241758241758242
