,PageRank,Centrality,Betweenness,Radiality,Clustering Coefficient,Local Efficiency,Node Degrees
PIDC,-0.03054867247233096,-0.45899254602157846,-0.23063999045006306,-0.46579205283494163,-0.20850979928455335,-0.20833470079411187,-0.45899254602157846
GRNBOOST2,-0.08214285714285713,-0.27513802823208433,-0.06451654344593885,-0.3749340633971328,0.10765214109026085,0.16877256317689532,-0.27513802823208433
PPCOR,-0.039285714285714285,-0.31487407554963526,-0.4018181083622193,-0.5254206963184961,-0.5982870130507435,-0.6702713582856948,-0.31487407554963526
SINCERITIES,0.09999999999999999,-0.030542361089076302,0.19999999999999998,0.09565783697717259,0.019269980481695724,0.02158287344691828,-0.030542361089076302
