,Clustering Coefficient,Assortativity,In Centralization
GRNBOOST2,0.33582766439909295,-0.05351276431789723,0.23707885521072333
SINCERITIES,-0.03451882455758423,-0.0020919942251125256,0.4591836734693877
