,Clustering Coefficient,Global Efficiency,Local Efficiency,Shortest Path Length,Assortativity,Centralization
PIDC,0.4002035862500982,-0.0068027210884353505,0.07961265473055291,0.017241379310344765,-0.01693996476492493,4.0
GRNBOOST2,0.3046942291128339,-0.018140589569160936,0.08902861990667979,0.04597701149425284,0.5415767857716195,2.0000000000000004
PPCOR,0.36806044945579863,-0.005668934240362792,0.11928061209444563,0.017241379310344765,-0.5128793707720706,4.0
SINCERITIES,-0.05523255813953476,0.015873015873015976,-0.1410285200988097,-0.04022988505747139,-1.0662204159694855,5.000000000000001
