,Clustering Coefficient,Assortativity,In Centralization
GRNBOOST2,0.26838717069704315,-0.13235127551891207,0.30612244897959184
SINCERITIES,0.0017394918272112259,-0.008841103011148946,0.6122448979591837
