,PageRank,Centrality,Betweenness,Radiality,Clustering Coefficient,Local Efficiency,Node Degrees
PIDC,-0.028571428571428564,-0.10610933595339568,0.13620159171920423,-0.11408906073737975,0.43301295438504744,0.4281995127421572,-0.10610933595339568
GRNBOOST2,-0.02164218276749025,0.01517242822586011,0.24403892131948218,-0.01697146791757123,0.4395639368397609,0.45692802032793955,0.01517242822586011
PPCOR,0.2354236848140984,-0.0674967307062827,0.015401549473819522,-0.21106469690626195,0.4017533300942814,0.3663778885962852,-0.0674967307062827
SINCERITIES,0.16696831049526775,0.045899254602157845,0.4718615747493189,-0.013212157413199858,0.5167424639297838,0.7045391860528518,0.045899254602157845
