,PageRank,Out Centrality,Betweenness,Clustering Coefficient,Node In Degrees
GRNBOOST2,-0.1987473596102322,,-0.1339516255022071,0.5925366495405022,-0.07642723006446789
SINCERITIES,0.1606051974371894,,0.11281521496355323,0.16194129600396032,-0.04637943105773297
