,Clustering Coefficient,Assortativity,In Centralization
GRNBOOST2,0.536323678633551,-0.21694730704297005,0.3826530612244898
SINCERITIES,0.2696759997637191,-0.09343713453520693,0.6887755102040817
ground truth,0.26793650793650786,-0.08459603152405798,0.07653061224489796
