,Clustering Coefficient,Global Efficiency,Local Efficiency,Shortest Path Length,Assortativity,Centralization
PIDC,0.6987623487623489,0.7126984126984126,0.8441325341325341,1.5809523809523809,-0.39138870541611603,0.5769230769230769
GRNBOOST2,0.7002042402042401,0.7031746031746031,0.7686409886409887,1.638095238095238,-0.570928196147111,0.5769230769230769
PPCOR,0.571031746031746,0.7417582417582418,0.7275415721844294,1.5384615384615385,-0.2353567625133126,0.32051282051282054
SINCERITIES,0.6786039886039886,0.7111111111111111,0.7838698955365623,1.5904761904761904,-0.5204747175901023,0.5769230769230769
ground truth,0.5358730158730157,0.6984126984126984,0.7325396825396826,1.6666666666666667,-0.09141791044780027,0.08241758241758242
