,Clustering Coefficient,Global Efficiency,Local Efficiency,Shortest Path Length,Assortativity,Centralization
PIDC,0.16288933288933316,0.014285714285714235,0.11159285159285148,-0.08571428571428585,-0.29997079496831575,0.49450549450549447
GRNBOOST2,0.16433122433122438,0.004761904761904745,0.03610130610130613,-0.028571428571428692,-0.4795102856993107,0.49450549450549447
PPCOR,0.03515873015873028,0.043345543345543414,-0.004998110355253216,-0.1282051282051282,-0.14393885206551232,0.23809523809523814
SINCERITIES,0.1427309727309729,0.012698412698412764,0.051330212996879676,-0.07619047619047636,-0.42905680714230204,0.49450549450549447
