,Clustering Coefficient,Assortativity,In Centralization
GRNBOOST2,1.0016819759427562,-1.5645092699327525,4.0
SINCERITIES,0.006492179212932894,-0.10450966613764447,8.0
