,Clustering Coefficient,Global Efficiency,Local Efficiency,Shortest Path Length,Assortativity,Centralization
PIDC,1.0965783119023,-0.0676141257536607,0.609973760868846,0.1542857142857143,5.9108614864951745,-0.15243902439024384
GRNBOOST2,0.7417876387903426,-0.0478036175710595,0.48472112422779995,0.10857142857142854,8.737339439927535,-0.4573170731707317
PPCOR,0.35037342660024673,-0.027993109388458125,0.2590959066234607,0.06285714285714292,4.439631431738599,-0.15243902439024384
SINCERITIES,1.1310289993819245,0.012058570198105073,0.7437720129269507,-0.026666666666666648,-12.907315787624288,1.2195121951219514
