,Clustering Coefficient,Assortativity,In Centralization
GRNBOOST2,0.39185478184925676,0.252192848137642,0.08680555555555555
SINCERITIES,0.37980538039577255,0.0023231340129280307,0.78125
ground truth,0.16564505061674875,0.15734829758418,0.13020833333333334
