,Clustering Coefficient,Assortativity,In Centralization
GRNBOOST2,1.3656292801400214,0.6027682028318161,-0.3333333333333334
SINCERITIES,1.2928869832309349,-0.9852357219709659,4.999999999999999
