,Clustering Coefficient,Assortativity,In Centralization
GRNBOOST2,0.226209731232508,0.09484455055346197,-0.04340277777777779
SINCERITIES,0.2141603297790238,-0.15502516357125198,0.6510416666666666
