,Clustering Coefficient,Global Efficiency,Local Efficiency,Shortest Path Length,Assortativity,Centralization
PIDC,0.3300621600621601,-0.043611111111111156,0.2868136345136344,0.27,0.2038735688904446,-0.04528985507246375
GRNBOOST2,0.22327272727272723,-0.03083333333333338,0.22791902911902906,0.18999999999999995,0.3013625980400851,-0.1358695652173913
PPCOR,0.1054598734598734,-0.01805555555555549,0.12182858252858242,0.1100000000000001,0.15312886397604156,-0.04528985507246375
SINCERITIES,0.34043156843156835,0.007777777777777772,0.3497264439264439,-0.046666666666666634,-0.4451906952025802,0.3623188405797102
