,PageRank,Centrality,Betweenness,Radiality,Clustering Coefficient,Local Efficiency,Node Degrees
PIDC,0.10927280531823286,0.008223048284105798,0.14546856377889864,0.03369735459680115,0.08090390423274188,0.07622715419235837,0.008223048284105798
GRNBOOST2,-0.003076923076923077,0.03837277809484297,-0.048461538461538466,-0.1421617676583083,0.10007746652746043,0.18295498268564833,0.03837277809484297
PPCOR,0.039999999999999994,0.11899390497561817,-0.15538461538461537,0.07800199601823175,-0.1441548073756349,-0.09337700112108117,0.11899390497561817
SINCERITIES,-0.08695652817577686,0.03807839509740541,-0.1372401512425071,-0.00019673659164447772,-0.29400929507584184,-0.26051423392316647,0.03807839509740541
