,PageRank,Out Centrality,Betweenness,Clustering Coefficient,Node In Degrees
GRNBOOST2,-0.12461538461538461,-0.10184747898307074,0.21401084093551934,0.09264625043893214,0.0797590215878893
SINCERITIES,0.12614664447767093,-0.25948171276369053,-0.09714838214445448,-0.16028714494620236,0.23070971098058735
