,Clustering Coefficient,Assortativity,In Centralization
GRNBOOST2,0.21579641305870817,-0.07208865146248754,0.04159722222222223
SINCERITIES,-0.04473280729218576,0.20931667241970509,0.564236111111111
