,Clustering Coefficient,Global Efficiency,Local Efficiency,Shortest Path Length,Assortativity,Centralization
PIDC,0.732068376068376,0.6011111111111112,0.8387057387057386,2.11,0.44016563146997967,0.2717391304347826
GRNBOOST2,0.7596501276501276,0.6061111111111112,0.8664257594257596,2.0633333333333335,0.366680978960928,0.22644927536231885
PPCOR,0.6277344877344877,0.6311111111111112,0.7756789321789325,1.88,0.06106870229007651,0.18115942028985507
SINCERITIES,0.5046009546009546,0.6486111111111111,0.7133407191936604,1.7766666666666666,-0.2438962658419306,0.4528985507246377
ground truth,0.6309206349206348,0.6163888888888889,0.7999841269841267,1.97,-0.004304160688654019,0.04528985507246377
