,Clustering Coefficient,Assortativity,In Centralization
GRNBOOST2,0.5312567305190256,-0.07208865146248551,0.085
SINCERITIES,0.2707275101681316,0.2093166724197071,0.6076388888888888
ground truth,0.3154603174603174,2.0234225528430397e-15,0.043402777777777776
