,PageRank,Centrality,Betweenness,Radiality,Clustering Coefficient,Local Efficiency,Node Degrees
PIDC,0.13680179536369838,0.20929492775921074,0.2865471226503983,0.3130817285614156,0.3465219604888961,0.29665871456132425,0.20929492775921074
GRNBOOST2,0.16134011535047196,0.08741801534261025,0.08680736130508673,0.204522767797484,0.31949419741635493,0.2830625796475641,0.08741801534261025
PPCOR,0.21004039626852794,-0.05840540042088972,-0.15964608873889943,-0.0677001607832951,0.26257723606249483,0.22885642049712274,-0.05840540042088972
SINCERITIES,0.17615384615384613,0.4375264182844962,0.5035583859258298,0.13110124871556267,-0.02954069412176397,0.00444998595411072,0.4375264182844962
