,Clustering Coefficient,Global Efficiency,Local Efficiency,Shortest Path Length,Assortativity,Centralization
PIDC,0.16031769377849708,-0.024785939612437947,0.04840297502850359,0.07106598984771569,103.26514837846973,4.999999999999999
GRNBOOST2,0.20403436756460833,-0.01667417755745822,0.08305368844268489,0.0473773265651439,86.19221411215368,4.0
PPCOR,-0.005049996798009094,0.02388463271744042,-0.03038209632586433,-0.0456852791878173,15.188295165432983,3.0
SINCERITIES,-0.20021485005886724,0.05227579990986938,-0.10830640867476299,-0.09813874788494079,-55.665232430762465,9.0
