,Clustering Coefficient,Assortativity,In Centralization
GRNBOOST2,0.6840683316241631,-35627087066514.266,0.9584000000000003
SINCERITIES,-0.1418016936403192,103446841652328.92,12.999999999999998
