,Clustering Coefficient,Global Efficiency,Local Efficiency,Shortest Path Length,Assortativity,Centralization
PIDC,0.10114774114774128,-0.015277777777777724,0.038721611721611926,0.1399999999999999,0.4444697921586337,0.22644927536231882
GRNBOOST2,0.12872949272949286,-0.010277777777777719,0.06644163244163293,0.09333333333333349,0.370985139649582,0.18115942028985507
PPCOR,-0.0031861471861470703,0.014722222222222303,-0.02430519480519422,-0.09000000000000008,0.06537286297873053,0.1358695652173913
SINCERITIES,-0.12631968031968022,0.03222222222222226,-0.08664340779046631,-0.19333333333333336,-0.23959210515327659,0.40760869565217395
