,PageRank,Out Centrality,Betweenness,Clustering Coefficient,Node In Degrees
GRNBOOST2,0.0909386212301261,,-0.1656382029548725,-0.10175605245213581,-0.21059425929333989
SINCERITIES,-0.21187014375880608,,0.264605035783822,-0.03421619966621582,0.1454158659535168
