,Clustering Coefficient,Global Efficiency,Local Efficiency,Shortest Path Length,Assortativity,Centralization
PIDC,-0.014743922743922666,0.015833333333333366,-0.022923150923151003,-0.09666666666666668,0.1324708670748676,0.1358695652173913
GRNBOOST2,0.0057984237984238796,0.01388888888888884,0.0016301106301104262,-0.08333333333333326,0.07517553014762923,0.1358695652173913
PPCOR,-0.08718326118326108,0.021666666666666612,-0.08180230880230888,-0.1299999999999999,0.05722153385084797,0.09057971014492754
SINCERITIES,-0.08218491312608966,0.026111111111111085,-0.10524579995168226,-0.15666666666666673,-0.3198335221697607,0.3170289855072464
