,Clustering Coefficient,Assortativity,In Centralization
GRNBOOST2,0.35763749369749037,-0.08295214357933303,0.08680555555555555
SINCERITIES,0.24629178338001867,0.24113483765371427,0.4774305555555556
ground truth,0.2822523307872145,-0.016443810155991598,0.08680555555555555
