,PageRank,Centrality,Betweenness,Radiality,Clustering Coefficient,Local Efficiency,Node Degrees
PIDC,0.02692307692307692,0.004667827209635279,-0.08153846153846152,0.01807245431284184,-0.014937103087824635,-0.0988058624924521,0.004667827209635279
GRNBOOST2,-0.07153846153846154,0.03601841084837533,0.25769230769230766,0.3690881976344798,0.27131197946476,0.2748903303054345,0.03601841084837533
PPCOR,0.04461538461538461,0.10382567742796285,0.03769230769230769,0.24332240066417948,0.04478536928488141,-0.12946181978878588,0.10382567742796285
SINCERITIES,0.019234468522758966,-0.09592128804652486,0.0408084885835931,-0.07512678725937262,-0.17438756221527874,-0.18666923867849833,-0.09592128804652486
