,Clustering Coefficient,Global Efficiency,Local Efficiency,Shortest Path Length,Assortativity,Centralization
PIDC,-0.028035347484822167,0.025526197939991096,-0.03143871882034685,-0.0505226480836237,1.3408636545381534,1.25
GRNBOOST2,0.011025615697836062,0.022391401701746447,0.002235669516721723,-0.043554006968641076,0.7609230490551917,1.25
PPCOR,-0.16577766070703395,0.034930586654724496,-0.11219050094433791,-0.06794425087108008,0.5791935743438883,0.8333333333333334
SINCERITIES,-0.15627337700542224,0.04209583519928343,-0.14434285769857802,-0.08188153310104533,-3.2373393097667504,2.916666666666667
