,Clustering Coefficient,Assortativity,In Centralization
GRNBOOST2,0.07538516291027586,-0.06650833342334143,0.0
SINCERITIES,-0.03596054740719584,0.25757864780970585,0.390625
