,PageRank,Out Centrality,Betweenness,Clustering Coefficient,Node In Degrees
GRNBOOST2,0.1250240453979333,,-0.09402714948941523,0.27948389668276913,0.10817828121216037
SINCERITIES,0.06103981429840847,,0.042082709316030975,-0.3093127874719385,0.12289986439044837
