,Clustering Coefficient,Assortativity,In Centralization
GRNBOOST2,0.26708428837424736,-4.044581687116348,0.0
SINCERITIES,-0.12740567033370548,15.664170612907036,4.5
