,Clustering Coefficient,Global Efficiency,Local Efficiency,Shortest Path Length,Assortativity,Centralization
PIDC,0.5111608391608392,0.6361111111111112,0.7062144152144153,1.8166666666666667,0.03367568635196568,0.24456521739130435
GRNBOOST2,0.5317031857031858,0.6341666666666667,0.7307676767676767,1.83,-0.023619650575272703,0.24456521739130435
PPCOR,0.4387215007215008,0.6419444444444444,0.6473352573352574,1.7833333333333334,-0.041573646872053956,0.19927536231884058
SINCERITIES,0.4437198487786722,0.6463888888888889,0.623891766185884,1.7566666666666666,-0.41862870289266263,0.4257246376811594
ground truth,0.5259047619047619,0.6202777777777778,0.7291375661375663,1.9133333333333333,-0.09879518072290193,0.10869565217391304
