,Clustering Coefficient,Global Efficiency,Local Efficiency,Shortest Path Length,Assortativity,Centralization
PIDC,0.5566696281253971,-0.03571428571428574,0.3686533891508918,0.10179640718562881,0.9831959676982912,0.0
GRNBOOST2,0.7170153111262394,-0.006696428571428548,0.4255415491445779,0.0179640718562875,0.2810689652130644,1.0
PPCOR,0.08567077040233571,-0.0044642857142858546,0.0022145542565793447,0.011976047904191715,1.0411191141637894,0.33333333333333326
SINCERITIES,0.21718172676416125,0.002232142857142693,0.1068049219153925,-0.005988023952095787,-0.8231479258108412,1.333333333333333
