,PageRank,Out Centrality,Betweenness,Clustering Coefficient,Node In Degrees
GRNBOOST2,0.3127793920987215,0.33975659229208927,0.32216983173021324,0.3055555555555556,0.055253210151281804
SINCERITIES,0.11065666703449761,-0.1784719567000183,0.03063458145320982,0.06762984138109111,-0.04288403549817087
