,Clustering Coefficient,Global Efficiency,Local Efficiency,Shortest Path Length,Assortativity,Centralization
PIDC,0.6489417989417989,0.6857142857142857,0.820220458553792,1.7523809523809524,-0.005545587995433739,0.24725274725274726
GRNBOOST2,0.7157864357864357,0.7063492063492064,0.8543129709796378,1.619047619047619,-0.237258251143314,0.4945054945054945
PPCOR,0.4525925925925926,0.7079365079365079,0.6006172839506172,1.6095238095238096,0.013569937369520045,0.32967032967032966
SINCERITIES,0.5074166574166573,0.7126984126984126,0.6632972582972584,1.5809523809523809,-0.601666735087649,0.5769230769230769
ground truth,0.41687830687830674,0.7111111111111111,0.59929012345679,1.5904761904761904,-0.33001531393568023,0.24725274725274726
