,Clustering Coefficient,Global Efficiency,Local Efficiency,Shortest Path Length,Assortativity,Centralization
PIDC,0.2320634920634922,-0.025396825396825418,0.220930335097002,0.161904761904762,0.3244697259402465,0.0
GRNBOOST2,0.298908128908129,-0.004761904761904745,0.25502284752284776,0.028571428571428692,0.09275706279236623,0.24725274725274726
PPCOR,0.035714285714285865,-0.0031746031746032743,0.0013271604938271953,0.019047619047619202,0.3435852513052003,0.0824175824175824
SINCERITIES,0.09053835053835058,0.0015873015873014706,0.06400713484046838,-0.00952380952380949,-0.2716514211519688,0.3296703296703296
