,PageRank,Centrality,Betweenness,Radiality,Clustering Coefficient,Local Efficiency,Node Degrees
PIDC,-0.42895459487824666,-0.4635290175665221,-0.2325581395348837,-0.5482695810564663,0.44435760384535955,0.6663701250143695,-0.4635290175665221
GRNBOOST2,0.2466488920549918,0.11688633559556727,0.20089758816045597,0.17438756835336236,0.43368564287595196,0.6181553840799103,0.11688633559556727
PPCOR,0.2178571428571428,0.13007402213023522,0.33422712184263387,0.08257103131772266,-0.026735208530114993,-0.15384615384615383,0.13007402213023522
SINCERITIES,-0.11121188051679713,-0.1393231863307688,0.057450998721568156,-0.19343097899318695,0.32169312133617706,0.039604746517250995,-0.1393231863307688
