,Clustering Coefficient,Assortativity,In Centralization
GRNBOOST2,0.3113429621506406,0.18892755276125822,0.0
SINCERITIES,0.09671552314800566,0.2520791852475725,0.38265306122448983
