,Clustering Coefficient,Assortativity,In Centralization
GRNBOOST2,1.2624486180039185,1.3842111239645083,0.0
SINCERITIES,0.392166817243325,1.846902726679219,1.119402985074627
