,Clustering Coefficient,Assortativity,In Centralization
GRNBOOST2,0.5579612860258023,0.052440026046292755,0.34183673469387754
SINCERITIES,0.3433338470231673,0.11559165853260704,0.7244897959183674
ground truth,0.24661832387516167,-0.13648752671496547,0.34183673469387754
