,Clustering Coefficient,Assortativity,In Centralization
GRNBOOST2,0.21132684594767306,0.37669597857977527,0.025214264034195424
SINCERITIES,-0.0035551087759735254,0.5688171284395812,0.07389395921241099
