,PageRank,Out Centrality,Betweenness,Clustering Coefficient,Node In Degrees
GRNBOOST2,0.19238754428060886,-0.06903042432262824,,0.1330662664668137,0.20395064676896166
SINCERITIES,0.028334642015084257,0.051036870756768764,0.030666468554503747,0.1291867946788481,0.016009470005715863
