,PageRank,Out Centrality,Betweenness,Clustering Coefficient,Node In Degrees
GRNBOOST2,4.330275877639282,5.345047598459799,3.3983426646408463,2.9603340545315815,2.13485628932566
SINCERITIES,1.4069121038379018,4.971089433560587,3.72831707517044,5.507741133774514,2.399411979070085
