,Clustering Coefficient,Assortativity,In Centralization
GRNBOOST2,20.381060359169027,6.633917412423875,4.264963974607301
SINCERITIES,-0.34286645514251934,10.017324493526948,12.499078837067103
