,PageRank,Out Centrality,Betweenness,Clustering Coefficient,Node In Degrees
GRNBOOST2,0.23404255319148937,0.28888888888888886,0.1836734693877551,0.16,0.09433962264150944
SINCERITIES,0.07547169811320754,0.2391304347826087,0.22580645161290322,0.29545454545454547,0.11764705882352941
