,PageRank,Centrality,Betweenness,Radiality,Clustering Coefficient,Local Efficiency,Node Degrees
PIDC,0.09503655955494196,-0.024792529516665426,0.021166060867300066,-0.0369795963336016,0.09821821686996318,0.025014435570445533,-0.024792529516665426
GRNBOOST2,0.06655126108874602,0.051452707540382656,-0.16464705055481677,-0.0033125577696773013,0.029799031616565823,-0.04424779088590415,0.051452707540382656
PPCOR,0.09999999999999999,0.0942431993359993,0.14607857066347282,-0.14619132677682284,0.008583756323016526,0.15098629211142334,0.0942431993359993
SINCERITIES,0.4770148193644224,0.5014115822328645,0.2790524674415681,0.35893806338003775,0.0007754964763651569,0.001542918703392689,0.5014115822328645
