,Clustering Coefficient,Assortativity,In Centralization
GRNBOOST2,1.313713778660861,2.499890346896889,0.0
SINCERITIES,0.6137526044077802,-0.154251214634028,4.320987654320987
