,Clustering Coefficient,Global Efficiency,Local Efficiency,Shortest Path Length,Assortativity,Centralization
PIDC,0.5804126984126985,0.5966666666666667,0.6556753246753247,2.03,0.5758608682903572,0.2246376811594203
GRNBOOST2,0.45916305916305916,0.6222222222222222,0.6248080808080808,1.8533333333333333,0.031059983566147753,0.2246376811594203
PPCOR,0.451085803085803,0.5928888888888888,0.5655157065157066,2.07,0.19188783692896708,0.26992753623188404
SINCERITIES,0.4540634920634921,0.6411111111111112,0.6130579605579607,1.74,-0.39086018128912003,0.6322463768115942
ground truth,0.2772236652236652,0.635,0.45577335257335255,1.7766666666666666,-0.10732261730800241,0.1793478260869565
