,Clustering Coefficient,Global Efficiency,Local Efficiency,Shortest Path Length,Assortativity,Centralization
PIDC,0.3031890331890333,-0.03833333333333333,0.1999019721019722,0.2533333333333332,0.6831834855983596,0.045289855072463775
GRNBOOST2,0.18193939393939396,-0.012777777777777777,0.16903472823472826,0.07666666666666666,0.13838260087415016,0.045289855072463775
PPCOR,0.17386213786213778,-0.04211111111111121,0.10974235394235404,0.2933333333333332,0.29921045423696946,0.09057971014492752
SINCERITIES,0.1768398268398269,0.006111111111111178,0.15728460798460814,-0.036666666666666625,-0.2835375639811176,0.4528985507246377
