,Clustering Coefficient,Assortativity,In Centralization
GRNBOOST2,0.32872764595519255,0.19602416282485874,0.140625
SINCERITIES,0.22927861678209246,0.04736925479922474,0.7482638888888888
ground truth,0.1420779220779221,0.056008658385157645,0.140625
