,PageRank,Out Centrality,Betweenness,Clustering Coefficient,Node In Degrees
GRNBOOST2,0.009230769230769232,0.1465843201964607,0.15464512692298213,0.41724721221529193,0.04574956180688953
SINCERITIES,-0.30184728518641907,-0.26576647650642465,0.22516668396462872,-0.16985515174458746,-0.31264101692838075
