,Clustering Coefficient,Assortativity,In Centralization
GRNBOOST2,0.18664972387727044,0.1400155044397011,0.0
SINCERITIES,0.08720069470417036,-0.008639403585932903,0.6076388888888888
