,PageRank,Centrality,Betweenness,Radiality,Clustering Coefficient,Local Efficiency,Node Degrees
PIDC,-0.27036802974004565,-0.2407321530514694,-0.0245187022806128,-0.18722010916203743,-0.12271900322838018,-0.41627907719497986,-0.2407321530514694
GRNBOOST2,-0.159118450591631,-0.013091082855376152,-0.3783368482939003,-0.06257347200939362,0.12587105272554086,0.1103942449729513,-0.013091082855376152
PPCOR,-0.2377123379950284,-0.17817072794910643,-0.021622499104693417,-0.25696838498393415,0.3511313655049804,0.29856887771701995,-0.17817072794910643
SINCERITIES,0.23792524653568842,0.42010884830876416,0.13953510699085486,0.32379769810460113,0.37987447852047357,0.4452488279873807,0.42010884830876416
