,PageRank,Out Centrality,Betweenness,Clustering Coefficient,Node In Degrees
GRNBOOST2,-0.09205101496312953,0.26979370753454945,0.0,-0.6932773109243698,-0.01794173017396262
SINCERITIES,-0.23298157322862875,0.4372689844893176,0.04067446084099803,0.19819661931263416,-0.058381346066135945
