,Clustering Coefficient,Global Efficiency,Local Efficiency,Shortest Path Length,Assortativity,Centralization
PIDC,0.2562241462241463,-0.0182539682539683,0.13727833894500552,0.1142857142857141,-0.1274464763084183,0.16483516483516486
GRNBOOST2,0.28691609977324267,0.02490842490842482,0.17434870244394052,-0.017582417582417742,-0.16101933188819104,0.17032967032967034
PPCOR,0.15835978835978842,-0.02619047619047621,0.04349206349206358,0.16190476190476177,0.3965854505334254,0.0
SINCERITIES,-0.12148629148629148,-0.007936507936507908,-0.11042969376302708,0.04761904761904745,0.010471046932147787,0.0824175824175824
