,Clustering Coefficient,Assortativity,In Centralization
GRNBOOST2,2.3591340696274017,-0.7217974198443682,1.7091346153846152
SINCERITIES,-0.3063363240161176,1.4418475886234206,2.8846153846153837
