,Clustering Coefficient,Assortativity,In Centralization
GRNBOOST2,0.5641451941732329,-0.053161190775259326,0.2267219387755102
SINCERITIES,-0.07325491468218326,0.10619369454685,0.3826530612244897
