,Clustering Coefficient,Global Efficiency,Local Efficiency,Shortest Path Length,Assortativity,Centralization
PIDC,0.7160714285714285,0.5707125603864733,0.7853891093474425,2.36231884057971,0.12562859195402468,0.11462450592885376
GRNBOOST2,0.6221434650006078,0.6448412698412699,0.6760519903377046,2.052380952380952,0.37498831229546503,0.3157894736842105
PPCOR,0.3746302308802309,0.6582125603864734,0.5576177449094116,1.710144927536232,-0.17777542671744895,0.16205533596837945
SINCERITIES,0.6256033628207541,0.6516666666666666,0.7902412949369473,1.6966666666666668,-0.43097458401901645,0.7572463768115942
ground truth,0.7196885989827166,0.6372222222222222,0.8564891568126863,1.7833333333333334,-0.3814370531927783,0.4855072463768116
