,PageRank,Centrality,Betweenness,Radiality,Clustering Coefficient,Local Efficiency,Node Degrees
PIDC,2.5539432176656156,2.5539432176656156,0.0,0.0,0.0,0.0,2.5539432176656156
GRNBOOST2,2.2203672787979967,2.2203672787979967,0.0,2.2203672787979967,0.0,0.0,2.2203672787979967
PPCOR,0.0,0.0,0.0,0.0,2.5539432176656156,2.5539432176656156,0.0
SINCERITIES,0.0,0.0,0.0,0.0,0.0,0.0,0.0
