,Clustering Coefficient,Assortativity,In Centralization
GRNBOOST2,0.0018870495405448606,0.4329107954325332,-0.15316358024691357
SINCERITIES,0.0006060342496403415,0.14887533039876913,0.4340277777777778
