,PageRank,Out Centrality,Betweenness,Clustering Coefficient,Node In Degrees
GRNBOOST2,0.20017559262510973,-0.01993702595611617,-0.09734513274336283,0.2805633188350523,-0.14837155439882974
SINCERITIES,-0.055048938814368634,0.16815139181725125,0.01607401525768014,0.05073605012529574,-0.01362214258535832
