,Clustering Coefficient,Assortativity,In Centralization
GRNBOOST2,0.004220580152764421,1.790444004118399,-0.35288888888888886
SINCERITIES,0.0013554578568133234,0.6157225587486248,1.0
