,Clustering Coefficient,Assortativity,In Centralization
GRNBOOST2,0.4489937202452511,0.19112116423672532,0.2808641975308642
SINCERITIES,0.44771270495434656,-0.09291430079703872,0.8680555555555556
ground truth,0.4471066707047062,-0.24178963119580785,0.4340277777777778
