,Clustering Coefficient,Global Efficiency,Local Efficiency,Shortest Path Length,Assortativity,Centralization
PIDC,0.45941932141932157,0.21746031746031746,0.354907832907833,-0.4638095238095239,-0.040998990218217346,-0.15866379996814778
GRNBOOST2,0.1694747474747474,-0.015555555555555656,0.16446813371813362,0.09666666666666668,0.1703969078861906,0.0
PPCOR,0.035575535575535666,-0.020000000000000018,0.06650029600029606,0.1233333333333333,0.27128388501178957,-0.0905797101449275
SINCERITIES,0.332061410598495,0.0038888888888888307,0.2581235383920807,-0.023333333333333428,-0.29767110583918216,0.31702898550724645
