,Clustering Coefficient,Assortativity,In Centralization
GRNBOOST2,0.820090974451989,1.932968139448299,0.0
SINCERITIES,1.143133984890623,1.9598240601838555,0.4999999999999999
