,PageRank,Centrality,Betweenness,Radiality,Clustering Coefficient,Local Efficiency,Node Degrees
PIDC,0.2683367442131824,0.3431880350952181,-0.01611465077920802,0.36440665016830953,-0.4243511100727806,-0.5044730791207829,0.3431880350952181
GRNBOOST2,-0.06769230769230769,-0.10936312118510495,0.020769230769230772,0.012673089875885696,0.3066366826731671,0.3153639047812727,-0.10936312118510495
PPCOR,0.10578957687517432,0.22083889751257868,0.14271975643887153,0.16406261265289468,0.18461340748360758,0.2926688528299944,0.22083889751257868
SINCERITIES,-0.09930718877943165,-0.10321065551748927,-0.23902090601864148,0.07657880306761401,-0.39008363805860446,-0.29702164996322633,-0.10321065551748927
