,PageRank,Out Centrality,Betweenness,Clustering Coefficient,Node In Degrees
GRNBOOST2,-0.5565889172674495,0.25220425756735415,0.16252907149428197,0.32653083011264966,-0.6669656321117652
SINCERITIES,-0.5509043386192659,-0.1542024604287713,-0.313834418826741,-0.352759788755987,-0.7064379539955307
