,Clustering Coefficient,Assortativity,In Centralization
GRNBOOST2,0.4062228268970555,0.07453633101625282,0.5208333333333334
SINCERITIES,0.47832221464838937,0.07668189388496495,0.78125
ground truth,0.22318819916095958,-0.07989161458431915,0.5208333333333334
