,Clustering Coefficient,Global Efficiency,Local Efficiency,Shortest Path Length,Assortativity,Centralization
PIDC,0.844868094868095,0.861904761904762,0.9224340474340474,1.276190476190476,-0.284719920450778,0.23626373626373626
GRNBOOST2,0.5549235209235208,0.6288888888888888,0.7319943482443481,1.8366666666666667,-0.07332402234637005,0.39492753623188404
PPCOR,0.4210243090243091,0.6244444444444445,0.6340265105265105,1.8633333333333333,0.027562954779228956,0.30434782608695654
SINCERITIES,0.7175101840472684,0.6483333333333333,0.8256497529182951,1.7166666666666666,-0.5413920360717428,0.7119565217391305
ground truth,0.38544877344877343,0.6444444444444445,0.5675262145262144,1.74,-0.24372093023256064,0.39492753623188404
