,Clustering Coefficient,Global Efficiency,Local Efficiency,Shortest Path Length,Assortativity,Centralization
PIDC,1.1919075972371174,0.3374384236453202,0.6253593645962578,-0.2665571975916804,-0.1682210476510809,-0.4017542090936586
GRNBOOST2,0.439681636442594,-0.02413793103448291,0.28979830271881957,0.05555555555555556,0.6991476182353169,0.0
PPCOR,0.09229640363679531,-0.031034482758620714,0.11717572562848436,0.07088122605363982,1.1130922762888198,-0.22935779816513752
SINCERITIES,0.8614929751297452,0.0060344827586205985,0.4548222298551775,-0.013409961685823809,-1.2213604533477769,0.8027522935779818
