,Clustering Coefficient,Assortativity,In Centralization
GRNBOOST2,0.18303462773609594,0.15442794560057196,0.0
SINCERITIES,0.25513401548742975,0.15657350846928408,0.26041666666666663
