,Clustering Coefficient,Global Efficiency,Local Efficiency,Shortest Path Length,Assortativity,Centralization
PIDC,2.10659402517904,0.45864365813214925,0.8797238069666452,-0.36233978787170273,-1.273163419830403,-0.42097902097902096
GRNBOOST2,0.8258984096112297,-0.0008525149190108753,0.3277020549580211,0.001934235976789084,-2.3142669222468704,1.3636363636363635
PPCOR,0.2829476886005195,-0.01193520886615515,0.13887864982191914,0.027079303675048336,-0.027515365833150573,0.6818181818181818
SINCERITIES,1.7148966088847755,0.010230179028133059,0.7669442103507513,-0.023210831721470038,-5.9281085647403815,2.727272727272727
