,PageRank,Centrality,Betweenness,Radiality,Clustering Coefficient,Local Efficiency,Node Degrees
PIDC,0.5558714309699303,0.3935596000884023,0.5437112450054535,0.43399118464359193,0.1739864978102114,-0.13006576866332517,0.3935596000884023
GRNBOOST2,-0.42615384615384616,-0.3768231364060061,-0.4320061630211664,-0.3266845251076687,-0.22357608557797004,0.005774783552608678,-0.3768231364060061
PPCOR,-0.10769230769230768,-0.08820722771283944,-0.14846153846153848,-0.09117632305617104,0.20939751889204866,0.11044835398027489,-0.08820722771283944
SINCERITIES,0.04232397389086484,0.06955483479444627,0.050095641150318004,0.12329836480541752,-0.12852429220632147,-0.0017625428260270048,0.06955483479444627
