,Clustering Coefficient,Global Efficiency,Local Efficiency,Shortest Path Length,Assortativity,Centralization
PIDC,0.6156179059036202,0.2988827838827839,0.4464439216867788,-0.6244322344322344,-0.08106065137155767,-0.08389074693422519
GRNBOOST2,0.24135540276716744,-0.0005555555555554204,0.16630286619698387,0.0033333333333331883,-0.1473463510206497,0.2717391304347826
PPCOR,0.0826868686868687,-0.007777777777777772,0.07047840307840303,0.046666666666666634,-0.001751867389858719,0.1358695652173913
SINCERITIES,0.5011506947159119,0.00666666666666671,0.3892103160929249,-0.040000000000000036,-0.3774349264002394,0.5434782608695652
