,PageRank,Out Centrality,Betweenness,Clustering Coefficient,Node In Degrees
GRNBOOST2,-0.3595564916739558,0.11277785788680131,-0.2657958377740593,-0.16144473455178418,-0.5369791764538584
SINCERITIES,-0.4337837478179873,0.36990919112492093,-0.27113289702301374,0.09837524279570635,-0.3673659701966577
