,Clustering Coefficient,Assortativity,In Centralization
GRNBOOST2,0.3353375268836863,0.028220769770527704,0.5708884688090737
SINCERITIES,0.5908900622129909,-0.19602353202123,0.8576388888888888
ground truth,0.16689325467469054,0.08811483971262023,0.25
