,Clustering Coefficient,Assortativity,In Centralization
GRNBOOST2,0.16844427220899574,-0.05989406994209252,0.32088846880907373
SINCERITIES,0.4239968075383004,-0.2841383717338502,0.6076388888888888
