,Clustering Coefficient,Assortativity,In Centralization
GRNBOOST2,1.0092934704720598,-0.6797273891370901,1.283553875236295
SINCERITIES,2.5405269276146467,-3.224636992594501,2.4305555555555554
