,Clustering Coefficient,Global Efficiency,Local Efficiency,Shortest Path Length,Assortativity,Centralization
PIDC,0.9078516721373865,0.9505494505494505,0.9539258360686932,1.098901098901099,-0.14472934472936377,0.11538461538461539
GRNBOOST2,0.5335891690009337,0.6511111111111112,0.6737847805788982,1.7266666666666666,-0.2110150443784558,0.47101449275362317
PPCOR,0.37492063492063493,0.6438888888888888,0.5779603174603174,1.77,-0.06542056074766482,0.3351449275362319
SINCERITIES,0.7933844609496782,0.6583333333333333,0.8966922304748393,1.6833333333333333,-0.4411036197580455,0.7427536231884058
ground truth,0.29223376623376623,0.6516666666666666,0.5074819143819144,1.7233333333333334,-0.0636686933578061,0.19927536231884058
