,PageRank,Centrality,Betweenness,Radiality,Clustering Coefficient,Local Efficiency,Node Degrees
PIDC,0.12413294578676204,0.055266901885871376,0.24211351914163115,0.3468561939163777,0.283449370508831,0.289297623243773,0.055266901885871376
GRNBOOST2,0.4316000304432175,0.227964434551734,0.07907458354887531,0.33661295087471954,0.028519040244185886,0.00735009671179884,0.227964434551734
PPCOR,0.2569230769230769,0.06345109237541617,0.10425081939335361,0.17006751418813648,0.07671034589891665,-0.020254703491920233,0.06345109237541617
SINCERITIES,-0.015387574818207173,0.030326325430690557,-0.3335256841846405,-0.21208158347408385,-0.2867291719537511,-0.3186562319996577,0.030326325430690557
