,Clustering Coefficient,Global Efficiency,Local Efficiency,Shortest Path Length,Assortativity,Centralization
PIDC,0.7976594516594518,0.5799444444444445,0.8726570466570465,2.2666666666666666,0.633441723211097,0.18840579710144928
GRNBOOST2,0.7005665445665445,0.6088333333333333,0.8191612461612461,2.0366666666666666,0.32041417307874936,0.23369565217391305
PPCOR,0.556080808080808,0.6322222222222222,0.7559638139638137,1.8666666666666667,0.10579162371625989,0.23369565217391305
SINCERITIES,0.514658871915838,0.66,0.7147088007738165,1.6933333333333334,-0.4324139468622596,0.5507246376811594
ground truth,0.5733333333333333,0.6216666666666667,0.77239417989418,1.9233333333333333,-0.01179941002949897,0.05253623188405797
