,PageRank,Out Centrality,Betweenness,Clustering Coefficient,Node In Degrees
GRNBOOST2,0.05503175825498017,,0.18006611401821454,0.26986644255998354,-0.2212966078222065
SINCERITIES,0.02023882611985508,,-0.14242729161450943,-0.2510288284266318,-0.0326729350260003
