,Clustering Coefficient,Assortativity,In Centralization
GRNBOOST2,1.343019297646326,5.298949377775757,2.9999999999999996
SINCERITIES,-0.05029051985934863,4.431525654905475,15.0
