,Clustering Coefficient,Assortativity,In Centralization
GRNBOOST2,0.38544653842449556,0.3362667456226164,0.13020833333333331
SINCERITIES,-0.014433379199633056,0.2812207862124739,0.6510416666666666
