,Clustering Coefficient,Assortativity,In Centralization
GRNBOOST2,0.6724465384244955,0.27280761030176437,0.1736111111111111
SINCERITIES,0.2725666208003669,0.2177616508916219,0.6944444444444444
ground truth,0.287,-0.06345913532085203,0.043402777777777776
