,Clustering Coefficient,Global Efficiency,Local Efficiency,Shortest Path Length,Assortativity,Centralization
PIDC,0.2243261183261186,-0.041722222222222216,0.10026286676286644,0.34333333333333327,0.6452411332405961,0.1358695652173913
GRNBOOST2,0.1272332112332113,-0.012833333333333363,0.04676706626706606,0.11333333333333329,0.33221358310824833,0.1811594202898551
PPCOR,-0.017252525252525297,0.01055555555555554,-0.016430365930366286,-0.05666666666666664,0.11759103374575886,0.1811594202898551
SINCERITIES,-0.058674461417495216,0.03833333333333333,-0.057685379120363534,-0.22999999999999998,-0.4206145368327606,0.49818840579710144
