,Clustering Coefficient,Global Efficiency,Local Efficiency,Shortest Path Length,Assortativity,Centralization
PIDC,0.32056277056277055,-0.04833333333333323,0.2977956709956713,0.31333333333333324,0.621635346600707,0.0
GRNBOOST2,0.3625504736809085,0.004519104084321546,0.37820088671393026,0.08213438735177858,0.14483958092558719,0.03790231507622813
PPCOR,0.16997491397491393,-0.006666666666666599,0.24962771672771666,0.040000000000000036,-0.0007656577994930025,0.09057971014492755
SINCERITIES,0.20860566382934798,0.015169082125603861,0.2425407980015437,-0.0371014492753623,-0.35572227273976315,0.37236495388669305
