,PageRank,Centrality,Betweenness,Radiality,Clustering Coefficient,Local Efficiency,Node Degrees
PIDC,-0.0007698231688328035,-0.012081704819700357,-0.1770593288315448,-0.27170642641964093,0.03324317850822114,-0.09476119915468305,-0.012081704819700357
GRNBOOST2,-0.4337944664031621,-0.4629345066014997,-0.37055335968379455,-0.6878634666685549,0.3234931786510096,0.5135937355109478,-0.4629345066014997
PPCOR,0.07538461538461538,0.06475817567973279,0.12923076923076923,0.14859382491190157,0.06323971720532535,0.39980751462560743,0.06475817567973279
SINCERITIES,-0.10869565217391304,-0.14359171633302456,-0.020878644863336373,-0.29513814110913295,0.03159285252340509,-0.009621814241061406,-0.14359171633302456
