,Clustering Coefficient,Assortativity,In Centralization
GRNBOOST2,0.5090721572183728,-0.09486149009828887,0.17768595041322313
SINCERITIES,0.25995686163692994,-0.005784445054892677,0.6275992438563327
ground truth,0.14617338217338216,-0.03949607712614182,0.2170138888888889
