,PageRank,Out Centrality,Betweenness,Clustering Coefficient,Node In Degrees
GRNBOOST2,0.27032370481789886,0.03557929942615242,0.08699951631369278,0.151102308326648,0.21785022117479536
SINCERITIES,-0.136288201270323,0.20127684618080105,0.06539770259062799,-0.10538954559175741,-0.0022321484179468228
