,Clustering Coefficient,Global Efficiency,Local Efficiency,Shortest Path Length,Assortativity,Centralization
PIDC,0.5766176046176046,0.5983333333333334,0.7092835978835982,2.0533333333333332,0.5212249580796031,0.161231884057971
GRNBOOST2,0.6186053077357425,0.6511857707509882,0.7896888136018572,1.8221343873517786,0.044429192404483286,0.19913419913419914
PPCOR,0.42602974802974797,0.64,0.6611156436156436,1.78,-0.1011760463205969,0.25181159420289856
SINCERITIES,0.464660497884182,0.6618357487922705,0.6540287248894706,1.7028985507246377,-0.45613266126086704,0.5335968379446641
ground truth,0.25605483405483404,0.6466666666666666,0.4114879268879269,1.74,-0.1004103885211039,0.161231884057971
