,Clustering Coefficient,Assortativity,In Centralization
GRNBOOST2,2.4826597677991864,-1.4017952414697301,-0.18122314049586782
SINCERITIES,0.7784144949768255,0.8535438079984898,1.891977315689981
