,Clustering Coefficient,Assortativity,In Centralization
GRNBOOST2,0.3628987750449907,-0.05536541297214705,-0.039327938475665764
SINCERITIES,0.11378347946354778,0.03371163207124914,0.4105853549674438
