,Clustering Coefficient,Assortativity,In Centralization
GRNBOOST2,0.35181124593058394,0.013955723235263477,0.3472222222222222
SINCERITIES,0.30074803762336566,-0.11415424405395157,0.718336483931947
ground truth,0.2683782705203571,0.08712536196851059,0.5208333333333334
