,Clustering Coefficient,Global Efficiency,Local Efficiency,Shortest Path Length,Assortativity,Centralization
PIDC,0.9049656226126817,0.8455882352941176,0.9524828113063405,1.3088235294117647,-0.009037111794116315,0.35
GRNBOOST2,0.5766766566766567,0.6288888888888888,0.7363252673252672,1.8633333333333333,-0.16537926772748543,0.338768115942029
PPCOR,0.3908600288600288,0.6355555555555555,0.5400165945165945,1.8133333333333332,0.1790393013100441,0.15760869565217392
SINCERITIES,0.49833585030953453,0.6696859903381643,0.6728001185786274,1.6630434782608696,-0.41913406890845134,0.6245059288537549
ground truth,0.4892160388630976,0.6461111111111112,0.6512452384217091,1.75,-0.3053407671449894,0.42934782608695654
