,Clustering Coefficient,Assortativity,In Centralization
GRNBOOST2,0.31087828104883114,-0.8398201979314881,-0.3333333333333334
SINCERITIES,0.1206124737306302,-2.3102297824049205,0.37920604914933825
