,Clustering Coefficient,Global Efficiency,Local Efficiency,Shortest Path Length,Assortativity,Centralization
PIDC,0.41574958374958404,0.19947712418300645,0.3012375728846314,-0.4411764705882353,0.2963036553508731,-0.07934782608695656
GRNBOOST2,0.08746061781355907,-0.01722222222222236,0.08508002890355804,0.11333333333333329,0.139961499417504,-0.09057971014492755
PPCOR,-0.09835601000306882,-0.010555555555555651,-0.11122864390511467,0.06333333333333324,0.48438006845503356,-0.2717391304347826
SINCERITIES,0.00911981144643692,0.023574879227053147,0.02155488015691831,-0.08695652173913038,-0.11379330176346192,0.19515810276679835
