,PageRank,Out Centrality,Betweenness,Clustering Coefficient,Node In Degrees
GRNBOOST2,-0.12160862260917583,-0.5117995437358114,-0.35510161843905996,-0.16682772527568415,-0.39475786876441366
SINCERITIES,-0.49435640723963886,0.4126724605132534,-0.09925515095093335,-0.08946130939927427,-0.716022224599378
