,Clustering Coefficient,Assortativity,In Centralization
GRNBOOST2,0.08343297541022682,-0.07316963873324711,-0.17361111111111116
SINCERITIES,0.03236976710300854,-0.20127960602246214,0.19750315059861367
