,Clustering Coefficient,Global Efficiency,Local Efficiency,Shortest Path Length,Assortativity,Centralization
PIDC,0.6919025419025417,0.6063888888888889,0.8051879416879416,2.0,0.4395752643718182,0.24818840579710144
GRNBOOST2,0.4832496392496393,0.6322222222222222,0.6777390572390573,1.8366666666666667,0.1575273001721759,0.2028985507246377
PPCOR,0.399082251082251,0.64,0.5809056758056758,1.7866666666666666,-0.07926621461224889,0.38405797101449274
SINCERITIES,0.3296410256410256,0.6427777777777778,0.5070311355311357,1.77,-0.45599679703725676,0.38405797101449274
ground truth,0.3614112554112554,0.6416666666666667,0.5683226551226551,1.7766666666666666,-0.04745037266622601,0.2028985507246377
