,Clustering Coefficient,Assortativity,In Centralization
GRNBOOST2,0.3824732864211775,0.3349622786110486,0.08680555555555555
SINCERITIES,0.18241143364727105,-0.3269366340852679,0.4774305555555556
ground truth,0.19522564729254044,-0.01594639758218538,0.1736111111111111
