,PageRank,Out Centrality,Betweenness,Clustering Coefficient,Node In Degrees
GRNBOOST2,0.011155991743200202,0.07304047162465847,0.0646651461819555,0.013555392573516942,0.24077204851890704
SINCERITIES,0.08793563015224043,-0.015306504391145127,-0.005961493877883437,-0.3345581188067029,0.14610780293411085
