,Clustering Coefficient,Global Efficiency,Local Efficiency,Shortest Path Length,Assortativity,Centralization
PIDC,0.33049128649128634,-0.03527777777777785,0.2368652865652865,0.22333333333333338,0.48702563703804425,0.04528985507246375
GRNBOOST2,0.12183838383838391,-0.009444444444444478,0.10941640211640213,0.06000000000000005,0.2049776728384019,0.0
PPCOR,0.03767099567099558,-0.0016666666666667052,0.01258302068302064,0.010000000000000009,-0.03181584194602288,0.18115942028985504
SINCERITIES,-0.03177022977022981,0.0011111111111110628,-0.06129151959151946,-0.006666666666666599,-0.4085464243710307,0.18115942028985504
