,Clustering Coefficient,Assortativity,In Centralization
GRNBOOST2,0.9591344258577432,22.005514059504815,-0.5
SINCERITIES,-0.06563796213756498,-19.50222518285304,1.7500000000000002
