,Clustering Coefficient,Assortativity,In Centralization
GRNBOOST2,0.18724763912863707,0.35090867619323396,-0.08680555555555555
SINCERITIES,-0.012814213645269384,-0.31099023650308255,0.3038194444444445
