,PageRank,Centrality,Betweenness,Radiality,Clustering Coefficient,Local Efficiency,Node Degrees
PIDC,-0.07195075561447023,0.10391402167005835,-0.01809432984366864,0.1896920946513716,-0.020902018613798028,-0.19395229176578418,0.10391402167005835
GRNBOOST2,0.37,0.38241492358690704,0.17234083796392036,0.3468636321743496,-0.1666349018181702,-0.09815242494226328,0.38241492358690704
PPCOR,0.39307692307692305,0.4046921517173376,0.12538461538461537,0.397321458509259,0.053824105678320536,-0.07353224390321716,0.4046921517173376
SINCERITIES,0.13925755210477492,0.14879908821615342,0.15156761195934065,0.2955873247560058,-0.30241171890661467,-0.5733822965111615,0.14879908821615342
