,Clustering Coefficient,Global Efficiency,Local Efficiency,Shortest Path Length,Assortativity,Centralization
PIDC,0.5966666666666668,0.6936507936507936,0.7250529100529103,1.6761904761904762,0.11353401279924222,0.17582417582417584
GRNBOOST2,0.567936507936508,0.6873015873015873,0.6843518518518519,1.7142857142857142,0.29987760097919325,0.25824175824175827
PPCOR,0.5795189995189995,0.7015873015873016,0.7490925124258456,1.6285714285714286,-0.18201754385964872,0.4230769230769231
SINCERITIES,0.29050986050986055,0.7031746031746031,0.42614077280743956,1.619047619047619,-0.6429975220029039,0.4230769230769231
ground truth,0.6119080919080919,0.7095238095238096,0.8008484108484109,1.5809523809523809,-0.38804200542005357,0.5879120879120879
