,PageRank,Centrality,Betweenness,Radiality,Clustering Coefficient,Local Efficiency,Node Degrees
PIDC,0.10187671628358358,0.11562622298577921,-0.3237924865831842,-0.051470675197878395,-0.28674493172306503,-0.3123877917414721,0.11562622298577921
GRNBOOST2,0.11260058115553975,0.08931860036832413,-0.03488372093023256,0.030442856243246545,-0.15495495495495493,-0.20844572654214327,0.08931860036832413
PPCOR,0.34642857142857136,0.35714824826325087,0.23949964880702107,0.2568459406736954,-0.05310533204301912,-0.3070017953321364,0.35714824826325087
SINCERITIES,-0.18945494607122562,-0.1537085502922602,-0.08050089445438281,-0.04591385649865905,0.03776984526207851,0.0,-0.1537085502922602
