,Clustering Coefficient,Assortativity,In Centralization
GRNBOOST2,0.08651406941040946,0.06147224604853101,-0.07653061224489793
SINCERITIES,-0.15528853344482502,0.0938455572079051,0.3826530612244898
