,Clustering Coefficient,Assortativity,In Centralization
GRNBOOST2,0.4354173214699531,0.03128851901440997,0.20408163265306123
SINCERITIES,0.19361471861471863,0.06366183017378406,0.6632653061224489
ground truth,0.34890325205954364,-0.030183727034121043,0.28061224489795916
