,PageRank,Out Centrality,Betweenness,Clustering Coefficient,Node In Degrees
GRNBOOST2,0.3401970924634106,-0.048104616340486676,-0.007174913862873426,-0.1512151827665629,0.5842706873977747
SINCERITIES,-0.2792506574939425,0.23410227735756683,0.2668764163104972,-0.2293169176626195,-0.20455462648558373
