,Clustering Coefficient,Assortativity,In Centralization
GRNBOOST2,0.24796005454155243,2.036602238651311,-0.27272727272727265
SINCERITIES,-0.44507619957157507,3.109144112714042,1.3636363636363638
