,PageRank,Centrality,Betweenness,Radiality,Clustering Coefficient,Local Efficiency,Node Degrees
PIDC,2.665121668597914,2.665121668597914,0.0,0.0,0.0,0.0,2.665121668597914
GRNBOOST2,0.0,0.0,0.0,0.0,0.0,0.0,0.0
PPCOR,6.106896551724139,6.106896551724139,2.4427586206896557,2.4427586206896557,0.0,0.0,2.4427586206896557
SINCERITIES,0.0,0.0,0.0,0.0,0.0,0.0,0.0
