,Clustering Coefficient,Assortativity,In Centralization
GRNBOOST2,0.31904996866940916,0.10566940168697841,-0.051215277777777776
SINCERITIES,-0.10296340793456396,0.0012332285195528203,0.26041666666666663
