,Clustering Coefficient,Global Efficiency,Local Efficiency,Shortest Path Length,Assortativity,Centralization
PIDC,0.32083694083694086,-0.07694444444444448,0.2691012506012505,0.6333333333333333,0.3930745504266601,-0.13586956521739132
GRNBOOST2,0.22199473728885494,0.10021241830065353,0.23186268850974717,-0.27303921568627443,0.4003317917717304,-0.034782608695652195
PPCOR,0.17734675952067253,-0.015379885814668426,0.20470176924524758,0.23919631093544158,0.7027031249714605,0.00028232636928288146
SINCERITIES,-0.1617864357864358,-0.0213888888888889,-0.2032506012506013,0.13666666666666671,0.19565504325923289,0.0
