,PageRank,Centrality,Betweenness,Radiality,Clustering Coefficient,Local Efficiency,Node Degrees
PIDC,0.37021364644259386,0.31815028294732206,0.1799614777166319,0.180974532082311,0.1486329659624616,-0.10517175619281839,0.31815028294732206
GRNBOOST2,0.03431372549019608,-0.003788313651411347,0.1253075035396913,0.08292563269120612,0.21101549791632293,0.006773404151252396,-0.003788313651411347
PPCOR,0.12944664031620554,0.22376055977952522,0.2809101275241367,0.25987578441806375,-0.14893225123502726,-0.4716385265243769,0.22376055977952522
SINCERITIES,0.14153846153846153,0.1451707565789301,0.10939907550077041,0.10420693978568546,-0.18454701507591473,-0.24918369743249,0.1451707565789301
