,Clustering Coefficient,Assortativity,In Centralization
GRNBOOST2,1.6859829327923592,0.6349660432202595,-0.42142857142857143
SINCERITIES,-0.5440983091262614,0.007410453934114861,2.142857142857143
