,Clustering Coefficient,Assortativity,In Centralization
GRNBOOST2,0.5082867411561817,-0.06074800411801736,0.0703125
SINCERITIES,0.08627336455220855,-0.16518417728544296,0.3819444444444444
ground truth,0.1892367724867725,-0.16641740580499578,0.12152777777777778
