,PageRank,Out Centrality,Betweenness,Clustering Coefficient,Node In Degrees
GRNBOOST2,0.4954016872290313,0.049545845304260976,0.1310049840632684,-0.4972247873714328,0.3023096000959837
SINCERITIES,-0.13569811226552483,0.44692523566084125,-0.09189980154330324,-0.16225301802508432,-0.05075156890837553
