,Clustering Coefficient,Global Efficiency,Local Efficiency,Shortest Path Length,Assortativity,Centralization
PIDC,0.6504761904761905,0.5275,0.7392460317460318,2.5166666666666666,-0.07350821562410191,0.1322463768115942
GRNBOOST2,0.5516339869281046,0.704656862745098,0.7020074696545284,1.6102941176470589,-0.06625097427903168,0.23333333333333334
PPCOR,0.5069860091599222,0.589064558629776,0.6748465503900288,2.122529644268775,0.2361203589206984,0.2683982683982684
SINCERITIES,0.16785281385281386,0.5830555555555555,0.26689417989417996,2.02,-0.27092772279152916,0.26811594202898553
ground truth,0.3296392496392497,0.6044444444444445,0.47014478114478125,1.8833333333333333,-0.46658276605076204,0.26811594202898553
