,Clustering Coefficient,Global Efficiency,Local Efficiency,Shortest Path Length,Assortativity,Centralization
PIDC,0.9732971458588688,-0.1272977941176471,0.5723795336959844,0.33628318584070793,0.8424540703757915,-0.5067567567567568
GRNBOOST2,0.6734475264453531,0.16579260380622826,0.4931729497138563,-0.14497657470067668,0.8580080982420516,-0.1297297297297298
PPCOR,0.5380025579925847,-0.025444664031620556,0.435401555977731,0.12700689076218138,1.506063181285632,0.0010530010530010172
SINCERITIES,-0.49079845911399056,-0.035386029411764726,-0.4323149153239461,0.07256637168141596,0.41933619819542695,0.0
